book,name,team,opponent,game_date,prop_type,line,odds_over,odds_under,mkt_p_over,mkt_p_under,model_p_over,pick_side,pick_edge_bp,pick_prob,pick_odds,bet_flag,kelly_frac,pred_mean,resid_sd_used
draftkings,Bogdan Bogdanovic,LAC,PHX,2025-11-06,3pm,1.5,-155.0,120.0,0.5721476510067114,0.4278523489932886,0.3293252541166039,Under,24.282239689010755,0.6706747458833962,120.0,True,0.02,0.8959720458323901,1.3672685805138958
fanduel,Bogdan Bogdanovic,LAC,PHX,2025-11-06,3pm,1.5,-158.0,118.0,0.571741584224155,0.4282584157758449,0.3293252541166039,Under,24.241633010755127,0.6706747458833962,118.0,True,0.02,0.8959720458323901,1.3672685805138958
caesars,Bogdan Bogdanovic,LAC,PHX,2025-11-06,3pm,1.5,-159.0,115.0,0.5689439960056586,0.43105600399434135,0.3293252541166039,Under,23.96187418890548,0.6706747458833962,115.0,True,0.02,0.8959720458323901,1.3672685805138958
draftkings,Bradley Beal,LAC,PHX,2025-11-06,3pm,1.5,-143.0,111.0,0.5539074403833091,0.4460925596166908,0.3293252541166039,Under,22.458218626670533,0.6706747458833962,111.0,True,0.02,0.8959720458323901,1.3672685805138958
fanduel,Bradley Beal,LAC,PHX,2025-11-06,3pm,1.5,-152.0,114.0,0.563470066518847,0.43652993348115304,0.3293252541166039,Under,23.414481240224312,0.6706747458833962,114.0,True,0.02,0.8959720458323901,1.3672685805138958
caesars,Bradley Beal,LAC,PHX,2025-11-06,3pm,1.5,-143.0,105.0,0.5467686281824116,0.4532313718175883,0.3293252541166039,Under,21.744337406580783,0.6706747458833962,105.0,True,0.02,0.8959720458323901,1.3672685805138958
hardrock,Bradley Beal,LAC,PHX,2025-11-06,3pm,1.5,-130.0,-110.0,0.5190114068441064,0.4809885931558936,0.3293252541166039,Under,18.968615272750256,0.6706747458833962,-110.0,True,0.02,0.8959720458323901,1.3672685805138958
draftkings,Brook Lopez,LAC,PHX,2025-11-06,3pm,1.5,120.0,-156.0,0.42723631508678234,0.5727636849132176,0.3293252541166039,Under,9.791106097017854,0.6706747458833962,-156.0,True,0.02,0.8959720458323901,1.3672685805138958
fanduel,Brook Lopez,LAC,PHX,2025-11-06,3pm,1.5,124.0,-166.0,0.4170324846356453,0.5829675153643546,0.3293252541166039,Under,8.77072305190415,0.6706747458833962,-166.0,True,0.02,0.8959720458323901,1.3672685805138958
caesars,Brook Lopez,LAC,PHX,2025-11-06,3pm,1.5,120.0,-162.0,0.42367399741267786,0.5763260025873221,0.3293252541166039,Under,9.434874329607402,0.6706747458833962,-162.0,True,0.02,0.8959720458323901,1.3672685805138958
hardrock,Brook Lopez,LAC,PHX,2025-11-06,3pm,1.5,105.0,-150.0,0.44843049327354256,0.5515695067264573,0.3293252541166039,Under,11.910523915693883,0.6706747458833962,-150.0,True,0.02,0.8959720458323901,1.3672685805138958
draftkings,Chris Paul,LAC,PHX,2025-11-06,3pm,1.5,111.0,-144.0,0.4453855140186916,0.5546144859813084,0.3293252541166039,Under,11.60602599020878,0.6706747458833962,-144.0,True,0.02,0.8959720458323901,1.3672685805138958
fanduel,Chris Paul,LAC,PHX,2025-11-06,3pm,1.5,116.0,-154.0,0.4329742261011864,0.5670257738988136,0.3293252541166039,Under,10.364897198458255,0.6706747458833962,-154.0,True,0.02,0.8959720458323901,1.3672685805138958
caesars,Chris Paul,LAC,PHX,2025-11-06,3pm,1.5,110.0,-152.0,0.4411764705882353,0.5588235294117647,0.3293252541166039,Under,11.185121647163143,0.6706747458833962,-152.0,True,0.02,0.8959720458323901,1.3672685805138958
draftkings,Collin Gillespie,PHX,LAC,2025-11-06,3pm,2.5,136.0,-178.0,0.3982351592940637,0.6017648407059363,0.18482046478087577,Under,21.341469451318794,0.8151795352191242,-178.0,True,0.02,1.273360241788228,1.3672685805138958
fanduel,Collin Gillespie,PHX,LAC,2025-11-06,3pm,2.5,154.0,-210.0,0.3675598766895898,0.6324401233104102,0.18482046478087577,Under,18.2739411908714,0.8151795352191242,-210.0,True,0.02,1.273360241788228,1.3672685805138958
caesars,Collin Gillespie,PHX,LAC,2025-11-06,3pm,2.5,135.0,-190.0,0.3937542430414121,0.606245756958588,0.18482046478087577,Under,20.893377826053626,0.8151795352191242,-190.0,True,0.02,1.273360241788228,1.3672685805138958
hardrock,Collin Gillespie,PHX,LAC,2025-11-06,3pm,2.5,130.0,-185.0,0.40112596762843067,0.5988740323715693,0.18482046478087577,Under,21.63055028475549,0.8151795352191242,-185.0,True,0.02,1.273360241788228,1.3672685805138958
draftkings,Derrick Jones,LAC,PHX,2025-11-06,3pm,1.5,-195.0,149.0,0.6220613669848183,0.37793863301518155,0.3293252541166039,Under,29.27361128682146,0.6706747458833962,149.0,True,0.02,0.8959720458323901,1.3672685805138958
fanduel,Derrick Jones,LAC,PHX,2025-11-06,3pm,1.5,-205.0,152.0,0.6287731256085686,0.3712268743914313,0.3293252541166039,Under,29.944787149196483,0.6706747458833962,152.0,True,0.02,0.8959720458323901,1.3672685805138958
caesars,Derrick Jones,LAC,PHX,2025-11-06,3pm,1.5,-197.0,140.0,0.6141855027279812,0.3858144972720187,0.3293252541166039,Under,28.486024861137743,0.6706747458833962,140.0,True,0.02,0.8959720458323901,1.3672685805138958
hardrock,Derrick Jones,LAC,PHX,2025-11-06,3pm,1.5,-180.0,125.0,0.5912408759124087,0.4087591240875912,0.3293252541166039,Under,26.191562179580497,0.6706747458833962,125.0,True,0.02,0.8959720458323901,1.3672685805138958
draftkings,Devin Booker,PHX,LAC,2025-11-06,3pm,2.5,126.0,-164.0,0.41598386486827177,0.5840161351317281,0.18482046478087577,Under,23.116340008739613,0.8151795352191242,-164.0,True,0.02,1.273360241788228,1.3672685805138958
fanduel,Devin Booker,PHX,LAC,2025-11-06,3pm,2.5,130.0,-174.0,0.4064075941857016,0.5935924058142985,0.18482046478087577,Under,22.158712940482573,0.8151795352191242,-174.0,True,0.02,1.273360241788228,1.3672685805138958
caesars,Devin Booker,PHX,LAC,2025-11-06,3pm,2.5,125.0,-170.0,0.41379310344827586,0.5862068965517242,0.18482046478087577,Under,22.897263866740005,0.8151795352191242,-170.0,True,0.02,1.273360241788228,1.3672685805138958
hardrock,Devin Booker,PHX,LAC,2025-11-06,3pm,2.5,130.0,-190.0,0.3988995873452545,0.6011004126547456,0.18482046478087577,Under,21.407912256437868,0.8151795352191242,-190.0,True,0.02,1.273360241788228,1.3672685805138958
draftkings,Grayson Allen,PHX,LAC,2025-11-06,3pm,3.5,122.0,-158.0,0.4238123398383599,0.57618766016164,0.051706132838387264,Under,37.21062069999728,0.9482938671616128,-158.0,True,0.02,1.273360241788228,1.3672685805138958
caesars,Grayson Allen,PHX,LAC,2025-11-06,3pm,3.5,120.0,-164.0,0.4225352112676056,0.5774647887323944,0.051706132838387264,Under,37.08290784292184,0.9482938671616128,-164.0,True,0.02,1.273360241788228,1.3672685805138958
hardrock,Grayson Allen,PHX,LAC,2025-11-06,3pm,3.5,115.0,-165.0,0.42759177087535294,0.572408229124647,0.051706132838387264,Under,37.58856380369659,0.9482938671616128,-165.0,True,0.02,1.273360241788228,1.3672685805138958
draftkings,Jalen Green,PHX,LAC,2025-11-06,3pm,1.5,-139.0,107.0,0.5462570956657111,0.45374290433428893,0.43417253356206365,Under,11.208456210364742,0.5658274664379364,107.0,True,0.02,1.273360241788228,1.3672685805138958
fanduel,Jalen Green,PHX,LAC,2025-11-06,3pm,1.5,-138.0,104.0,0.5418848167539267,0.4581151832460733,0.43417253356206365,Under,10.771228319186305,0.5658274664379364,104.0,True,0.02,1.273360241788228,1.3672685805138958
caesars,Jalen Green,PHX,LAC,2025-11-06,3pm,1.5,-137.0,100.0,0.5362035225048923,0.4637964774951076,0.43417253356206365,Under,10.203098894282874,0.5658274664379364,100.0,True,0.02,1.273360241788228,1.3672685805138958
hardrock,Jalen Green,PHX,LAC,2025-11-06,3pm,1.5,-130.0,-110.0,0.5190114068441064,0.4809885931558936,0.43417253356206365,Under,8.483887328204275,0.5658274664379364,-110.0,True,0.02,1.273360241788228,1.3672685805138958
draftkings,John Collins,LAC,PHX,2025-11-06,3pm,1.5,113.0,-147.0,0.44098480655585515,0.559015193444145,0.3293252541166039,Under,11.165955243925119,0.6706747458833962,-147.0,True,0.02,0.8959720458323901,1.3672685805138958
fanduel,John Collins,LAC,PHX,2025-11-06,3pm,1.5,116.0,-154.0,0.4329742261011864,0.5670257738988136,0.3293252541166039,Under,10.364897198458255,0.6706747458833962,-154.0,True,0.02,0.8959720458323901,1.3672685805138958
caesars,John Collins,LAC,PHX,2025-11-06,3pm,1.5,115.0,-157.0,0.43225969220418803,0.567740307795812,0.3293252541166039,Under,10.293443808758418,0.6706747458833962,-157.0,True,0.02,0.8959720458323901,1.3672685805138958
hardrock,John Collins,LAC,PHX,2025-11-06,3pm,1.5,130.0,-185.0,0.40112596762843067,0.5988740323715693,0.3293252541166039,Under,7.180071351182682,0.6706747458833962,-185.0,True,0.02,0.8959720458323901,1.3672685805138958
draftkings,Kris Dunn,LAC,PHX,2025-11-06,3pm,1.5,127.0,-165.0,0.4143538425455398,0.5856461574544601,0.3293252541166039,Under,8.502858842893602,0.6706747458833962,-165.0,True,0.02,0.8959720458323901,1.3672685805138958
fanduel,Kris Dunn,LAC,PHX,2025-11-06,3pm,1.5,124.0,-166.0,0.4170324846356453,0.5829675153643546,0.3293252541166039,Under,8.77072305190415,0.6706747458833962,-166.0,True,0.02,0.8959720458323901,1.3672685805138958
caesars,Kris Dunn,LAC,PHX,2025-11-06,3pm,1.5,120.0,-170.0,0.4192546583850932,0.5807453416149069,0.3293252541166039,Under,8.992940426848929,0.6706747458833962,-170.0,True,0.02,0.8959720458323901,1.3672685805138958
draftkings,Royce O'Neale,PHX,LAC,2025-11-06,3pm,2.5,114.0,-148.0,0.43915568777447234,0.5608443122255278,0.18482046478087577,Under,25.433522299359645,0.8151795352191242,-148.0,True,0.02,1.273360241788228,1.3672685805138958
fanduel,Royce O'Neale,PHX,LAC,2025-11-06,3pm,2.5,122.0,-162.0,0.421465800141561,0.5785341998584389,0.18482046478087577,Under,23.664533536068532,0.8151795352191242,-162.0,True,0.02,1.273360241788228,1.3672685805138958
caesars,Royce O'Neale,PHX,LAC,2025-11-06,3pm,2.5,110.0,-150.0,0.4424778761061947,0.5575221238938053,0.18482046478087577,Under,25.765741132531893,0.8151795352191242,-150.0,True,0.02,1.273360241788228,1.3672685805138958
hardrock,Royce O'Neale,PHX,LAC,2025-11-06,3pm,2.5,-105.0,-130.0,0.4753937007874017,0.5246062992125985,0.18482046478087577,Under,29.057323600652573,0.8151795352191242,-130.0,True,0.02,1.273360241788228,1.3672685805138958
hardrock,Ryan Dunn,PHX,LAC,2025-11-06,3pm,1.5,145.0,-210.0,0.3759854457246817,0.6240145542753184,0.43417253356206365,Over,5.818708783738197,0.43417253356206365,145.0,True,0.02,1.273360241788228,1.3672685805138958
draftkings,Bradley Beal,LAC,PHX,2025-11-06,ast,3.5,115.0,-149.0,0.43734082725915513,0.5626591727408448,0.2248761300732136,Under,21.246469718594163,0.7751238699267864,-149.0,True,0.02,1.766511109772603,2.293496186447802
fanduel,Bradley Beal,LAC,PHX,2025-11-06,ast,3.5,104.0,-138.0,0.4581151832460733,0.5418848167539267,0.2248761300732136,Under,23.323905317285963,0.7751238699267864,-138.0,True,0.02,1.766511109772603,2.293496186447802
caesars,Bradley Beal,LAC,PHX,2025-11-06,ast,3.5,100.0,-139.0,0.4622823984526112,0.5377176015473888,0.2248761300732136,Under,23.74062683793976,0.7751238699267864,-139.0,True,0.02,1.766511109772603,2.293496186447802
hardrock,Bradley Beal,LAC,PHX,2025-11-06,ast,3.5,-110.0,-130.0,0.4809885931558936,0.5190114068441064,0.2248761300732136,Under,25.611246308267997,0.7751238699267864,-130.0,True,0.02,1.766511109772603,2.293496186447802
draftkings,Chris Paul,LAC,PHX,2025-11-06,ast,6.5,101.0,-131.0,0.46731807974752687,0.5326819202524732,0.019514796231170417,Under,44.780328351635646,0.9804852037688296,-131.0,True,0.02,1.766511109772603,2.293496186447802
fanduel,Chris Paul,LAC,PHX,2025-11-06,ast,6.5,106.0,-140.0,0.45420136260408783,0.5457986373959123,0.019514796231170417,Under,43.46865663729174,0.9804852037688296,-140.0,True,0.02,1.766511109772603,2.293496186447802
caesars,Chris Paul,LAC,PHX,2025-11-06,ast,6.5,100.0,-137.0,0.4637964774951076,0.5362035225048923,0.019514796231170417,Under,44.42816812639373,0.9804852037688296,-137.0,True,0.02,1.766511109772603,2.293496186447802
draftkings,Collin Gillespie,PHX,LAC,2025-11-06,ast,4.5,124.0,-161.0,0.41985715204941765,0.5801428479505822,0.14522879583235487,Under,27.462835621706294,0.8547712041676452,-161.0,True,0.02,2.075503166832239,2.293496186447802
fanduel,Collin Gillespie,PHX,LAC,2025-11-06,ast,4.5,134.0,-180.0,0.3993154592127781,0.600684540787222,0.14522879583235487,Under,25.40866633804232,0.8547712041676452,-180.0,True,0.02,2.075503166832239,2.293496186447802
hardrock,Collin Gillespie,PHX,LAC,2025-11-06,ast,3.5,-135.0,-105.0,0.5286532951289399,0.4713467048710602,0.2672660035922869,Under,26.13872915366529,0.7327339964077131,-105.0,True,0.02,2.075503166832239,2.293496186447802
draftkings,Devin Booker,PHX,LAC,2025-11-06,ast,7.5,-133.0,103.0,0.5367701147140101,0.46322988528598974,0.009011020607075648,Under,52.77590941069346,0.9909889793929243,103.0,True,0.02,2.075503166832239,2.293496186447802
fanduel,Devin Booker,PHX,LAC,2025-11-06,ast,7.5,-125.0,-106.0,0.5191532258064516,0.4808467741935484,0.009011020607075648,Under,51.014220519937595,0.9909889793929243,-106.0,True,0.02,2.075503166832239,2.293496186447802
caesars,Devin Booker,PHX,LAC,2025-11-06,ast,7.5,-129.0,-105.0,0.523767082590612,0.47623291740938806,0.009011020607075648,Under,51.47560619835363,0.9909889793929243,-105.0,True,0.02,2.075503166832239,2.293496186447802
hardrock,Devin Booker,PHX,LAC,2025-11-06,ast,7.5,-115.0,-125.0,0.490521327014218,0.5094786729857821,0.009011020607075648,Under,48.15103064071422,0.9909889793929243,-125.0,True,0.02,2.075503166832239,2.293496186447802
draftkings,Grayson Allen,PHX,LAC,2025-11-06,ast,3.5,-155.0,119.0,0.5710320464294727,0.4289679535705274,0.2672660035922869,Under,30.376604283718567,0.7327339964077131,119.0,True,0.02,2.075503166832239,2.293496186447802
fanduel,Grayson Allen,PHX,LAC,2025-11-06,ast,3.5,-152.0,114.0,0.563470066518847,0.43652993348115304,0.2672660035922869,Under,29.620406292656003,0.7327339964077131,114.0,True,0.02,2.075503166832239,2.293496186447802
caesars,Grayson Allen,PHX,LAC,2025-11-06,ast,3.5,-150.0,110.0,0.5575221238938053,0.4424778761061947,0.2672660035922869,Under,29.025612030151837,0.7327339964077131,110.0,True,0.02,2.075503166832239,2.293496186447802
hardrock,Grayson Allen,PHX,LAC,2025-11-06,ast,3.5,-155.0,110.0,0.5607235142118863,0.4392764857881137,0.2672660035922869,Under,29.34575106195994,0.7327339964077131,110.0,True,0.02,2.075503166832239,2.293496186447802
draftkings,Ivica Zubac,LAC,PHX,2025-11-06,ast,2.5,-116.0,-112.0,0.5040997048212529,0.4959002951787471,0.3745552123121255,Under,12.954449250912736,0.6254447876878745,-112.0,True,0.02,1.766511109772603,2.293496186447802
fanduel,Ivica Zubac,LAC,PHX,2025-11-06,ast,2.5,-122.0,-108.0,0.5141838223374939,0.48581617766250607,0.3745552123121255,Under,13.962861002536842,0.6254447876878745,-108.0,True,0.02,1.766511109772603,2.293496186447802
caesars,Ivica Zubac,LAC,PHX,2025-11-06,ast,2.5,-125.0,-108.0,0.5168986083499005,0.48310139165009935,0.3745552123121255,Under,14.234339603777514,0.6254447876878745,-108.0,True,0.02,1.766511109772603,2.293496186447802
hardrock,Ivica Zubac,LAC,PHX,2025-11-06,ast,2.5,-135.0,-105.0,0.5286532951289399,0.4713467048710602,0.3745552123121255,Under,15.40980828168143,0.6254447876878745,-105.0,True,0.02,1.766511109772603,2.293496186447802
draftkings,Jalen Green,PHX,LAC,2025-11-06,ast,2.5,-133.0,103.0,0.5367701147140101,0.46322988528598974,0.4265803127039989,Under,11.018980201001138,0.5734196872960011,103.0,True,0.02,2.075503166832239,2.293496186447802
fanduel,Jalen Green,PHX,LAC,2025-11-06,ast,2.5,-122.0,-108.0,0.5141838223374939,0.48581617766250607,0.4265803127039989,Under,8.760350963349506,0.5734196872960011,-108.0,True,0.02,2.075503166832239,2.293496186447802
caesars,Jalen Green,PHX,LAC,2025-11-06,ast,2.5,-129.0,-105.0,0.523767082590612,0.47623291740938806,0.4265803127039989,Under,9.718676988661306,0.5734196872960011,-105.0,True,0.02,2.075503166832239,2.293496186447802
hardrock,Jalen Green,PHX,LAC,2025-11-06,ast,2.5,-145.0,105.0,0.5481788842784694,0.45182111572153066,0.4265803127039989,Under,12.159857157447046,0.5734196872960011,105.0,True,0.02,2.075503166832239,2.293496186447802
draftkings,Royce O'Neale,PHX,LAC,2025-11-06,ast,2.5,-139.0,107.0,0.5462570956657111,0.45374290433428893,0.4265803127039989,Under,11.967678296171218,0.5734196872960011,107.0,True,0.02,2.075503166832239,2.293496186447802
fanduel,Royce O'Neale,PHX,LAC,2025-11-06,ast,2.5,-136.0,102.0,0.5379072681704261,0.46209273182957394,0.4265803127039989,Under,11.132695546642719,0.5734196872960011,102.0,True,0.02,2.075503166832239,2.293496186447802
caesars,Royce O'Neale,PHX,LAC,2025-11-06,ast,2.5,-137.0,100.0,0.5362035225048923,0.4637964774951076,0.4265803127039989,Under,10.962320980089352,0.5734196872960011,100.0,True,0.02,2.075503166832239,2.293496186447802
hardrock,Royce O'Neale,PHX,LAC,2025-11-06,ast,2.5,-135.0,-105.0,0.5286532951289399,0.4713467048710602,0.4265803127039989,Under,10.207298242494096,0.5734196872960011,-105.0,True,0.02,2.075503166832239,2.293496186447802
hardrock,Bradley Beal,LAC,PHX,2025-11-06,pra,19.5,-115.0,-115.0,0.5,0.5,0.3093550235402276,Under,19.06449764597724,0.6906449764597724,-115.0,True,0.02,13.546462503410082,11.962596378109543
draftkings,Devin Booker,PHX,LAC,2025-11-06,pra,39.5,-121.0,-107.0,0.5143754877397627,0.4856245122602374,0.018389418752424558,Under,49.59860689873381,0.9816105812475755,-107.0,True,0.02,14.519578902651682,11.962596378109543
fanduel,Devin Booker,PHX,LAC,2025-11-06,pra,39.5,-120.0,-110.0,0.5101214574898786,0.48987854251012153,0.018389418752424558,Under,49.17320387374539,0.9816105812475755,-110.0,True,0.02,14.519578902651682,11.962596378109543
caesars,Devin Booker,PHX,LAC,2025-11-06,pra,39.5,-117.0,-115.0,0.5019956096587508,0.49800439034124927,0.018389418752424558,Under,48.360619090632625,0.9816105812475755,-115.0,True,0.02,14.519578902651682,11.962596378109543
hardrock,Devin Booker,PHX,LAC,2025-11-06,pra,39.5,-115.0,-115.0,0.5,0.5,0.018389418752424558,Under,48.16105812475755,0.9816105812475755,-115.0,True,0.02,14.519578902651682,11.962596378109543
draftkings,Grayson Allen,PHX,LAC,2025-11-06,pra,22.5,-110.0,-118.0,0.49179655455291227,0.5082034454470877,0.2523495102288248,Under,23.94470443240875,0.7476504897711752,-118.0,True,0.02,14.519578902651682,11.962596378109543
fanduel,Grayson Allen,PHX,LAC,2025-11-06,pra,22.5,-114.0,-114.0,0.5,0.5,0.2523495102288248,Under,24.76504897711752,0.7476504897711752,-114.0,True,0.02,14.519578902651682,11.962596378109543
caesars,Grayson Allen,PHX,LAC,2025-11-06,pra,22.5,-121.0,-112.0,0.5089278628680263,0.49107213713197356,0.2523495102288248,Under,25.657835263920166,0.7476504897711752,-112.0,True,0.02,14.519578902651682,11.962596378109543
hardrock,Grayson Allen,PHX,LAC,2025-11-06,pra,23.5,-115.0,-115.0,0.5,0.5,0.22641409561367892,Under,27.358590438632113,0.7735859043863211,-115.0,True,0.02,14.519578902651682,11.962596378109543
draftkings,Ivica Zubac,LAC,PHX,2025-11-06,pra,31.5,-110.0,-118.0,0.49179655455291227,0.5082034454470877,0.06670286153339311,Under,42.509369301951914,0.9332971384666069,-118.0,True,0.02,13.546462503410082,11.962596378109543
fanduel,Ivica Zubac,LAC,PHX,2025-11-06,pra,31.5,-114.0,-114.0,0.5,0.5,0.06670286153339311,Under,43.32971384666069,0.9332971384666069,-114.0,True,0.02,13.546462503410082,11.962596378109543
caesars,Ivica Zubac,LAC,PHX,2025-11-06,pra,31.5,-120.0,-114.0,0.5059101654846335,0.4940898345153664,0.06670286153339311,Under,43.920730395124046,0.9332971384666069,-114.0,True,0.02,13.546462503410082,11.962596378109543
hardrock,Ivica Zubac,LAC,PHX,2025-11-06,pra,31.5,-120.0,-105.0,0.5157232704402516,0.48427672955974843,0.06670286153339311,Under,44.902040890685846,0.9332971384666069,-105.0,True,0.02,13.546462503410082,11.962596378109543
draftkings,Jalen Green,PHX,LAC,2025-11-06,pra,18.5,-119.0,-109.0,0.5102580936358787,0.48974190636412124,0.3696656935415279,Under,14.059240009435086,0.6303343064584721,-109.0,True,0.02,14.519578902651682,11.962596378109543
fanduel,Jalen Green,PHX,LAC,2025-11-06,pra,18.5,-108.0,-122.0,0.48581617766250607,0.5141838223374939,0.3696656935415279,Under,11.615048412097817,0.6303343064584721,-122.0,True,0.02,14.519578902651682,11.962596378109543
caesars,Jalen Green,PHX,LAC,2025-11-06,pra,18.5,-112.0,-121.0,0.49107213713197356,0.5089278628680263,0.3696656935415279,Under,12.140644359044583,0.6303343064584721,-121.0,True,0.02,14.519578902651682,11.962596378109543
hardrock,Jalen Green,PHX,LAC,2025-11-06,pra,18.5,-115.0,-115.0,0.5,0.5,0.3696656935415279,Under,13.033430645847211,0.6303343064584721,-115.0,True,0.02,14.519578902651682,11.962596378109543
hardrock,John Collins,LAC,PHX,2025-11-06,pra,25.5,-125.0,-105.0,0.5203045685279188,0.4796954314720812,0.1588385597970114,Under,36.14660087309073,0.8411614402029886,-105.0,True,0.02,13.546462503410082,11.962596378109543
hardrock,Mark Williams,PHX,LAC,2025-11-06,pra,24.5,-110.0,-115.0,0.4947698744769875,0.5052301255230125,0.20205534158907468,Under,29.27145328879128,0.7979446584109253,-115.0,True,0.02,14.519578902651682,11.962596378109543
draftkings,Royce O'Neale,PHX,LAC,2025-11-06,pra,17.5,-105.0,-123.0,0.48149290561381863,0.5185070943861814,0.4016243101175081,Under,7.9868595496310535,0.5983756898824919,-123.0,True,0.02,14.519578902651682,11.962596378109543
fanduel,Royce O'Neale,PHX,LAC,2025-11-06,pra,17.5,-102.0,-130.0,0.4718423169750604,0.5281576830249397,0.4016243101175081,Under,7.0218006857552195,0.5983756898824919,-130.0,True,0.02,14.519578902651682,11.962596378109543
caesars,Royce O'Neale,PHX,LAC,2025-11-06,pra,17.5,-107.0,-127.0,0.4802285578710111,0.519771442128989,0.4016243101175081,Under,7.860424775350294,0.5983756898824919,-127.0,True,0.02,14.519578902651682,11.962596378109543
draftkings,Ryan Dunn,PHX,LAC,2025-11-06,pra,15.5,-113.0,-115.0,0.49795039967206395,0.502049600327936,0.46734036774882703,Under,3.061003192323697,0.532659632251173,-115.0,True,0.0,14.519578902651682,11.962596378109543
fanduel,Ryan Dunn,PHX,LAC,2025-11-06,pra,15.5,-112.0,-118.0,0.4939310568053083,0.5060689431946916,0.46734036774882703,Under,2.659068905648132,0.532659632251173,-118.0,True,0.0,14.519578902651682,11.962596378109543
caesars,Ryan Dunn,PHX,LAC,2025-11-06,pra,15.5,-115.0,-117.0,0.49800439034124927,0.5019956096587508,0.46734036774882703,Under,3.066402259242218,0.532659632251173,-117.0,True,0.0,14.519578902651682,11.962596378109543
draftkings,Bogdan Bogdanovic,LAC,PHX,2025-11-06,pts,11.5,-109.0,-117.0,0.4916850288945246,0.5083149711054754,0.36829804562109725,Under,12.338698327342733,0.6317019543789028,-117.0,True,0.02,8.541714946542385,8.79488152591424
fanduel,Bogdan Bogdanovic,LAC,PHX,2025-11-06,pts,11.5,-112.0,-118.0,0.4939310568053083,0.5060689431946916,0.36829804562109725,Under,12.56330111842111,0.6317019543789028,-118.0,True,0.02,8.541714946542385,8.79488152591424
caesars,Bogdan Bogdanovic,LAC,PHX,2025-11-06,pts,11.5,-114.0,-118.0,0.496008302730321,0.5039916972696792,0.36829804562109725,Under,12.771025710922357,0.6317019543789028,-118.0,True,0.02,8.541714946542385,8.79488152591424
draftkings,Bradley Beal,LAC,PHX,2025-11-06,pts,14.5,-117.0,-109.0,0.5083149711054754,0.4916850288945246,0.2490532980858864,Under,25.926167301958902,0.7509467019141136,-109.0,True,0.02,8.541714946542385,8.79488152591424
fanduel,Bradley Beal,LAC,PHX,2025-11-06,pts,14.5,-104.0,-128.0,0.47591522157996147,0.5240847784200385,0.2490532980858864,Under,22.68619234940751,0.7509467019141136,-128.0,True,0.02,8.541714946542385,8.79488152591424
caesars,Bradley Beal,LAC,PHX,2025-11-06,pts,14.5,-114.0,-118.0,0.496008302730321,0.5039916972696792,0.2490532980858864,Under,24.69550046444344,0.7509467019141136,-118.0,True,0.02,8.541714946542385,8.79488152591424
hardrock,Bradley Beal,LAC,PHX,2025-11-06,pts,13.5,-130.0,100.0,0.5306122448979592,0.4693877551020409,0.28645554079983226,Under,24.415670409812684,0.7135444592001677,100.0,True,0.02,8.541714946542385,8.79488152591424
draftkings,Brook Lopez,LAC,PHX,2025-11-06,pts,6.5,-126.0,-102.0,0.524740227610094,0.475259772389906,0.5917885026679185,Over,6.704827505782451,0.5917885026679185,-126.0,True,0.02,8.541714946542385,8.79488152591424
fanduel,Brook Lopez,LAC,PHX,2025-11-06,pts,6.5,-110.0,-120.0,0.48987854251012153,0.5101214574898786,0.5917885026679185,Over,10.190996015779696,0.5917885026679185,-110.0,True,0.02,8.541714946542385,8.79488152591424
caesars,Brook Lopez,LAC,PHX,2025-11-06,pts,6.5,-114.0,-118.0,0.496008302730321,0.5039916972696792,0.5917885026679185,Over,9.578019993759751,0.5917885026679185,-114.0,True,0.02,8.541714946542385,8.79488152591424
hardrock,Brook Lopez,LAC,PHX,2025-11-06,pts,7.5,-105.0,-130.0,0.4753937007874017,0.5246062992125985,0.5471426984884566,Over,7.1748997701054975,0.5471426984884566,-105.0,True,0.02,8.541714946542385,8.79488152591424
draftkings,Chris Paul,LAC,PHX,2025-11-06,pts,6.5,-115.0,-111.0,0.5041554124246831,0.4958445875753168,0.5917885026679185,Over,8.76330902432354,0.5917885026679185,-115.0,True,0.02,8.541714946542385,8.79488152591424
fanduel,Chris Paul,LAC,PHX,2025-11-06,pts,6.5,-114.0,-114.0,0.5,0.5,0.5917885026679185,Over,9.17885026679185,0.5917885026679185,-114.0,True,0.02,8.541714946542385,8.79488152591424
caesars,Chris Paul,LAC,PHX,2025-11-06,pts,6.5,-117.0,-115.0,0.5019956096587508,0.49800439034124927,0.5917885026679185,Over,8.97928930091677,0.5917885026679185,-117.0,True,0.02,8.541714946542385,8.79488152591424
draftkings,Collin Gillespie,PHX,LAC,2025-11-06,pts,9.5,-108.0,-117.0,0.4905802562170309,0.5094197437829691,0.47615793778275894,Under,1.4422318434271997,0.5238420622172411,-117.0,False,0.0,8.974076574958177,8.79488152591424
fanduel,Collin Gillespie,PHX,LAC,2025-11-06,pts,9.5,102.0,-136.0,0.46209273182957394,0.5379072681704261,0.47615793778275894,Over,1.4065205953185,0.47615793778275894,102.0,False,0.0,8.974076574958177,8.79488152591424
caesars,Collin Gillespie,PHX,LAC,2025-11-06,pts,9.5,-107.0,-125.0,0.481981981981982,0.5180180180180181,0.47615793778275894,Under,0.5824044199223,0.5238420622172411,-125.0,False,0.0,8.974076574958177,8.79488152591424
hardrock,Collin Gillespie,PHX,LAC,2025-11-06,pts,9.5,-120.0,-110.0,0.5101214574898786,0.48987854251012153,0.47615793778275894,Under,3.3963519707119527,0.5238420622172411,-110.0,True,6.833065620618362e-05,8.974076574958177,8.79488152591424
draftkings,Derrick Jones,LAC,PHX,2025-11-06,pts,11.5,-115.0,-111.0,0.5041554124246831,0.4958445875753168,0.36829804562109725,Under,13.585736680358595,0.6317019543789028,-111.0,True,0.02,8.541714946542385,8.79488152591424
fanduel,Derrick Jones,LAC,PHX,2025-11-06,pts,11.5,-114.0,-118.0,0.496008302730321,0.5039916972696792,0.36829804562109725,Under,12.771025710922357,0.6317019543789028,-118.0,True,0.02,8.541714946542385,8.79488152591424
caesars,Derrick Jones,LAC,PHX,2025-11-06,pts,11.5,-118.0,-114.0,0.5039916972696792,0.496008302730321,0.36829804562109725,Under,13.569365164858176,0.6317019543789028,-114.0,True,0.02,8.541714946542385,8.79488152591424
hardrock,Derrick Jones,LAC,PHX,2025-11-06,pts,11.5,-110.0,-120.0,0.48987854251012153,0.5101214574898786,0.36829804562109725,Under,12.158049688902416,0.6317019543789028,-120.0,True,0.02,8.541714946542385,8.79488152591424
draftkings,Devin Booker,PHX,LAC,2025-11-06,pts,28.5,-110.0,-116.0,0.4937655860349127,0.5062344139650873,0.013204420058475885,Under,48.05611659764368,0.9867955799415241,-116.0,True,0.02,8.974076574958177,8.79488152591424
fanduel,Devin Booker,PHX,LAC,2025-11-06,pts,28.5,-104.0,-128.0,0.47591522157996147,0.5240847784200385,0.013204420058475885,Under,46.271080152148556,0.9867955799415241,-128.0,True,0.02,8.974076574958177,8.79488152591424
caesars,Devin Booker,PHX,LAC,2025-11-06,pts,28.5,-112.0,-121.0,0.49107213713197356,0.5089278628680263,0.013204420058475885,Under,47.786771707349786,0.9867955799415241,-121.0,True,0.02,8.974076574958177,8.79488152591424
hardrock,Devin Booker,PHX,LAC,2025-11-06,pts,28.5,-110.0,-115.0,0.4947698744769875,0.5052301255230125,0.013204420058475885,Under,48.156545441851165,0.9867955799415241,-115.0,True,0.02,8.974076574958177,8.79488152591424
draftkings,Grayson Allen,PHX,LAC,2025-11-06,pts,14.5,-120.0,-106.0,0.5145711906744379,0.48542880932556204,0.2649000160142072,Under,24.967117466023076,0.7350999839857928,-106.0,True,0.02,8.974076574958177,8.79488152591424
fanduel,Grayson Allen,PHX,LAC,2025-11-06,pts,15.5,102.0,-136.0,0.46209273182957394,0.5379072681704261,0.22903948850455225,Under,23.305324332502163,0.7709605114954478,-136.0,True,0.02,8.974076574958177,8.79488152591424
caesars,Grayson Allen,PHX,LAC,2025-11-06,pts,14.5,-130.0,-104.0,0.5257731958762887,0.4742268041237114,0.2649000160142072,Under,26.08731798620814,0.7350999839857928,-104.0,True,0.02,8.974076574958177,8.79488152591424
hardrock,Grayson Allen,PHX,LAC,2025-11-06,pts,15.5,-125.0,-105.0,0.5203045685279188,0.4796954314720812,0.22903948850455225,Under,29.126508002336653,0.7709605114954478,-105.0,True,0.02,8.974076574958177,8.79488152591424
draftkings,Ivica Zubac,LAC,PHX,2025-11-06,pts,16.5,-125.0,-102.0,0.5238589211618258,0.47614107883817425,0.1827653053689492,Under,34.10936157928766,0.8172346946310508,-102.0,True,0.02,8.541714946542385,8.79488152591424
fanduel,Ivica Zubac,LAC,PHX,2025-11-06,pts,17.5,-110.0,-120.0,0.48987854251012153,0.5101214574898786,0.15420134663803997,Under,33.567719587208146,0.84579865336196,-120.0,True,0.02,8.541714946542385,8.79488152591424
caesars,Ivica Zubac,LAC,PHX,2025-11-06,pts,17.5,-112.0,-121.0,0.49107213713197356,0.5089278628680263,0.15420134663803997,Under,33.687079049393375,0.84579865336196,-121.0,True,0.02,8.541714946542385,8.79488152591424
hardrock,Ivica Zubac,LAC,PHX,2025-11-06,pts,17.5,-120.0,-110.0,0.5101214574898786,0.48987854251012153,0.15420134663803997,Under,35.59201108518385,0.84579865336196,-110.0,True,0.02,8.541714946542385,8.79488152591424
draftkings,Jalen Green,PHX,LAC,2025-11-06,pts,12.5,-118.0,-108.0,0.510397604391948,0.4896023956080519,0.3442445551306678,Under,16.615304926128022,0.6557554448693321,-108.0,True,0.02,8.974076574958177,8.79488152591424
fanduel,Jalen Green,PHX,LAC,2025-11-06,pts,12.5,-110.0,-120.0,0.48987854251012153,0.5101214574898786,0.3442445551306678,Under,14.563398737945354,0.6557554448693321,-120.0,True,0.02,8.974076574958177,8.79488152591424
caesars,Jalen Green,PHX,LAC,2025-11-06,pts,12.5,-114.0,-118.0,0.496008302730321,0.5039916972696792,0.3442445551306678,Under,15.176374759965295,0.6557554448693321,-118.0,True,0.02,8.974076574958177,8.79488152591424
hardrock,Jalen Green,PHX,LAC,2025-11-06,pts,12.5,-120.0,-110.0,0.5101214574898786,0.48987854251012153,0.3442445551306678,Under,16.58769023592106,0.6557554448693321,-110.0,True,0.02,8.974076574958177,8.79488152591424
draftkings,John Collins,LAC,PHX,2025-11-06,pts,17.5,-116.0,-110.0,0.5062344139650873,0.4937655860349127,0.15420134663803997,Under,35.20330673270473,0.84579865336196,-110.0,True,0.02,8.541714946542385,8.79488152591424
fanduel,John Collins,LAC,PHX,2025-11-06,pts,17.5,-114.0,-114.0,0.5,0.5,0.15420134663803997,Under,34.579865336196,0.84579865336196,-114.0,True,0.02,8.541714946542385,8.79488152591424
caesars,John Collins,LAC,PHX,2025-11-06,pts,17.5,-120.0,-114.0,0.5059101654846335,0.4940898345153664,0.15420134663803997,Under,35.17088188465936,0.84579865336196,-114.0,True,0.02,8.541714946542385,8.79488152591424
hardrock,John Collins,LAC,PHX,2025-11-06,pts,17.5,-110.0,-120.0,0.48987854251012153,0.5101214574898786,0.15420134663803997,Under,33.567719587208146,0.84579865336196,-120.0,True,0.02,8.541714946542385,8.79488152591424
draftkings,Kris Dunn,LAC,PHX,2025-11-06,pts,8.5,-112.0,-114.0,0.4979225527671597,0.5020774472328402,0.5018922134940822,Over,0.3969660726922508,0.5018922134940822,-112.0,False,0.0,8.541714946542385,8.79488152591424
fanduel,Kris Dunn,LAC,PHX,2025-11-06,pts,8.5,-112.0,-118.0,0.4939310568053083,0.5060689431946916,0.5018922134940822,Over,0.7961156688773896,0.5018922134940822,-112.0,False,0.0,8.541714946542385,8.79488152591424
caesars,Kris Dunn,LAC,PHX,2025-11-06,pts,8.5,-115.0,-117.0,0.49800439034124927,0.5019956096587508,0.5018922134940822,Over,0.38878231528329255,0.5018922134940822,-115.0,False,0.0,8.541714946542385,8.79488152591424
draftkings,Mark Williams,PHX,LAC,2025-11-06,pts,13.5,-111.0,-115.0,0.4958445875753168,0.5041554124246831,0.30341320737579724,Under,19.243138019951967,0.6965867926242028,-115.0,True,0.02,8.974076574958177,8.79488152591424
fanduel,Mark Williams,PHX,LAC,2025-11-06,pts,13.5,-106.0,-125.0,0.4808467741935484,0.5191532258064516,0.30341320737579724,Under,17.74335668177511,0.6965867926242028,-125.0,True,0.02,8.974076574958177,8.79488152591424
caesars,Mark Williams,PHX,LAC,2025-11-06,pts,13.5,-110.0,-122.0,0.48800959232613905,0.511990407673861,0.30341320737579724,Under,18.45963849503418,0.6965867926242028,-122.0,True,0.02,8.974076574958177,8.79488152591424
hardrock,Mark Williams,PHX,LAC,2025-11-06,pts,13.5,-120.0,-110.0,0.5101214574898786,0.48987854251012153,0.30341320737579724,Under,20.670825011408123,0.6965867926242028,-110.0,True,0.02,8.974076574958177,8.79488152591424
draftkings,Royce O'Neale,PHX,LAC,2025-11-06,pts,9.5,-101.0,-126.0,0.47404053829539794,0.5259594617046021,0.47615793778275894,Over,0.21173994873610047,0.47615793778275894,-101.0,False,0.0,8.974076574958177,8.79488152591424
fanduel,Royce O'Neale,PHX,LAC,2025-11-06,pts,9.5,-102.0,-130.0,0.4718423169750604,0.5281576830249397,0.47615793778275894,Over,0.4315620807698539,0.47615793778275894,-102.0,False,0.0,8.974076574958177,8.79488152591424
caesars,Royce O'Neale,PHX,LAC,2025-11-06,pts,9.5,-106.0,-127.0,0.4790936604014018,0.5209063395985983,0.47615793778275894,Under,0.2935722618642722,0.5238420622172411,-127.0,False,0.0,8.974076574958177,8.79488152591424
hardrock,Royce O'Neale,PHX,LAC,2025-11-06,pts,8.5,-140.0,110.0,0.550561797752809,0.449438202247191,0.5214940519704823,Under,2.9067745782326737,0.47850594802951774,110.0,True,0.004420446238170284,8.974076574958177,8.79488152591424
draftkings,Ryan Dunn,PHX,LAC,2025-11-06,pts,8.5,-127.0,100.0,0.528066528066528,0.47193347193347185,0.5214940519704823,Under,0.6572476096045887,0.47850594802951774,100.0,False,0.0,8.974076574958177,8.79488152591424
fanduel,Ryan Dunn,PHX,LAC,2025-11-06,pts,8.5,-130.0,-102.0,0.5281576830249397,0.4718423169750604,0.5214940519704823,Under,0.6663631054457331,0.47850594802951774,-102.0,False,0.0,8.974076574958177,8.79488152591424
caesars,Ryan Dunn,PHX,LAC,2025-11-06,pts,8.5,-134.0,-102.0,0.5314119679597926,0.4685880320402073,0.5214940519704823,Under,0.9917915989310411,0.47850594802951774,-102.0,False,0.0,8.974076574958177,8.79488152591424
hardrock,Ryan Dunn,PHX,LAC,2025-11-06,pts,8.5,-105.0,-125.0,0.4796954314720812,0.5203045685279188,0.5214940519704823,Over,4.179862049840105,0.5214940519704823,-105.0,True,0.019062806539488608,8.974076574958177,8.79488152591424
draftkings,Bradley Beal,LAC,PHX,2025-11-06,ptsast,17.5,-125.0,-103.0,0.5226570545829042,0.4773429454170958,0.23788407924593463,Under,28.477297533696948,0.7621159207540653,-103.0,True,0.02,10.30822605631499,10.084865670764092
fanduel,Bradley Beal,LAC,PHX,2025-11-06,ptsast,17.5,-120.0,-110.0,0.5101214574898786,0.48987854251012153,0.23788407924593463,Under,27.223737824394377,0.7621159207540653,-110.0,True,0.02,10.30822605631499,10.084865670764092
caesars,Bradley Beal,LAC,PHX,2025-11-06,ptsast,17.5,-124.0,-109.0,0.5149010569816419,0.48509894301835804,0.23788407924593463,Under,27.70169777357073,0.7621159207540653,-109.0,True,0.02,10.30822605631499,10.084865670764092
hardrock,Bradley Beal,LAC,PHX,2025-11-06,ptsast,17.5,-120.0,-110.0,0.5101214574898786,0.48987854251012153,0.23788407924593463,Under,27.223737824394377,0.7621159207540653,-110.0,True,0.02,10.30822605631499,10.084865670764092
draftkings,Chris Paul,LAC,PHX,2025-11-06,ptsast,13.5,100.0,-129.0,0.47022587268993843,0.5297741273100617,0.37581474997023584,Under,9.441112271970253,0.6241852500297642,-129.0,True,0.02,10.30822605631499,10.084865670764092
fanduel,Chris Paul,LAC,PHX,2025-11-06,ptsast,13.5,-102.0,-130.0,0.4718423169750604,0.5281576830249397,0.37581474997023584,Under,9.602756700482452,0.6241852500297642,-130.0,True,0.02,10.30822605631499,10.084865670764092
caesars,Chris Paul,LAC,PHX,2025-11-06,ptsast,13.5,-106.0,-127.0,0.4790936604014018,0.5209063395985983,0.37581474997023584,Under,10.327891043116589,0.6241852500297642,-127.0,True,0.02,10.30822605631499,10.084865670764092
draftkings,Collin Gillespie,PHX,LAC,2025-11-06,ptsast,13.5,-118.0,-110.0,0.5082034454470877,0.49179655455291227,0.40401046092034887,Under,10.419298452673885,0.5959895390796511,-110.0,True,0.02,11.04957974179042,10.084865670764092
fanduel,Collin Gillespie,PHX,LAC,2025-11-06,ptsast,13.5,-106.0,-125.0,0.4808467741935484,0.5191532258064516,0.40401046092034887,Under,7.683631327319951,0.5959895390796511,-125.0,True,0.02,11.04957974179042,10.084865670764092
caesars,Collin Gillespie,PHX,LAC,2025-11-06,ptsast,13.5,-113.0,-120.0,0.49305831019436736,0.5069416898056327,0.40401046092034887,Under,8.904784927401844,0.5959895390796511,-120.0,True,0.02,11.04957974179042,10.084865670764092
draftkings,Devin Booker,PHX,LAC,2025-11-06,ptsast,36.5,-110.0,-118.0,0.49179655455291227,0.5082034454470877,0.005807586052100688,Under,48.598896850081154,0.9941924139478993,-118.0,True,0.02,11.04957974179042,10.084865670764092
fanduel,Devin Booker,PHX,LAC,2025-11-06,ptsast,36.5,-106.0,-125.0,0.4808467741935484,0.5191532258064516,0.005807586052100688,Under,47.50391881414476,0.9941924139478993,-125.0,True,0.02,11.04957974179042,10.084865670764092
caesars,Devin Booker,PHX,LAC,2025-11-06,ptsast,36.5,-109.0,-124.0,0.48509894301835804,0.5149010569816419,0.005807586052100688,Under,47.929135696625735,0.9941924139478993,-124.0,True,0.02,11.04957974179042,10.084865670764092
hardrock,Devin Booker,PHX,LAC,2025-11-06,ptsast,35.5,-120.0,-110.0,0.5101214574898786,0.48987854251012153,0.0076654461706159305,Under,50.24560113192626,0.9923345538293841,-110.0,True,0.02,11.04957974179042,10.084865670764092
draftkings,Grayson Allen,PHX,LAC,2025-11-06,ptsast,18.5,-120.0,-108.0,0.5123152709359606,0.4876847290640395,0.23002261170336308,Under,28.22926592325975,0.769977388296637,-108.0,True,0.02,11.04957974179042,10.084865670764092
fanduel,Grayson Allen,PHX,LAC,2025-11-06,ptsast,19.5,-102.0,-130.0,0.4718423169750604,0.5281576830249397,0.2010347652249459,Under,27.08075517501144,0.7989652347750541,-130.0,True,0.02,11.04957974179042,10.084865670764092
caesars,Grayson Allen,PHX,LAC,2025-11-06,ptsast,19.5,-106.0,-129.0,0.4773835745752045,0.5226164254247954,0.2010347652249459,Under,27.634880935025873,0.7989652347750541,-129.0,True,0.02,11.04957974179042,10.084865670764092
hardrock,Grayson Allen,PHX,LAC,2025-11-06,ptsast,19.5,-125.0,-105.0,0.5203045685279188,0.4796954314720812,0.2010347652249459,Under,31.92698033029729,0.7989652347750541,-105.0,True,0.02,11.04957974179042,10.084865670764092
draftkings,Ivica Zubac,LAC,PHX,2025-11-06,ptsast,19.5,-117.0,-110.0,0.5072254335260115,0.49277456647398843,0.18103116682526266,Under,32.619426670074894,0.8189688331747373,-110.0,True,0.02,10.30822605631499,10.084865670764092
fanduel,Ivica Zubac,LAC,PHX,2025-11-06,ptsast,20.5,-104.0,-128.0,0.47591522157996147,0.5240847784200385,0.1561037514582045,Under,31.981147012175704,0.8438962485417956,-128.0,True,0.02,10.30822605631499,10.084865670764092
caesars,Ivica Zubac,LAC,PHX,2025-11-06,ptsast,20.5,-104.0,-130.0,0.4742268041237114,0.5257731958762887,0.1561037514582045,Under,31.812305266550688,0.8438962485417956,-130.0,True,0.02,10.30822605631499,10.084865670764092
hardrock,Ivica Zubac,LAC,PHX,2025-11-06,ptsast,20.5,-110.0,-120.0,0.48987854251012153,0.5101214574898786,0.1561037514582045,Under,33.377479105191696,0.8438962485417956,-120.0,True,0.02,10.30822605631499,10.084865670764092
draftkings,Jalen Green,PHX,LAC,2025-11-06,ptsast,15.5,-114.0,-113.0,0.50103169362826,0.49896830637173983,0.32949902424344335,Under,17.153266938481682,0.6705009757565566,-113.0,True,0.02,11.04957974179042,10.084865670764092
fanduel,Jalen Green,PHX,LAC,2025-11-06,ptsast,15.5,-102.0,-130.0,0.4718423169750604,0.5281576830249397,0.32949902424344335,Under,14.234329273161695,0.6705009757565566,-130.0,True,0.02,11.04957974179042,10.084865670764092
caesars,Jalen Green,PHX,LAC,2025-11-06,ptsast,15.5,-112.0,-121.0,0.49107213713197356,0.5089278628680263,0.32949902424344335,Under,16.157311288853037,0.6705009757565566,-121.0,True,0.02,11.04957974179042,10.084865670764092
hardrock,Jalen Green,PHX,LAC,2025-11-06,ptsast,15.5,-115.0,-115.0,0.5,0.5,0.32949902424344335,Under,17.050097575655666,0.6705009757565566,-115.0,True,0.02,11.049579741790419,10.084865670764092
hardrock,John Collins,LAC,PHX,2025-11-06,ptsast,18.5,-130.0,-105.0,0.5246062992125985,0.4753937007874017,0.20831437544197912,Under,31.629192377061916,0.7916856245580208,-105.0,True,0.02,10.30822605631499,10.084865670764092
hardrock,Mark Williams,PHX,LAC,2025-11-06,ptsast,15.5,-105.0,-125.0,0.4796954314720812,0.5203045685279188,0.32949902424344335,Under,15.01964072286378,0.6705009757565566,-125.0,True,0.02,11.049579741790419,10.084865670764092
draftkings,Royce O'Neale,PHX,LAC,2025-11-06,ptsast,12.5,-103.0,-126.0,0.4764614376944491,0.5235385623055511,0.4428207221995586,Under,3.364071549489034,0.5571792778004414,-126.0,True,0.0,11.04957974179042,10.084865670764092
fanduel,Royce O'Neale,PHX,LAC,2025-11-06,ptsast,12.5,100.0,-132.0,0.4677419354838709,0.532258064516129,0.4428207221995586,Under,2.4921213284312405,0.5571792778004414,-132.0,True,0.0,11.04957974179042,10.084865670764092
caesars,Royce O'Neale,PHX,LAC,2025-11-06,ptsast,12.5,-106.0,-129.0,0.4773835745752045,0.5226164254247954,0.4428207221995586,Under,3.4562852375646047,0.5571792778004414,-129.0,True,0.0,11.04957974179042,10.084865670764092
draftkings,Ryan Dunn,PHX,LAC,2025-11-06,ptsast,10.5,-109.0,-119.0,0.48974190636412124,0.5102580936358787,0.5217298009409306,Over,3.1987894576809337,0.5217298009409306,-109.0,True,0.00041528396654492983,11.04957974179042,10.084865670764092
fanduel,Ryan Dunn,PHX,LAC,2025-11-06,ptsast,10.5,-112.0,-118.0,0.4939310568053083,0.5060689431946916,0.5217298009409306,Over,2.7798744135622275,0.5217298009409306,-112.0,True,0.0,11.04957974179042,10.084865670764092
caesars,Ryan Dunn,PHX,LAC,2025-11-06,ptsast,10.5,-115.0,-117.0,0.49800439034124927,0.5019956096587508,0.5217298009409306,Over,2.372541059968131,0.5217298009409306,-115.0,True,0.0,11.04957974179042,10.084865670764092
hardrock,Bradley Beal,LAC,PHX,2025-11-06,ptsreb,15.5,-130.0,-110.0,0.5190114068441064,0.4809885931558936,0.363759494435265,Under,15.52519124088414,0.636240505564735,-110.0,True,0.02,11.779951393637479,10.676672405341929
draftkings,Brook Lopez,LAC,PHX,2025-11-06,ptsreb,9.5,-132.0,102.0,0.5347344777795604,0.46526552222043954,0.5845491038105182,Over,4.9814626030957765,0.5845491038105182,-132.0,True,0.02,11.779951393637479,10.676672405341929
fanduel,Brook Lopez,LAC,PHX,2025-11-06,ptsreb,9.5,-118.0,-112.0,0.5060689431946916,0.4939310568053083,0.5845491038105182,Over,7.848016061582652,0.5845491038105182,-118.0,True,0.02,11.779951393637479,10.676672405341929
caesars,Brook Lopez,LAC,PHX,2025-11-06,ptsreb,9.5,-122.0,-110.0,0.511990407673861,0.48800959232613905,0.5845491038105182,Over,7.2558696136657215,0.5845491038105182,-122.0,True,0.02,11.779951393637479,10.676672405341929
hardrock,Collin Gillespie,PHX,LAC,2025-11-06,ptsreb,12.5,-135.0,-105.0,0.5286532951289399,0.4713467048710602,0.4979103553415536,Under,3.0742939787386234,0.5020896446584464,-105.0,True,0.0,12.444075735819423,10.676672405341929
draftkings,Derrick Jones,LAC,PHX,2025-11-06,ptsreb,15.5,-111.0,-116.0,0.4948402542722694,0.5051597457277305,0.363759494435265,Under,13.108075983700452,0.636240505564735,-116.0,True,0.02,11.779951393637479,10.676672405341929
fanduel,Derrick Jones,LAC,PHX,2025-11-06,ptsreb,15.5,-106.0,-122.0,0.483560743054414,0.5164392569455861,0.363759494435265,Under,11.980124861914888,0.636240505564735,-122.0,True,0.02,11.779951393637479,10.676672405341929
caesars,Derrick Jones,LAC,PHX,2025-11-06,ptsreb,15.5,-112.0,-121.0,0.49107213713197356,0.5089278628680263,0.363759494435265,Under,12.731264269670872,0.636240505564735,-121.0,True,0.02,11.779951393637479,10.676672405341929
hardrock,Derrick Jones,LAC,PHX,2025-11-06,ptsreb,15.5,-105.0,-135.0,0.4713467048710602,0.5286532951289399,0.363759494435265,Under,10.758721043579511,0.636240505564735,-135.0,True,0.02,11.779951393637479,10.676672405341929
draftkings,Devin Booker,PHX,LAC,2025-11-06,ptsreb,31.5,-121.0,-107.0,0.5143754877397627,0.4856245122602374,0.037145366832317006,Under,47.72301209074457,0.962854633167683,-107.0,True,0.02,12.444075735819423,10.676672405341929
fanduel,Devin Booker,PHX,LAC,2025-11-06,ptsreb,31.5,-118.0,-112.0,0.5060689431946916,0.4939310568053083,0.037145366832317006,Under,46.89235763623748,0.962854633167683,-112.0,True,0.02,12.444075735819423,10.676672405341929
caesars,Devin Booker,PHX,LAC,2025-11-06,ptsreb,31.5,-121.0,-112.0,0.5089278628680263,0.49107213713197356,0.037145366832317006,Under,47.17824960357095,0.962854633167683,-112.0,True,0.02,12.444075735819423,10.676672405341929
hardrock,Devin Booker,PHX,LAC,2025-11-06,ptsreb,32.5,-110.0,-130.0,0.4809885931558936,0.5190114068441064,0.030157709690199375,Under,45.083088346569426,0.9698422903098006,-130.0,True,0.02,12.444075735819423,10.676672405341929
draftkings,Grayson Allen,PHX,LAC,2025-11-06,ptsreb,18.5,-110.0,-117.0,0.49277456647398843,0.5072254335260115,0.2852854739553708,Under,20.74890925186178,0.7147145260446293,-117.0,True,0.02,12.444075735819423,10.676672405341929
fanduel,Grayson Allen,PHX,LAC,2025-11-06,ptsreb,18.5,-112.0,-118.0,0.4939310568053083,0.5060689431946916,0.2852854739553708,Under,20.864558284993763,0.7147145260446293,-118.0,True,0.02,12.444075735819423,10.676672405341929
caesars,Grayson Allen,PHX,LAC,2025-11-06,ptsreb,18.5,-114.0,-118.0,0.496008302730321,0.5039916972696792,0.2852854739553708,Under,21.072282877495006,0.7147145260446293,-118.0,True,0.02,12.444075735819423,10.676672405341929
hardrock,Grayson Allen,PHX,LAC,2025-11-06,ptsreb,19.5,-120.0,-120.0,0.5,0.5,0.25434688904859604,Under,24.565311095140395,0.745653110951404,-120.0,True,0.02,12.444075735819423,10.676672405341929
draftkings,Ivica Zubac,LAC,PHX,2025-11-06,ptsreb,28.5,-115.0,-113.0,0.502049600327936,0.49795039967206395,0.05867014670924903,Under,44.337945361868705,0.941329853290751,-113.0,True,0.02,11.779951393637479,10.676672405341929
fanduel,Ivica Zubac,LAC,PHX,2025-11-06,ptsreb,28.5,-118.0,-112.0,0.5060689431946916,0.4939310568053083,0.05867014670924903,Under,44.739879648544274,0.941329853290751,-112.0,True,0.02,11.779951393637479,10.676672405341929
caesars,Ivica Zubac,LAC,PHX,2025-11-06,ptsreb,28.5,-120.0,-114.0,0.5059101654846335,0.4940898345153664,0.05867014670924903,Under,44.72400187753846,0.941329853290751,-114.0,True,0.02,11.779951393637479,10.676672405341929
hardrock,Ivica Zubac,LAC,PHX,2025-11-06,ptsreb,28.5,-130.0,-110.0,0.5190114068441064,0.4809885931558936,0.05867014670924903,Under,46.034126013485746,0.941329853290751,-110.0,True,0.02,11.779951393637479,10.676672405341929
draftkings,Jalen Green,PHX,LAC,2025-11-06,ptsreb,15.5,-121.0,-107.0,0.5143754877397627,0.4856245122602374,0.3873531243454723,Under,12.70223633942903,0.6126468756545277,-107.0,True,0.02,12.444075735819423,10.676672405341929
fanduel,Jalen Green,PHX,LAC,2025-11-06,ptsreb,15.5,-114.0,-114.0,0.5,0.5,0.3873531243454723,Under,11.26468756545277,0.6126468756545277,-114.0,True,0.02,12.444075735819423,10.676672405341929
caesars,Jalen Green,PHX,LAC,2025-11-06,ptsreb,15.5,-118.0,-114.0,0.5039916972696792,0.496008302730321,0.3873531243454723,Under,11.663857292420671,0.6126468756545277,-114.0,True,0.02,12.444075735819423,10.676672405341929
hardrock,Jalen Green,PHX,LAC,2025-11-06,ptsreb,15.5,-120.0,-115.0,0.5048923679060665,0.4951076320939334,0.3873531243454723,Under,11.75392435605943,0.6126468756545277,-115.0,True,0.02,12.444075735819423,10.676672405341929
draftkings,John Collins,LAC,PHX,2025-11-06,ptsreb,24.5,-114.0,-114.0,0.5,0.5,0.11675084884951048,Under,38.32491511504895,0.8832491511504895,-114.0,True,0.02,11.779951393637479,10.676672405341929
fanduel,John Collins,LAC,PHX,2025-11-06,ptsreb,24.5,-112.0,-118.0,0.4939310568053083,0.5060689431946916,0.11675084884951048,Under,37.71802079557979,0.8832491511504895,-118.0,True,0.02,11.779951393637479,10.676672405341929
caesars,John Collins,LAC,PHX,2025-11-06,ptsreb,24.5,-114.0,-118.0,0.496008302730321,0.5039916972696792,0.11675084884951048,Under,37.92574538808103,0.8832491511504895,-118.0,True,0.02,11.779951393637479,10.676672405341929
hardrock,John Collins,LAC,PHX,2025-11-06,ptsreb,24.5,-110.0,-125.0,0.48529411764705876,0.5147058823529411,0.11675084884951048,Under,36.85432687975484,0.8832491511504895,-125.0,True,0.02,11.779951393637479,10.676672405341929
draftkings,Kris Dunn,LAC,PHX,2025-11-06,ptsreb,12.5,-104.0,-125.0,0.47852760736196315,0.5214723926380368,0.47311519793253987,Under,0.5412409429423337,0.5268848020674601,-125.0,False,0.0,11.779951393637479,10.676672405341929
fanduel,Kris Dunn,LAC,PHX,2025-11-06,ptsreb,12.5,-104.0,-128.0,0.47591522157996147,0.5240847784200385,0.47311519793253987,Under,0.2800023647421601,0.5268848020674601,-128.0,False,0.0,11.779951393637479,10.676672405341929
caesars,Kris Dunn,LAC,PHX,2025-11-06,ptsreb,12.5,-108.0,-125.0,0.48310139165009935,0.5168986083499005,0.47311519793253987,Under,0.9986193717559599,0.5268848020674601,-125.0,False,0.0,11.779951393637479,10.676672405341929
draftkings,Mark Williams,PHX,LAC,2025-11-06,ptsreb,22.5,-126.0,-103.0,0.5235385623055511,0.4764614376944491,0.1731323144381398,Under,35.04062478674111,0.8268676855618602,-103.0,True,0.02,12.444075735819423,10.676672405341929
fanduel,Mark Williams,PHX,LAC,2025-11-06,ptsreb,22.5,-114.0,-114.0,0.5,0.5,0.1731323144381398,Under,32.68676855618602,0.8268676855618602,-114.0,True,0.02,12.444075735819423,10.676672405341929
caesars,Mark Williams,PHX,LAC,2025-11-06,ptsreb,22.5,-122.0,-110.0,0.511990407673861,0.48800959232613905,0.1731323144381398,Under,33.88580932357211,0.8268676855618602,-110.0,True,0.02,12.444075735819423,10.676672405341929
hardrock,Mark Williams,PHX,LAC,2025-11-06,ptsreb,22.5,-130.0,-110.0,0.5190114068441064,0.4809885931558936,0.1731323144381398,Under,34.58790924059666,0.8268676855618602,-110.0,True,0.02,12.444075735819423,10.676672405341929
draftkings,Royce O'Neale,PHX,LAC,2025-11-06,ptsreb,14.5,-108.0,-120.0,0.4876847290640395,0.5123152709359606,0.4236508983814553,Under,6.403383068258406,0.5763491016185447,-120.0,True,0.02,12.444075735819423,10.676672405341929
fanduel,Royce O'Neale,PHX,LAC,2025-11-06,ptsreb,14.5,-108.0,-122.0,0.48581617766250607,0.5141838223374939,0.4236508983814553,Under,6.216527928105076,0.5763491016185447,-122.0,True,0.02,12.444075735819423,10.676672405341929
caesars,Royce O'Neale,PHX,LAC,2025-11-06,ptsreb,14.5,-113.0,-120.0,0.49305831019436736,0.5069416898056327,0.4236508983814553,Under,6.940741181291199,0.5763491016185447,-120.0,True,0.02,12.444075735819423,10.676672405341929
hardrock,Royce O'Neale,PHX,LAC,2025-11-06,ptsreb,13.5,-135.0,-105.0,0.5286532951289399,0.4713467048710602,0.4606087837616729,Under,6.8044511367266916,0.5393912162383271,-105.0,True,0.02,12.444075735819423,10.676672405341929
draftkings,Ryan Dunn,PHX,LAC,2025-11-06,ptsreb,13.5,-128.0,-101.0,0.5276888998277135,0.4723111001722865,0.4606087837616729,Under,6.7080116066040585,0.5393912162383271,-101.0,True,0.02,12.444075735819423,10.676672405341929
fanduel,Ryan Dunn,PHX,LAC,2025-11-06,ptsreb,13.5,-130.0,-102.0,0.5281576830249397,0.4718423169750604,0.4606087837616729,Under,6.754889926326668,0.5393912162383271,-102.0,True,0.02,12.444075735819423,10.676672405341929
caesars,Ryan Dunn,PHX,LAC,2025-11-06,ptsreb,13.5,-127.0,-107.0,0.519771442128989,0.4802285578710111,0.4606087837616729,Under,5.916265836731599,0.5393912162383271,-107.0,True,0.02,12.444075735819423,10.676672405341929
hardrock,Ryan Dunn,PHX,LAC,2025-11-06,ptsreb,13.5,-110.0,-125.0,0.48529411764705876,0.5147058823529411,0.4606087837616729,Under,2.4685333885385963,0.5393912162383271,-125.0,True,0.0,12.444075735819423,10.676672405341929
draftkings,Brook Lopez,LAC,PHX,2025-11-06,reb,2.5,-167.0,128.0,0.5878103001111522,0.4121896998888477,0.5931392464800411,Over,0.532894636888892,0.5931392464800411,-167.0,False,0.0,3.2382364470950917,3.133061878100962
fanduel,Brook Lopez,LAC,PHX,2025-11-06,reb,2.5,-158.0,118.0,0.571741584224155,0.4282584157758449,0.5931392464800411,Over,2.139766225588613,0.5931392464800411,-158.0,True,0.0,3.2382364470950917,3.133061878100962
caesars,Brook Lopez,LAC,PHX,2025-11-06,reb,2.5,-159.0,115.0,0.5689439960056586,0.43105600399434135,0.5931392464800411,Over,2.4195250474382535,0.5931392464800411,-159.0,True,0.0,3.2382364470950917,3.133061878100962
hardrock,Brook Lopez,LAC,PHX,2025-11-06,reb,2.5,-150.0,105.0,0.5515695067264573,0.44843049327354256,0.5931392464800411,Over,4.15697397535838,0.5931392464800411,-150.0,True,0.0,3.2382364470950917,3.133061878100962
hardrock,Collin Gillespie,PHX,LAC,2025-11-06,reb,3.5,125.0,-180.0,0.4087591240875912,0.5912408759124087,0.49617996045241214,Over,8.742083636482095,0.49617996045241214,125.0,True,0.02,3.4699991608612364,3.133061878100962
draftkings,Derrick Jones,LAC,PHX,2025-11-06,reb,3.5,-124.0,-104.0,0.5205795192624301,0.47942048073756993,0.4667075890349658,Under,5.387193022746429,0.5332924109650342,-104.0,True,0.02,3.2382364470950917,3.133061878100962
fanduel,Derrick Jones,LAC,PHX,2025-11-06,reb,3.5,-128.0,-104.0,0.5240847784200385,0.47591522157996147,0.4667075890349658,Under,5.737718938507275,0.5332924109650342,-104.0,True,0.02,3.2382364470950917,3.133061878100962
caesars,Derrick Jones,LAC,PHX,2025-11-06,reb,3.5,-130.0,-104.0,0.5257731958762887,0.4742268041237114,0.4667075890349658,Under,5.906560684132284,0.5332924109650342,-104.0,True,0.02,3.2382364470950917,3.133061878100962
hardrock,Derrick Jones,LAC,PHX,2025-11-06,reb,3.5,-115.0,-125.0,0.490521327014218,0.5094786729857821,0.4667075890349658,Under,2.3813737979252125,0.5332924109650342,-125.0,True,0.0,3.2382364470950917,3.133061878100962
draftkings,Devin Booker,PHX,LAC,2025-11-06,reb,3.5,-106.0,-123.0,0.4826445606011107,0.5173554393988893,0.49617996045241214,Over,1.3535399851301422,0.49617996045241214,-106.0,False,0.0,3.4699991608612364,3.133061878100962
fanduel,Devin Booker,PHX,LAC,2025-11-06,reb,3.5,104.0,-138.0,0.4581151832460733,0.5418848167539267,0.49617996045241214,Over,3.806477720633883,0.49617996045241214,104.0,True,0.011737614733577735,3.4699991608612364,3.133061878100962
caesars,Devin Booker,PHX,LAC,2025-11-06,reb,3.5,-105.0,-130.0,0.4753937007874017,0.5246062992125985,0.49617996045241214,Over,2.0786259665010465,0.49617996045241214,-105.0,True,0.0,3.4699991608612364,3.133061878100962
hardrock,Devin Booker,PHX,LAC,2025-11-06,reb,3.5,-120.0,-120.0,0.5,0.5,0.49617996045241214,Under,0.3820039547587806,0.5038200395475878,-120.0,False,0.0,3.4699991608612364,3.133061878100962
draftkings,Grayson Allen,PHX,LAC,2025-11-06,reb,3.5,107.0,-138.0,0.45449337356299885,0.5455066264370011,0.49617996045241214,Over,4.1686586889413295,0.49617996045241214,107.0,True,0.02,3.4699991608612364,3.133061878100962
fanduel,Grayson Allen,PHX,LAC,2025-11-06,reb,3.5,104.0,-138.0,0.4581151832460733,0.5418848167539267,0.49617996045241214,Over,3.806477720633883,0.49617996045241214,104.0,True,0.011737614733577735,3.4699991608612364,3.133061878100962
caesars,Grayson Allen,PHX,LAC,2025-11-06,reb,3.5,100.0,-141.0,0.4608030592734225,0.5391969407265774,0.49617996045241214,Over,3.5376901178989617,0.49617996045241214,100.0,True,0.0,3.4699991608612364,3.133061878100962
hardrock,Grayson Allen,PHX,LAC,2025-11-06,reb,3.5,-110.0,-130.0,0.4809885931558936,0.5190114068441064,0.49617996045241214,Over,1.5191367296518543,0.49617996045241214,-110.0,False,0.0,3.4699991608612364,3.133061878100962
draftkings,Ivica Zubac,LAC,PHX,2025-11-06,reb,11.5,-103.0,-126.0,0.4764614376944491,0.5235385623055511,0.004182616247072002,Under,47.2278821447377,0.995817383752928,-126.0,True,0.02,3.2382364470950917,3.133061878100962
fanduel,Ivica Zubac,LAC,PHX,2025-11-06,reb,11.5,102.0,-136.0,0.46209273182957394,0.5379072681704261,0.004182616247072002,Under,45.7910115582502,0.995817383752928,-136.0,True,0.02,3.2382364470950917,3.133061878100962
caesars,Ivica Zubac,LAC,PHX,2025-11-06,reb,11.5,100.0,-134.0,0.4661354581673307,0.5338645418326693,0.004182616247072002,Under,46.19528419202587,0.995817383752928,-134.0,True,0.02,3.2382364470950917,3.133061878100962
hardrock,Ivica Zubac,LAC,PHX,2025-11-06,reb,11.5,-105.0,-140.0,0.46753246753246747,0.5324675324675324,0.004182616247072002,Under,46.334985128539564,0.995817383752928,-140.0,True,0.02,3.2382364470950917,3.133061878100962
draftkings,Jalen Green,PHX,LAC,2025-11-06,reb,2.5,-169.0,130.0,0.5909989356849628,0.4090010643150372,0.621567810664975,Over,3.056887498001226,0.621567810664975,-169.0,True,0.0,3.4699991608612364,3.133061878100962
fanduel,Jalen Green,PHX,LAC,2025-11-06,reb,2.5,-182.0,134.0,0.6016273944736397,0.3983726055263604,0.621567810664975,Over,1.9940416191335353,0.621567810664975,-182.0,False,0.0,3.4699991608612364,3.133061878100962
caesars,Jalen Green,PHX,LAC,2025-11-06,reb,2.5,-173.0,125.0,0.5877689694224235,0.41223103057757643,0.621567810664975,Over,3.3798841242551503,0.621567810664975,-173.0,True,0.0,3.4699991608612364,3.133061878100962
hardrock,Jalen Green,PHX,LAC,2025-11-06,reb,2.5,-165.0,115.0,0.572408229124647,0.42759177087535294,0.621567810664975,Over,4.915958154032807,0.621567810664975,-165.0,True,0.0,3.4699991608612364,3.133061878100962
draftkings,John Collins,LAC,PHX,2025-11-06,reb,6.5,-124.0,-105.0,0.5194115243154883,0.48058847568451163,0.14891954425836518,Under,37.04919800571232,0.8510804557416348,-105.0,True,0.02,3.2382364470950917,3.133061878100962
fanduel,John Collins,LAC,PHX,2025-11-06,reb,6.5,-118.0,-112.0,0.5060689431946916,0.4939310568053083,0.14891954425836518,Under,35.71493989363265,0.8510804557416348,-112.0,True,0.02,3.2382364470950917,3.133061878100962
caesars,John Collins,LAC,PHX,2025-11-06,reb,6.5,-125.0,-108.0,0.5168986083499005,0.48310139165009935,0.14891954425836518,Under,36.79790640915355,0.8510804557416348,-108.0,True,0.02,3.2382364470950917,3.133061878100962
hardrock,John Collins,LAC,PHX,2025-11-06,reb,6.5,-125.0,-110.0,0.5147058823529411,0.48529411764705876,0.14891954425836518,Under,36.57863380945761,0.8510804557416348,-110.0,True,0.02,3.2382364470950917,3.133061878100962
draftkings,Kris Dunn,LAC,PHX,2025-11-06,reb,3.5,-110.0,-117.0,0.49277456647398843,0.5072254335260115,0.4667075890349658,Under,2.6066977439022754,0.5332924109650342,-117.0,True,0.0,3.2382364470950917,3.133061878100962
fanduel,Kris Dunn,LAC,PHX,2025-11-06,reb,3.5,-110.0,-120.0,0.48987854251012153,0.5101214574898786,0.4667075890349658,Under,2.317095347515563,0.5332924109650342,-120.0,True,0.0,3.2382364470950917,3.133061878100962
caesars,Kris Dunn,LAC,PHX,2025-11-06,reb,3.5,-110.0,-122.0,0.48800959232613905,0.511990407673861,0.4667075890349658,Under,2.1302003291173266,0.5332924109650342,-122.0,True,0.0,3.2382364470950917,3.133061878100962
draftkings,Mark Williams,PHX,LAC,2025-11-06,reb,9.5,-107.0,-121.0,0.4856245122602374,0.5143754877397627,0.027137512940279218,Under,45.84869993199581,0.9728624870597208,-121.0,True,0.02,3.4699991608612364,3.133061878100962
fanduel,Mark Williams,PHX,LAC,2025-11-06,reb,9.5,106.0,-140.0,0.45420136260408783,0.5457986373959123,0.027137512940279218,Under,42.70638496638085,0.9728624870597208,-140.0,True,0.02,3.4699991608612364,3.133061878100962
caesars,Mark Williams,PHX,LAC,2025-11-06,reb,9.5,100.0,-137.0,0.4637964774951076,0.5362035225048923,0.027137512940279218,Under,43.665896455482844,0.9728624870597208,-137.0,True,0.02,3.4699991608612364,3.133061878100962
hardrock,Mark Williams,PHX,LAC,2025-11-06,reb,8.5,-150.0,105.0,0.5515695067264573,0.44843049327354256,0.05419646900041453,Under,49.73730377260429,0.9458035309995855,105.0,True,0.02,3.4699991608612364,3.133061878100962
hardrock,Oso Ighodaro,PHX,LAC,2025-11-06,reb,3.5,100.0,-145.0,0.45794392523364486,0.5420560747663551,0.49617996045241214,Over,3.8236035218767284,0.49617996045241214,100.0,True,0.0,3.4699991608612364,3.133061878100962
draftkings,Royce O'Neale,PHX,LAC,2025-11-06,reb,4.5,-139.0,107.0,0.5462570956657111,0.45374290433428893,0.3711715153091064,Under,17.508558035660464,0.6288284846908936,107.0,True,0.02,3.4699991608612364,3.133061878100962
fanduel,Royce O'Neale,PHX,LAC,2025-11-06,reb,4.5,-138.0,104.0,0.5418848167539267,0.4581151832460733,0.3711715153091064,Under,17.071330144482026,0.6288284846908936,104.0,True,0.02,3.4699991608612364,3.133061878100962
caesars,Royce O'Neale,PHX,LAC,2025-11-06,reb,4.5,-143.0,105.0,0.5467686281824116,0.4532313718175883,0.3711715153091064,Under,17.559711287330526,0.6288284846908936,105.0,True,0.02,3.4699991608612364,3.133061878100962
hardrock,Royce O'Neale,PHX,LAC,2025-11-06,reb,4.5,-125.0,-115.0,0.5094786729857821,0.490521327014218,0.3711715153091064,Under,13.830715767667556,0.6288284846908936,-115.0,True,0.02,3.4699991608612364,3.133061878100962
draftkings,Ryan Dunn,PHX,LAC,2025-11-06,reb,4.5,-141.0,109.0,0.55011293845321,0.44988706154679015,0.3711715153091064,Under,17.894142314410345,0.6288284846908936,109.0,True,0.02,3.4699991608612364,3.133061878100962
fanduel,Ryan Dunn,PHX,LAC,2025-11-06,reb,4.5,-138.0,104.0,0.5418848167539267,0.4581151832460733,0.3711715153091064,Under,17.071330144482026,0.6288284846908936,104.0,True,0.02,3.4699991608612364,3.133061878100962
caesars,Ryan Dunn,PHX,LAC,2025-11-06,reb,4.5,-141.0,105.0,0.5453259126497499,0.4546740873502499,0.3711715153091064,Under,17.41543973406437,0.6288284846908936,105.0,True,0.02,3.4699991608612364,3.133061878100962
hardrock,Ryan Dunn,PHX,LAC,2025-11-06,reb,4.5,-140.0,100.0,0.5384615384615384,0.46153846153846145,0.3711715153091064,Under,16.729002315243214,0.6288284846908936,100.0,True,0.02,3.4699991608612364,3.133061878100962
