game_date,book,player,team,opponent,market,line,over_odds,under_odds,p_over_imp,p_under_imp,p_over_fair,p_under_fair,p_over_model,edge_over,EV_over_1u,kelly_frac_over,projected_minutes,projection_mean,projection_sd,start_prob
2025-11-22,mgm,Aaron Gordon,DEN,@HOU,AST,1.5,-160,120,0.6153846153846154,0.45454545454545453,0.5751633986928104,0.4248366013071895,0.4772649057574294,-0.097898492935381,-0.2244445281441772,0.0,22.96454506621102,1.4134933010526622,1.5171473681763512,0.7
2025-11-22,caesars,Aaron Gordon,DEN,@HOU,PTS,16.5,-125,-107,0.5555555555555556,0.5169082125603864,0.5180180180180181,0.481981981981982,0.4417683357845128,-0.07624968223350526,-0.20481699558787692,0.0,22.96454506621102,15.741347582204787,5.178961817745415,0.7
2025-11-22,fanduel,Aaron Gordon,DEN,@HOU,REB,5.5,-130,102,0.5652173913043478,0.49504950495049505,0.5330897279740154,0.4669102720259846,0.3678305764181209,-0.16525915155589455,-0.3492228263371707,0.0,22.96454506621102,4.745416979359949,2.2351086278209626,0.7
2025-11-22,mgm,Ace Bailey,UTA,OKC,AST,1.5,115,-155,0.46511627906976744,0.6078431372549019,0.43348916277093075,0.5665108372290693,0.4504066489134657,0.016917486142534965,-0.03162570483604876,0.0,17.459836314034558,1.3526491122955482,1.1822686370074107,0.7
2025-11-22,mgm,Ace Bailey,UTA,OKC,PTS,10.5,-105,-130,0.5121951219512195,0.5652173913043478,0.4753937007874017,0.5246062992125985,0.22700073605895,-0.24839296472845168,-0.5568080867420501,0.0,17.459836314034558,7.685323555059743,3.759113663338574,0.7
2025-11-22,mgm,Ace Bailey,UTA,OKC,REB,3.5,-125,-105,0.5555555555555556,0.5121951219512195,0.5203045685279188,0.4796954314720812,0.34979602217058514,-0.1705085463573337,-0.37036716009294673,0.0,17.459836314034558,2.8407012740566215,1.708597810902971,0.7
2025-11-22,betrivers,Ajay Mitchell,OKC,@UTA,AST,3.5,-139,105,0.5815899581589958,0.4878048780487805,0.5438496039698445,0.45615039603015556,0.35860895710147744,-0.18524064686836705,-0.38339898742983375,0.0,22.645109992048766,2.9309436733388408,1.5711998089492574,0.7
2025-11-22,fanduel,Ajay Mitchell,OKC,@UTA,PTS,15.5,102,-130,0.49504950495049505,0.5652173913043478,0.4669102720259846,0.5330897279740154,0.26048797793834855,-0.20642229408763607,-0.47381428456453595,0.0,22.645109992048766,12.401063571771196,4.828194109488288,0.7
2025-11-22,fanduel,Ajay Mitchell,OKC,@UTA,REB,3.5,118,-150,0.45871559633027525,0.6,0.43327556325823224,0.5667244367417678,0.5045471401964658,0.0712715769382336,0.09991276562829554,0.08467183527821646,22.645109992048766,3.524320049119065,2.1336676137534223,0.7
2025-11-22,draftkings,Al Horford,GSW,POR,AST,1.5,-139,105,0.5815899581589958,0.4878048780487805,0.5438496039698445,0.45615039603015556,0.5508221884761657,0.006972584506321211,-0.05290285578558562,0.0,18.84992987377279,1.6637454159965355,1.2818761241584782,0.7
2025-11-22,fanduel,Al Horford,GSW,POR,PTS,7.5,100,-128,0.5,0.5614035087719298,0.4710743801652893,0.5289256198347108,0.2544305750942015,-0.21664380507108777,-0.49113884981159694,0.0,18.84992987377279,5.0501083759238306,3.7085180129536846,0.7
2025-11-22,betrivers,Al Horford,GSW,POR,REB,4.5,-136,102,0.576271186440678,0.49504950495049505,0.5379072681704261,0.46209273182957394,0.21843289525603127,-0.31947437291439484,-0.6209546817615927,0.0,18.84992987377279,3.081257032311481,1.8247575818427249,0.7
2025-11-22,mgm,Alperen Sengun,HOU,DEN,AST,6.5,-125,-105,0.5555555555555556,0.5121951219512195,0.5203045685279188,0.4796954314720812,0.4311227175069454,-0.08918185102097342,-0.22397910848749825,0.0,33.86727688787185,6.095583719847132,2.3307074983085245,0.7
2025-11-22,mgm,Alperen Sengun,HOU,DEN,PTS,23.5,-105,-130,0.5121951219512195,0.5652173913043478,0.4753937007874017,0.5246062992125985,0.8915279776349087,0.416134276847507,0.7406022420491073,0.25,33.86727688787185,32.8107109877283,7.540899683923937,0.7
2025-11-22,fanduel,Alperen Sengun,HOU,DEN,REB,10.5,100,-128,0.5,0.5614035087719298,0.4710743801652893,0.5289256198347108,0.769665525726426,0.2985911455611367,0.539331051452852,0.25,33.86727688787185,13.038712535351856,3.4411752839339873,0.7
2025-11-22,betrivers,Amen Thompson,HOU,DEN,AST,5.5,104,-137,0.49019607843137253,0.5780590717299579,0.4588754646840148,0.5411245353159851,0.33786154768169285,-0.12101391700232195,-0.31076244272934656,0.0,33.318077803203664,4.561369228144805,2.243883249191646,0.7
2025-11-22,mgm,Amen Thompson,HOU,DEN,PTS,17.5,-105,-125,0.5121951219512195,0.5555555555555556,0.4796954314720812,0.5203045685279188,0.3861688748425134,-0.09352655662956783,-0.24605124435509296,0.0,33.318077803203664,15.605423117666005,6.548415259583785,0.7
2025-11-22,mgm,Amen Thompson,HOU,DEN,REB,6.5,-105,-125,0.5121951219512195,0.5555555555555556,0.4796954314720812,0.5203045685279188,0.4544124323784601,-0.02528299909362114,-0.11281382249919703,0.0,33.318077803203664,6.146455329397451,3.0871623681586646,0.7
2025-11-22,fanduel,Andrew Nembhard,IND,@CLE,AST,6.5,112,-142,0.4716981132075472,0.5867768595041323,0.4456393635827931,0.5543606364172068,0.04204644154675097,-0.40359292203604213,-0.9108615439208879,0.0,18.765674944676668,3.9052455648614997,1.502101191080582,0.7
2025-11-22,fanduel,Andrew Nembhard,IND,@CLE,PTS,15.5,-106,-120,0.5145631067961165,0.5454545454545454,0.48542880932556204,0.5145711906744379,0.16674509540474225,-0.3186837139208198,-0.675948210817199,0.0,18.765674944676668,11.30875345937796,4.333794974635641,0.7
2025-11-22,draftkings,Andrew Nembhard,IND,@CLE,REB,2.5,-103,-127,0.5073891625615764,0.5594713656387665,0.4755909035433872,0.5244090964566128,0.3557734677201039,-0.1198174358232833,-0.29881539857105743,0.0,18.765674944676668,1.858883839085028,1.7337805292105106,0.7
2025-11-22,caesars,Anfernee Simons,BOS,BKN,AST,2.5,-159,119,0.6138996138996139,0.45662100456621,0.5734589351295268,0.4265410648704731,0.42389939653200814,-0.1495595385975187,-0.3094972094227037,0.0,15.902903067082171,2.27038388802064,1.1963673890096296,0.7
2025-11-22,fanduel,Anfernee Simons,BOS,BKN,PTS,12.5,-115,-111,0.5348837209302325,0.5260663507109005,0.5041554124246831,0.4958445875753168,0.10142242718279548,-0.4027329852418876,-0.8103841578756432,0.0,15.902903067082171,7.87152191957959,3.6344883695089343,0.7
2025-11-22,draftkings,Anfernee Simons,BOS,BKN,REB,2.5,129,-171,0.4366812227074236,0.6309963099630996,0.4090010413679651,0.5909989586320349,0.3108366725883769,-0.09816436877958823,-0.28818401977261693,0.0,15.902903067082171,1.7597010590432998,1.5001594390669657,0.7
2025-11-22,mgm,Anthony Edwards,MIN,@PHX,AST,4.5,100,-135,0.5,0.574468085106383,0.4653465346534653,0.5346534653465347,0.4888139349679824,0.023467400314517106,-0.022372130064035156,0.0,28.71405317417254,4.444501077553142,1.9790663649355111,0.7
2025-11-22,draftkings,Anthony Edwards,MIN,@PHX,PTS,26.5,-122,-105,0.5495495495495496,0.5121951219512195,0.517591059602649,0.48240894039735094,0.23160018272238458,-0.28599087688026437,-0.5785636019313986,0.0,28.71405317417254,21.904631459189055,6.264243093365191,0.7
2025-11-22,betrivers,Anthony Edwards,MIN,@PHX,REB,4.5,-139,105,0.5815899581589958,0.4878048780487805,0.5438496039698445,0.45615039603015556,0.4443704289670386,-0.0994791750028059,-0.23593861494156676,0.0,28.71405317417254,4.129927759253325,2.6453070536152965,0.7
2025-11-22,draftkings,Ayo Dosunmu,CHI,MIA,AST,3.5,128,-169,0.43859649122807015,0.6282527881040892,0.4111138280963443,0.5888861719036558,0.2501575079098126,-0.16095632018653167,-0.4296408819656272,0.0,22.210357714895892,2.4756861191284703,1.5197666627186814,0.7
2025-11-22,mgm,Ayo Dosunmu,CHI,MIA,PTS,13.5,-110,-118,0.5238095238095238,0.5412844036697247,0.49179655455291227,0.5082034454470877,0.4308543335016154,-0.060942221051296874,-0.17745990876964335,0.0,22.210357714895892,12.663292770263544,4.803154771621682,0.7
2025-11-22,mgm,Ayo Dosunmu,CHI,MIA,REB,2.5,-125,-110,0.5555555555555556,0.5238095238095238,0.5147058823529411,0.48529411764705876,0.5422418607643723,0.027535978411431183,-0.023964650624129835,0.0,22.210357714895892,2.71824844623083,2.0573312804749913,0.7
2025-11-22,mgm,Bam Adebayo,MIA,@CHI,AST,3.5,100,-135,0.5,0.574468085106383,0.4653465346534653,0.5346534653465347,0.20074432903460737,-0.26460220561885794,-0.5985113419307853,0.0,21.129987671768347,2.2847081222898935,1.4485599792757313,0.7
2025-11-22,fanduel,Bam Adebayo,MIA,@CHI,PTS,21.5,102,-130,0.49504950495049505,0.5652173913043478,0.4669102720259846,0.5330897279740154,0.03282519137697404,-0.4340850806490106,-0.9336931134185125,0.0,21.129987671768347,12.828221014703994,4.710866599709234,0.7
2025-11-22,caesars,Bam Adebayo,MIA,@CHI,REB,9.5,111,-155,0.47393364928909953,0.6078431372549019,0.43810669186496004,0.5618933081350399,0.022876884393345565,-0.4152298074716145,-0.9517297739300409,0.0,21.129987671768347,5.189602113721403,2.157725821387298,0.7
2025-11-22,mgm,Ben Sheppard,IND,@CLE,AST,1.5,-145,110,0.5918367346938775,0.47619047619047616,0.554140127388535,0.4458598726114649,0.31512830621858434,-0.23901182116995068,-0.46754182742377126,0.0,15.343004671748218,1.0014281860287781,1.0357443779348163,0.7
2025-11-22,fanduel,Ben Sheppard,IND,@CLE,PTS,6.5,-120,-106,0.5454545454545454,0.5145631067961165,0.5145711906744379,0.48542880932556204,0.2249589435044489,-0.289612247169989,-0.5875752702418438,0.0,15.343004671748218,4.162515373408194,3.09374450503945,0.7
2025-11-22,mgm,Ben Sheppard,IND,@CLE,REB,4.5,135,-185,0.425531914893617,0.6491228070175439,0.3959708232025009,0.6040291767974991,0.05817345181103184,-0.33779737139146904,-0.8632923882440752,0.0,15.343004671748218,2.1497669283283236,1.4966841832949278,0.7
2025-11-22,mgm,Bennedict Mathurin,IND,@CLE,AST,1.5,-185,135,0.6491228070175439,0.425531914893617,0.6040291767974991,0.3959708232025009,0.5870911712461344,-0.01693800555136471,-0.09556224970190103,0.0,19.178755839685273,1.7879528460878984,1.3084680237069732,0.7
2025-11-22,mgm,Bennedict Mathurin,IND,@CLE,PTS,21.5,110,-150,0.47619047619047616,0.6,0.4424778761061947,0.5575221238938053,0.1406932995435104,-0.3017845765626843,-0.7045440709586281,0.0,19.178755839685273,16.07903690868084,5.032412131530509,0.7
2025-11-22,betrivers,Bennedict Mathurin,IND,@CLE,REB,5.5,-113,-118,0.5305164319248826,0.5412844036697247,0.4949766918501849,0.5050233081498151,0.21653007047238348,-0.2784466213778014,-0.5918503981361267,0.0,19.178755839685273,3.9876211926483953,1.9291385988624916,0.7
2025-11-22,mgm,Bilal Coulibaly,WAS,@TOR,AST,2.5,-145,110,0.5918367346938775,0.47619047619047616,0.554140127388535,0.4458598726114649,0.43182297544614834,-0.12231715194238668,-0.27036807597030105,0.0,20.902862505865794,2.2537118382769425,1.4341183329399372,0.7
2025-11-22,mgm,Bilal Coulibaly,WAS,@TOR,PTS,11.5,-105,-130,0.5121951219512195,0.5652173913043478,0.4753937007874017,0.5246062992125985,0.20738523036598566,-0.268008470421416,-0.5951050264283138,0.0,20.902862505865794,8.043201942390146,4.238726818690755,0.7
2025-11-22,draftkings,Bilal Coulibaly,WAS,@TOR,REB,4.5,-113,-117,0.5305164319248826,0.5391705069124424,0.4959548561951377,0.5040451438048622,0.2676694763843521,-0.22828537981078556,-0.4954548807976371,0.0,20.902862505865794,3.268604573930502,1.9865166471321871,0.7
2025-11-22,draftkings,Brandin Podziemski,GSW,POR,AST,2.5,-163,123,0.6197718631178707,0.4484304932735426,0.5802008012897253,0.4197991987102747,0.33115832933417777,-0.24904247195554752,-0.4656770514424003,0.0,22.384291725105193,1.8458934427143652,1.4977815856516823,0.7
2025-11-22,draftkings,Brandin Podziemski,GSW,POR,PTS,11.5,-107,-119,0.5169082125603864,0.54337899543379,0.487517163899638,0.512482836100362,0.22787262318630774,-0.25964454071333026,-0.5591623084152738,0.0,22.384291725105193,8.167923824315654,4.467361575917381,0.7
2025-11-22,draftkings,Brandin Podziemski,GSW,POR,REB,4.5,-114,-115,0.5327102803738317,0.5348837209302325,0.4989820846905538,0.5010179153094463,0.31989080071756404,-0.17909128397298973,-0.3995032337407131,0.0,22.384291725105193,3.5111038012725277,2.113007198953388,0.7
2025-11-22,betrivers,Brandon Ingram,TOR,WAS,AST,3.5,-155,117,0.6078431372549019,0.4608294930875576,0.5687832924663905,0.4312167075336096,0.49478916352543,-0.07399412894096047,-0.1859920212968732,0.0,28.014930437733288,3.4752253706187446,1.8966947333096786,0.7
2025-11-22,fanduel,Brandon Ingram,TOR,WAS,PTS,21.5,-106,-120,0.5145631067961165,0.5454545454545454,0.48542880932556204,0.5145711906744379,0.29382003392683587,-0.19160877539872617,-0.4289912548214322,0.0,28.014930437733288,18.28745928383456,5.924365433206629,0.7
2025-11-22,fanduel,Brandon Ingram,TOR,WAS,REB,5.5,-104,-122,0.5098039215686274,0.5495495495495496,0.48124062031015497,0.5187593796898449,0.32417885301967186,-0.1570617672904831,-0.3641107113844898,0.0,28.014930437733288,4.31669796043062,2.59470524387139,0.7
2025-11-22,betrivers,Brandon Williams,DAL,NOP,AST,4.5,-137,104,0.5780590717299579,0.49019607843137253,0.5411245353159851,0.4588754646840148,0.12030898571012161,-0.42081554960586354,-0.7918742363992787,0.0,18.494802494802496,2.890821012786421,1.371330518795657,0.7
2025-11-22,draftkings,Brandon Williams,DAL,NOP,PTS,14.5,-112,-114,0.5283018867924528,0.5327102803738317,0.4979225527671597,0.5020774472328402,0.09824999170566229,-0.3996725610614974,-0.8140268014142821,0.0,18.494802494802496,9.262281120443047,4.055256243596376,0.7
2025-11-22,betrivers,Brandon Williams,DAL,NOP,REB,2.5,-152,114,0.6031746031746031,0.4672897196261682,0.563470066518847,0.43652993348115304,0.4911585294720694,-0.07231153704677762,-0.1857108590331481,0.0,18.494802494802496,2.461202710681051,1.7504567679033025,0.7
2025-11-22,fanduel,Brice Sensabaugh,UTA,OKC,PTS,8.5,-128,100,0.5614035087719298,0.5,0.5289256198347108,0.4710743801652893,0.34145597821798346,-0.1874696416167273,-0.39178153879921696,0.0,13.094877235525917,7.129558009355493,3.3548747443448717,0.7
2025-11-22,mgm,Bruce Brown,DEN,@HOU,AST,1.5,-105,-125,0.5121951219512195,0.5555555555555556,0.4796954314720812,0.5203045685279188,0.35306041811123123,-0.12663501336084998,-0.31069156463997716,0.0,19.156648562885213,1.0222320278167958,1.2670504030298486,0.7
2025-11-22,fanduel,Bruce Brown,DEN,@HOU,PTS,6.5,-113,-113,0.5305164319248826,0.5305164319248826,0.5,0.5,0.43127039920532584,-0.06872960079467416,-0.18707438025898754,0.0,19.156648562885213,5.839882279908947,3.8126075914052886,0.7
2025-11-22,mgm,Bruce Brown,DEN,@HOU,REB,3.5,-125,-110,0.5555555555555556,0.5238095238095238,0.5147058823529411,0.48529411764705876,0.45141808198370414,-0.06328780036923698,-0.18744745242933253,0.0,19.156648562885213,3.2726892054739314,1.8619919468448907,0.7
2025-11-22,caesars,Bub Carrington,WAS,@TOR,AST,3.5,128,-190,0.43859649122807015,0.6551724137931034,0.4009955752212389,0.599004424778761,0.14351512940237598,-0.2574804458188629,-0.6727855049625827,0.0,17.268887846081654,2.1770226905067336,1.242630061356313,0.7
2025-11-22,fanduel,Bub Carrington,WAS,@TOR,PTS,6.5,-102,-125,0.504950495049505,0.5555555555555556,0.47614107883817425,0.5238589211618258,0.23468120379879864,-0.2414598750393756,-0.5352391846337518,0.0,17.268887846081654,4.051651254275326,3.3839554060565136,0.7
2025-11-22,mgm,Bub Carrington,WAS,@TOR,REB,3.5,125,-165,0.4444444444444444,0.6226415094339622,0.4165029469548134,0.5834970530451867,0.16408457578198554,-0.25241837117282784,-0.6308097044905325,0.0,17.268887846081654,1.9182824573848016,1.61761519456725,0.7
2025-11-22,draftkings,Buddy Hield,GSW,POR,AST,1.5,110,-145,0.47619047619047616,0.5918367346938775,0.4458598726114649,0.554140127388535,0.37357460746140414,-0.07228526515006078,-0.21549332433105128,0.0,12.959326788218796,1.2004812281228718,0.9290266634343003,0.7
2025-11-22,mgm,Buddy Hield,GSW,POR,PTS,7.5,-115,-118,0.5348837209302325,0.5412844036697247,0.4970261697065821,0.5029738302934179,0.1620089347333803,-0.3350172349732018,-0.6971137307158543,0.0,12.959326788218796,4.676076152047135,2.863338055528353,0.7
2025-11-22,draftkings,Buddy Hield,GSW,POR,REB,2.5,130,-172,0.43478260869565216,0.6323529411764706,0.4074295985620132,0.5925704014379869,0.1739998120381836,-0.23342978652382962,-0.5998004323121777,0.0,12.959326788218796,1.3359478797350828,1.2403637243902803,0.7
2025-11-22,draftkings,CJ McCollum,WAS,@TOR,AST,3.5,-105,-125,0.5121951219512195,0.5555555555555556,0.4796954314720812,0.5203045685279188,0.273975926121353,-0.2057195053507282,-0.46509462042973937,0.0,23.87611450023463,2.528636643496101,1.61669696226259,0.7
2025-11-22,fanduel,CJ McCollum,WAS,@TOR,PTS,17.5,102,-130,0.49504950495049505,0.5652173913043478,0.4669102720259846,0.5330897279740154,0.0915760447368249,-0.3753342272891597,-0.8150163896316137,0.0,23.87611450023463,11.008355209157253,4.876857642231714,0.7
2025-11-22,fanduel,CJ McCollum,WAS,@TOR,REB,3.5,106,-136,0.4854368932038835,0.576271186440678,0.45722256664600125,0.5427774333539988,0.3359132170690896,-0.12130934957691164,-0.30801877283767537,0.0,23.87611450023463,2.572737224557376,2.188785146928544,0.7
2025-11-22,mgm,Cam Whitmore,WAS,@TOR,AST,1.5,175,-235,0.36363636363636365,0.7014925373134329,0.3414012738853503,0.6585987261146496,0.3001044027563561,-0.04129687112899422,-0.17471289242002075,0.0,14.625997184420461,0.9796614503703841,0.992822530673921,0.7
2025-11-22,draftkings,Cam Whitmore,WAS,@TOR,PTS,9.5,-122,-104,0.5495495495495496,0.5098039215686274,0.5187593796898449,0.48124062031015497,0.26479609083059474,-0.2539632888592501,-0.5181579330787538,0.0,14.625997184420461,7.327354150107074,3.4561672571221904,0.7
2025-11-22,mgm,Cam Whitmore,WAS,@TOR,REB,3.5,-135,100,0.574468085106383,0.5,0.5346534653465347,0.4653465346534653,0.17188696348640065,-0.36276650186013404,-0.7007893598570063,0.0,14.625997184420461,2.1297141844428578,1.4473808282674292,0.7
2025-11-22,betrivers,Cameron Johnson,DEN,@HOU,AST,2.5,128,-175,0.43859649122807015,0.6363636363636364,0.40801186943620177,0.5919881305637983,0.27571713193726777,-0.132294737498934,-0.3713649391830295,0.0,21.03130530298407,1.6609512429084015,1.4087163242410532,0.7
2025-11-22,fanduel,Cameron Johnson,DEN,@HOU,PTS,12.5,-104,-122,0.5098039215686274,0.5495495495495496,0.48124062031015497,0.5187593796898449,0.0948959305096595,-0.38634468980049547,-0.8138579824618217,0.0,21.03130530298407,7.013905800421154,4.184041142519328,0.7
2025-11-22,fanduel,Cameron Johnson,DEN,@HOU,REB,3.5,118,-150,0.45871559633027525,0.6,0.43327556325823224,0.5667244367417678,0.36237195262131805,-0.0709036106369142,-0.2100291432855267,0.0,21.03130530298407,2.8070639638632464,1.967864883812922,0.7
2025-11-22,mgm,Cason Wallace,OKC,@UTA,AST,2.5,-135,100,0.574468085106383,0.5,0.5346534653465347,0.4653465346534653,0.40695425406599983,-0.12769921128053485,-0.2915981503295559,0.0,21.595547309833023,2.154695119618927,1.4669677244387684,0.7
2025-11-22,mgm,Cason Wallace,OKC,@UTA,PTS,8.5,-120,-110,0.5454545454545454,0.5238095238095238,0.5101214574898786,0.48987854251012153,0.3065706154278729,-0.2035508420620057,-0.4379538717155663,0.0,21.595547309833023,6.35975338311275,4.233127413783728,0.7
2025-11-22,mgm,Cason Wallace,OKC,@UTA,REB,2.5,-130,100,0.5652173913043478,0.5,0.5306122448979592,0.4693877551020409,0.4851251137091652,-0.045487131188793994,-0.1417017218991692,0.0,21.595547309833023,2.4256512605635265,1.9935602025232357,0.7
2025-11-22,mgm,Chet Holmgren,OKC,@UTA,AST,1.5,-140,105,0.5833333333333334,0.4878048780487805,0.5445920303605313,0.4554079696394686,0.49853858835203135,-0.04605344200849992,-0.14536241996794624,0.0,24.17174662072621,1.4941578135072093,1.5948210023733942,0.7
2025-11-22,fanduel,Chet Holmgren,OKC,@UTA,PTS,18.5,-104,-122,0.5098039215686274,0.5495495495495496,0.48124062031015497,0.5187593796898449,0.23480349001447243,-0.24643713029568254,-0.5394239234331503,0.0,24.17174662072621,14.736348932439629,5.204748853639567,0.7
2025-11-22,draftkings,Chet Holmgren,OKC,@UTA,REB,7.5,-117,-113,0.5391705069124424,0.5305164319248826,0.5040451438048622,0.4959548561951377,0.38726548771456404,-0.11677965609029817,-0.28173836893965476,0.0,24.17174662072621,6.792897328817335,2.468474727905638,0.7
2025-11-22,caesars,Collin Gillespie,PHX,MIN,AST,5.5,107,-140,0.4830917874396135,0.5833333333333334,0.4530011325028312,0.5469988674971688,0.038562536384499246,-0.41443859611833195,-0.9201755496840865,0.0,15.379426644182123,3.162748865896292,1.3222615942364433,0.7
2025-11-22,mgm,Collin Gillespie,PHX,MIN,PTS,12.5,100,-135,0.5,0.574468085106383,0.4653465346534653,0.5346534653465347,0.056801321045641284,-0.40854521360782403,-0.8863973579087174,0.0,15.379426644182123,7.0215547265733065,3.462536897139684,0.7
2025-11-22,betrivers,Collin Gillespie,PHX,MIN,REB,3.5,-148,110,0.5967741935483871,0.47619047619047616,0.5561918396564066,0.4438081603435934,0.39314540106366325,-0.16304643859274337,-0.3412158144338616,0.0,15.379426644182123,3.062623230643055,1.613160668344928,0.7
2025-11-22,mgm,Cooper Flagg,DAL,NOP,AST,3.5,-130,-105,0.5652173913043478,0.5121951219512195,0.5246062992125985,0.4753937007874017,0.17613331915746266,-0.34847298005513583,-0.6883795122598737,0.0,25.014553014553016,1.954786034978601,1.6611600359633425,0.7
2025-11-22,fanduel,Cooper Flagg,DAL,NOP,PTS,17.5,100,-128,0.5,0.5614035087719298,0.4710743801652893,0.5289256198347108,0.09748386732016101,-0.3735905128451283,-0.805032265359678,0.0,25.014553014553016,10.970472799765098,5.038127980194196,0.7
2025-11-22,betrivers,Cooper Flagg,DAL,NOP,REB,5.5,-148,110,0.5967741935483871,0.47619047619047616,0.5561918396564066,0.4438081603435934,0.3324105676742941,-0.2237812719821125,-0.4429876974106423,0.0,25.014553014553016,4.4748661810543835,2.366058068505644,0.7
2025-11-22,caesars,Corey Kispert,WAS,@TOR,PTS,6.5,-113,-118,0.5305164319248826,0.5412844036697247,0.4949766918501849,0.5050233081498151,0.4527086902898366,-0.04226800156034827,-0.14666415016163536,0.0,17.328953542937587,6.076192231986065,3.5667829066079966,0.7
2025-11-22,mgm,D'Angelo Russell,DAL,NOP,AST,4.5,-125,-105,0.5555555555555556,0.5121951219512195,0.5203045685279188,0.4796954314720812,0.21162688971805632,-0.3086776788098625,-0.6190715985074986,0.0,15.035343035343038,3.4067932949740283,1.3651619056261184,0.7
2025-11-22,draftkings,D'Angelo Russell,DAL,NOP,PTS,12.5,-110,-116,0.5238095238095238,0.5370370370370371,0.4937655860349127,0.5062344139650873,0.22167266071843406,-0.27209292531647866,-0.5768067386284441,0.0,15.035343035343038,9.52828781223099,3.8767040289736454,0.7
2025-11-22,fanduel,D'Angelo Russell,DAL,NOP,REB,2.5,118,-150,0.45871559633027525,0.6,0.43327556325823224,0.5667244367417678,0.3260074219626189,-0.10726814129561335,-0.2893038201214908,0.0,15.035343035343038,1.8487836615707178,1.4440510397021245,0.7
2025-11-22,mgm,Daniel Gafford,DAL,NOP,AST,1.5,150,-210,0.4,0.6774193548387096,0.37125748502994016,0.6287425149700598,0.26930505381380354,-0.10195243121613662,-0.32673736546549115,0.0,16.8981288981289,0.8122670972669447,1.1184173992204862,0.7
2025-11-22,fanduel,Daniel Gafford,DAL,NOP,PTS,10.5,-122,-104,0.5495495495495496,0.5098039215686274,0.5187593796898449,0.48124062031015497,0.14559838568410666,-0.3731609940057382,-0.73505867523056,0.0,16.8981288981289,6.720083395309607,3.581162566967483,0.7
2025-11-22,fanduel,Daniel Gafford,DAL,NOP,REB,6.5,-128,100,0.5614035087719298,0.5,0.5289256198347108,0.4710743801652893,0.2466707575922953,-0.28225486224241547,-0.560617713038724,0.0,16.8981288981289,5.141955254727243,1.9825360392300453,0.7
2025-11-22,fanduel,Darius Garland,CLE,IND,AST,5.5,112,-142,0.4716981132075472,0.5867768595041323,0.4456393635827931,0.5543606364172068,0.0341818091251187,-0.4114575544576744,-0.9275345646547484,0.0,14.006366530241019,3.1192522609488647,1.3062353158113031,0.7
2025-11-22,mgm,Darius Garland,CLE,IND,PTS,15.5,-110,-118,0.5238095238095238,0.5412844036697247,0.49179655455291227,0.5082034454470877,0.009807932120127871,-0.4819886224327844,-0.9812757659524831,0.0,14.006366530241019,7.453413235159991,3.44812020863916,0.7
2025-11-22,draftkings,Darius Garland,CLE,IND,REB,2.5,119,-157,0.45662100456621,0.6108949416342413,0.42774162408668004,0.57225837591332,0.38892386304893867,-0.03881776103774137,-0.14825673992282434,0.0,14.006366530241019,2.1034159759002797,1.405703632773468,0.7
2025-11-22,fanduel,Davion Mitchell,MIA,@CHI,AST,6.5,-136,108,0.576271186440678,0.4807692307692308,0.5451742213999383,0.4548257786000616,0.1683587852388435,-0.3768154361610948,-0.7078479903208303,0.0,23.756803079051025,4.804920776560578,1.7644740605655622,0.7
2025-11-22,fanduel,Davion Mitchell,MIA,@CHI,PTS,10.5,-106,-120,0.5145631067961165,0.5454545454545454,0.48542880932556204,0.5145711906744379,0.23023946017690067,-0.25518934914866137,-0.5525535019203629,0.0,23.756803079051025,7.085469814811771,4.626368145196566,0.7
2025-11-22,mgm,Davion Mitchell,MIA,@CHI,REB,2.5,-140,105,0.5833333333333334,0.4878048780487805,0.5445920303605313,0.4554079696394686,0.46927456053508665,-0.07531746982544463,-0.1955293247969943,0.0,23.756803079051025,2.332681784265781,2.17032692758347,0.7
2025-11-22,caesars,Day'Ron Sharpe,BKN,@BOS,AST,1.5,-137,111,0.5780590717299579,0.47393364928909953,0.54948961164864,0.4505103883513601,0.3755371755300073,-0.17395243611863265,-0.35034809780575377,0.0,12.896220505324704,1.2059795072367956,0.9268572397873499,0.7
2025-11-22,draftkings,Day'Ron Sharpe,BKN,@BOS,PTS,5.5,-135,106,0.574468085106383,0.4854368932038835,0.5419996102124343,0.45800038978756574,0.5814639322405856,0.03946432202815131,0.012177956122500777,0.016440240765376125,12.896220505324704,6.145407331589744,3.1385302216588715,0.7
2025-11-22,draftkings,Day'Ron Sharpe,BKN,@BOS,REB,5.5,-115,-114,0.5348837209302325,0.5327102803738317,0.5010179153094463,0.4989820846905538,0.3144668784727088,-0.18655103683673746,-0.41208366198580526,0.0,12.896220505324704,4.587017500617107,1.8893405078479224,0.7
2025-11-22,draftkings,De'Andre Hunter,CLE,IND,AST,1.5,-189,142,0.6539792387543253,0.4132231404958678,0.6127977705726306,0.3872022294273694,0.6336829866418868,0.020885216069256196,-0.03103500984388735,0.0,21.537062301045932,1.9971038797542475,1.45512076513278,0.7
2025-11-22,draftkings,De'Andre Hunter,CLE,IND,PTS,16.5,-125,-102,0.5555555555555556,0.504950495049505,0.5238589211618258,0.47614107883817425,0.15314380694629182,-0.37071511421553394,-0.7243411474966748,0.0,21.537062301045932,11.750621127778697,4.64240490397178,0.7
2025-11-22,mgm,De'Andre Hunter,CLE,IND,REB,4.5,120,-160,0.45454545454545453,0.6153846153846154,0.4248366013071895,0.5751633986928104,0.21933695429796674,-0.20549964700922274,-0.5174587005444732,0.0,21.537062301045932,2.939547468933966,2.0149574951065525,0.7
2025-11-22,mgm,Dean Wade,CLE,IND,AST,1.5,145,-200,0.40816326530612246,0.6666666666666666,0.37974683544303806,0.6202531645569621,0.42885976241183055,0.04911292696879249,0.05070641790898478,0.034969943385506824,17.60800363801728,1.2872565882267764,1.1866685791283083,0.7
2025-11-22,mgm,Dean Wade,CLE,IND,PTS,6.5,-118,-110,0.5412844036697247,0.5238095238095238,0.5082034454470877,0.49179655455291227,0.1686573993899092,-0.33954604605717853,-0.6884126011271169,0.0,17.60800363801728,3.2468577480793215,3.3905110008981225,0.7
2025-11-22,fanduel,Dean Wade,CLE,IND,REB,4.5,-156,122,0.609375,0.45045045045045046,0.5749767565413734,0.42502324345862663,0.23513188160460785,-0.3398448749367655,-0.6141425532642333,0.0,17.60800363801728,3.2311304464509347,1.7573154595577047,0.7
2025-11-22,fanduel,Deni Avdija,POR,@GSW,AST,7.5,122,-156,0.45045045045045046,0.609375,0.42502324345862663,0.5749767565413734,0.008324620178955078,-0.41669862327967155,-0.9815193432027197,0.0,24.397574632278282,3.44123635979178,1.6951326226538186,0.7
2025-11-22,caesars,Deni Avdija,POR,@GSW,PTS,28.5,-109,-122,0.5215311004784688,0.5495495495495496,0.4869204764971024,0.5130795235028978,0.023826495943597648,-0.46309398055350476,-0.9543143334659457,0.0,24.397574632278282,17.62934964334461,5.488980093446064,0.7
2025-11-22,fanduel,Deni Avdija,POR,@GSW,REB,7.5,114,-146,0.4672897196261682,0.5934959349593496,0.44051285724518296,0.5594871427548169,0.08083068531188653,-0.35968217193329644,-0.8270223334325628,0.0,24.397574632278282,4.2693991651249785,2.3083869423271546,0.7
2025-11-22,betrivers,Derik Queen,NOP,@DAL,AST,3.5,110,-148,0.47619047619047616,0.5967741935483871,0.4438081603435934,0.5561918396564066,0.25587231669543486,-0.18793584364815852,-0.46266813493958675,0.0,20.277227722772277,2.566318323116491,1.423027229638381,0.7
2025-11-22,fanduel,Derik Queen,NOP,@DAL,PTS,13.5,-106,-120,0.5145631067961165,0.5454545454545454,0.48542880932556204,0.5145711906744379,0.3023716427996216,-0.18305716652594045,-0.4123720904082826,0.0,20.277227722772277,11.195308874149134,4.452721784427373,0.7
2025-11-22,betrivers,Derik Queen,NOP,@DAL,REB,7.5,100,-134,0.5,0.5726495726495726,0.4661354581673307,0.5338645418326693,0.17992859071168787,-0.28620686745564283,-0.6401428185766243,0.0,20.277227722772277,5.531804150874072,2.149536648866156,0.7
2025-11-22,mgm,Derrick White,BOS,BKN,AST,5.5,105,-140,0.4878048780487805,0.5833333333333334,0.4554079696394686,0.5445920303605313,0.44889422413977254,-0.0065137454996960775,-0.07976684051346628,0.0,27.239626045596196,5.249606415309221,1.9492620176146103,0.7
2025-11-22,mgm,Derrick White,BOS,BKN,PTS,17.5,-110,-118,0.5238095238095238,0.5412844036697247,0.49179655455291227,0.5082034454470877,0.23487334149808947,-0.2569232130548228,-0.5516054389581928,0.0,27.239626045596196,13.513130596549429,5.5151715468507785,0.7
2025-11-22,fanduel,Derrick White,BOS,BKN,REB,4.5,124,-160,0.44642857142857145,0.6153846153846154,0.4204398447606727,0.5795601552393274,0.4174667721242943,-0.0029730726363784155,-0.06487443044158081,0.0,27.239626045596196,3.975121441954215,2.518872564512748,0.7
2025-11-22,mgm,Devin Booker,PHX,MIN,AST,7.5,110,-150,0.47619047619047616,0.6,0.4424778761061947,0.5575221238938053,0.04263907999592975,-0.39983879611026496,-0.9104579320085475,0.0,22.93423271500843,4.556709336993264,1.7103708813975924,0.7
2025-11-22,draftkings,Devin Booker,PHX,MIN,PTS,29.5,-106,-120,0.5145631067961165,0.5454545454545454,0.48542880932556204,0.5145711906744379,0.02563579134352567,-0.45979301798203637,-0.9501794998418275,0.0,22.93423271500843,18.77043058257079,5.504602481204049,0.7
2025-11-22,caesars,Devin Booker,PHX,MIN,REB,3.5,-157,118,0.6108949416342413,0.45871559633027525,0.5711377365417348,0.4288622634582652,0.3865234769488418,-0.18461425959289302,-0.3672832256315137,0.0,22.93423271500843,2.887488255814396,2.1238885761696937,0.7
2025-11-22,mgm,Dillon Brooks,PHX,MIN,AST,1.5,-190,140,0.6551724137931034,0.4166666666666667,0.6112600536193029,0.38873994638069703,0.5743311185174811,-0.036928935101821825,-0.1233893454206868,0.0,20.101180438448566,1.7546831888050896,1.3589495116638324,0.7
2025-11-22,mgm,Dillon Brooks,PHX,MIN,PTS,18.5,-115,-115,0.5348837209302325,0.5348837209302325,0.5,0.5,0.21612834615651044,-0.28387165384348956,-0.5959339615334804,0.0,20.101180438448566,14.68381252095832,4.859306456253469,0.7
2025-11-22,mgm,Dillon Brooks,PHX,MIN,REB,3.5,115,-155,0.46511627906976744,0.6078431372549019,0.43348916277093075,0.5665108372290693,0.32931104260246613,-0.10417812016846462,-0.29198125840469785,0.0,20.101180438448566,2.666284756555927,1.8870175101169357,0.7
2025-11-22,mgm,Donovan Clingan,POR,@GSW,AST,1.5,-150,110,0.6,0.47619047619047616,0.5575221238938053,0.4424778761061947,0.3412155971795475,-0.21630652671425776,-0.4313073380340875,0.0,19.41222547796571,0.9757903558840145,1.281223155505799,0.7
2025-11-22,fanduel,Donovan Clingan,POR,@GSW,PTS,9.5,-128,100,0.5614035087719298,0.5,0.5289256198347108,0.4710743801652893,0.25644077925281317,-0.2724848405818976,-0.5432148619559265,0.0,19.41222547796571,6.9248077623104525,3.935452014449899,0.7
2025-11-22,mgm,Donovan Clingan,POR,@GSW,REB,10.5,-105,-130,0.5121951219512195,0.5652173913043478,0.4753937007874017,0.5246062992125985,0.20000511667891863,-0.27538858410848305,-0.6095138198173493,0.0,19.41222547796571,8.38393527992698,2.514326621039974,0.7
2025-11-22,mgm,Donovan Mitchell,CLE,IND,AST,5.5,110,-145,0.47619047619047616,0.5918367346938775,0.4458598726114649,0.554140127388535,0.1893048991145838,-0.2565549734968811,-0.602459711859374,0.0,26.33924511141428,3.8943611854528934,1.8236348941565703,0.7
2025-11-22,fanduel,Donovan Mitchell,CLE,IND,PTS,29.5,100,-128,0.5,0.5614035087719298,0.4710743801652893,0.5289256198347108,0.07770137739389993,-0.39337300277138937,-0.8445972452122001,0.0,26.33924511141428,21.021291724981747,5.96796148134275,0.7
2025-11-22,mgm,Donovan Mitchell,CLE,IND,REB,4.5,-105,-125,0.5121951219512195,0.5555555555555556,0.4796954314720812,0.5203045685279188,0.4527743201766996,-0.026921111295381606,-0.11601204155977696,0.0,26.33924511141428,4.208597505889518,2.455879163096244,0.7
2025-11-22,mgm,Donte DiVincenzo,MIN,@PHX,AST,3.5,-115,-118,0.5348837209302325,0.5412844036697247,0.4970261697065821,0.5029738302934179,0.3413223596614213,-0.15570381004516076,-0.36187558845908185,0.0,26.207270754205098,2.77908969866602,1.763234020265988,0.7
2025-11-22,draftkings,Donte DiVincenzo,MIN,@PHX,PTS,12.5,-112,-114,0.5283018867924528,0.5327102803738317,0.4979225527671597,0.5020774472328402,0.5048130008929834,0.006890448125823734,-0.044461105452567096,0.0,26.207270754205098,12.56405794128929,5.309535941538931,0.7
2025-11-22,betrivers,Donte DiVincenzo,MIN,@PHX,REB,3.5,-159,120,0.6138996138996139,0.45454545454545453,0.5745729303547964,0.4254270696452037,0.5346294054529146,-0.0399435249018818,-0.12912568545720204,0.0,26.207270754205098,3.7107304021578664,2.4246314981908976,0.7
2025-11-22,draftkings,Drake Powell,BKN,@BOS,AST,2.5,131,-174,0.4329004329004329,0.635036496350365,0.4053614226114744,0.5946385773885257,0.22588709045587674,-0.17947433215559766,-0.47820082104692474,0.0,18.575903111296725,1.55251492535951,1.2591824901386384,0.7
2025-11-22,mgm,Drake Powell,BKN,@BOS,PTS,6.5,-105,-125,0.5121951219512195,0.5555555555555556,0.4796954314720812,0.5203045685279188,0.3817267816161092,-0.09796864985597203,-0.25472390255902494,0.0,18.575903111296725,5.389684552463319,3.689383620980374,0.7
2025-11-22,caesars,Drake Powell,BKN,@BOS,REB,2.5,102,-136,0.49504950495049505,0.576271186440678,0.46209273182957394,0.5379072681704261,0.4066907387257874,-0.05540199310378652,-0.1784847077739094,0.0,18.575903111296725,2.0911594939694873,1.7318908818298495,0.7
2025-11-22,mgm,Draymond Green,GSW,POR,AST,5.5,-110,-118,0.5238095238095238,0.5412844036697247,0.49179655455291227,0.5082034454470877,0.051994398653733453,-0.4398021558991788,-0.9007379662065088,0.0,22.21598877980365,2.976932639326655,1.5518775277321866,0.7
2025-11-22,mgm,Draymond Green,GSW,POR,PTS,8.5,-120,-110,0.5454545454545454,0.5238095238095238,0.5101214574898786,0.48987854251012153,0.4377659961582028,-0.07235546133167581,-0.1974290070432949,0.0,22.21598877980365,7.807895906509892,4.418560041224925,0.7
2025-11-22,fanduel,Draymond Green,GSW,POR,REB,6.5,110,-140,0.47619047619047616,0.5833333333333334,0.449438202247191,0.550561797752809,0.09352611762876784,-0.35591208461842316,-0.8035951529795875,0.0,22.21598877980365,3.712742880383849,2.1125992267297886,0.7
2025-11-22,mgm,Dru Smith,MIA,@CHI,AST,3.5,-135,100,0.574468085106383,0.5,0.5346534653465347,0.4653465346534653,0.13812191638195714,-0.39653154896457754,-0.7595655529647413,0.0,13.826863517454969,2.266215140359946,1.1331643393964073,0.7
2025-11-22,mgm,Dru Smith,MIA,@CHI,PTS,5.5,-135,100,0.574468085106383,0.5,0.5346534653465347,0.4653465346534653,0.34015742738728494,-0.19449603795924975,-0.4078741078813929,0.0,13.826863517454969,4.303840398680917,2.903063814239483,0.7
2025-11-22,mgm,Dru Smith,MIA,@CHI,REB,2.5,135,-185,0.425531914893617,0.6491228070175439,0.3959708232025009,0.6040291767974991,0.5113747369896129,0.11540391378711201,0.20173063192559038,0.14943009772265944,13.826863517454969,2.541657269967026,1.4608332699628734,0.7
2025-11-22,betrivers,Egor Demin,BKN,@BOS,AST,3.5,-150,112,0.6,0.4716981132075472,0.5598591549295775,0.44014084507042256,0.37385072893773574,-0.18600842599184175,-0.37691545177044045,0.0,19.04364167884736,3.0464190285747006,1.410074442598165,0.7
2025-11-22,draftkings,Egor Demin,BKN,@BOS,PTS,7.5,-134,105,0.5726495726495726,0.4878048780487805,0.5400039315903282,0.4599960684096717,0.4389818703675563,-0.10102206122277191,-0.2334197189103867,0.0,19.04364167884736,6.904043387609974,3.8811628972858,0.7
2025-11-22,draftkings,Egor Demin,BKN,@BOS,REB,2.5,-170,128,0.6296296296296297,0.43859649122807015,0.5894160583941607,0.41058394160583944,0.4618073521338363,-0.1276087062603244,-0.2665412642580247,0.0,19.04364167884736,2.328984292819521,1.7836156537089485,0.7
2025-11-22,betrivers,Evan Mobley,CLE,IND,AST,3.5,102,-134,0.49504950495049505,0.5726495726495726,0.46366014107949594,0.5363398589205041,0.37242555047004533,-0.0912345906094506,-0.24770038805050842,0.0,26.04820372896771,2.9271800553814935,1.7601614959430412,0.7
2025-11-22,draftkings,Evan Mobley,CLE,IND,PTS,18.5,-115,-111,0.5348837209302325,0.5260663507109005,0.5041554124246831,0.4958445875753168,0.1407488493739819,-0.3634065630507012,-0.7368608468225556,0.0,26.04820372896771,12.791244603114107,5.300800594290038,0.7
2025-11-22,draftkings,Evan Mobley,CLE,IND,REB,9.5,-107,-123,0.5169082125603864,0.5515695067264574,0.4837800575807955,0.5162199424192044,0.08913102870910261,-0.3946490288716929,-0.8275689444599603,0.0,26.04820372896771,6.088662060784881,2.5341901835097453,0.7
2025-11-22,mgm,Gradey Dick,TOR,WAS,AST,0.5,-155,115,0.6078431372549019,0.46511627906976744,0.5665108372290693,0.43348916277093075,0.6915934693044723,0.12508263207540304,0.1377828043396157,0.21356334672640426,14.821852731591449,1.003322683434022,1.0058966830463578,0.7
2025-11-22,draftkings,Gradey Dick,TOR,WAS,PTS,8.5,-106,-120,0.5145631067961165,0.5454545454545454,0.48542880932556204,0.5145711906744379,0.2242861995335259,-0.26114260979203613,-0.5641230461895629,0.0,14.821852731591449,6.028319832264952,3.2616644252859195,0.7
2025-11-22,fanduel,Gradey Dick,TOR,WAS,REB,2.5,112,-142,0.4716981132075472,0.5867768595041323,0.4456393635827931,0.5543606364172068,0.35412978396738004,-0.09150957961541306,-0.2492448579891543,0.0,14.821852731591449,1.9608450445596508,1.4408412284566776,0.7
2025-11-22,mgm,Herbert Jones,NOP,@DAL,AST,2.5,145,-200,0.40816326530612246,0.6666666666666666,0.37974683544303806,0.6202531645569621,0.28968129815491384,-0.09006553728812422,-0.29028081952046114,0.0,20.773138183383555,1.7258444169036693,1.3965961132338696,0.7
2025-11-22,mgm,Herbert Jones,NOP,@DAL,PTS,8.5,-118,-115,0.5412844036697247,0.5348837209302325,0.5029738302934179,0.4970261697065821,0.3087972061651315,-0.1941766241282864,-0.42951024623729944,0.0,20.773138183383555,6.449650723822303,4.1067553496505225,0.7
2025-11-22,mgm,Herbert Jones,NOP,@DAL,REB,2.5,-155,115,0.6078431372549019,0.46511627906976744,0.5665108372290693,0.43348916277093075,0.40921554347808153,-0.15729529375098772,-0.3267744284715433,0.0,20.773138183383555,2.0617092779572546,1.909236459642992,0.7
2025-11-22,betrivers,Immanuel Quickley,TOR,WAS,AST,6.5,104,-137,0.49019607843137253,0.5780590717299579,0.4588754646840148,0.5411245353159851,0.17210974453859396,-0.28676572014542084,-0.6488961211412683,0.0,26.060400407193757,4.740162238776987,1.86056700347541,0.7
2025-11-22,mgm,Immanuel Quickley,TOR,WAS,PTS,17.5,-110,-120,0.5238095238095238,0.5454545454545454,0.48987854251012153,0.5101214574898786,0.20772860942481863,-0.2821499330853029,-0.6034272001889827,0.0,26.060400407193757,13.162810316237913,5.326098374142877,0.7
2025-11-22,betrivers,Immanuel Quickley,TOR,WAS,REB,4.5,-121,-110,0.5475113122171946,0.5238095238095238,0.5110619469026548,0.48893805309734506,0.4240274142726661,-0.08703453262998873,-0.22553670616314703,0.0,26.060400407193757,4.035141721271765,2.4261798930253624,0.7
2025-11-22,mgm,Isaac Okoro,CHI,MIA,AST,1.5,110,-150,0.47619047619047616,0.6,0.4424778761061947,0.5575221238938053,0.5045092845770363,0.06203140847084154,0.05946949761177622,0.05406317964706929,24.943940202883077,1.5185807086030112,1.6438244895679874,0.7
2025-11-22,mgm,Isaac Okoro,CHI,MIA,PTS,7.5,-105,-130,0.5121951219512195,0.5652173913043478,0.4753937007874017,0.5246062992125985,0.5052025875585198,0.029808886771118093,-0.013652090957175733,0.0,24.943940202883077,7.563203545859073,4.846406084775141,0.7
2025-11-22,mgm,Isaac Okoro,CHI,MIA,REB,2.5,-125,-105,0.5555555555555556,0.5121951219512195,0.5203045685279188,0.4796954314720812,0.5795001070875768,0.05919553855965798,0.04310019275763832,0.053875240947047764,24.943940202883077,2.9598286899092106,2.2920975593715163,0.7
2025-11-22,fanduel,Isaiah Collier,UTA,OKC,AST,5.5,-120,-106,0.5454545454545454,0.5145631067961165,0.5145711906744379,0.48542880932556204,0.31887453636281693,-0.19569665431162098,-0.4153966833348356,0.0,19.060321309487726,4.736567467189118,1.6213981001973623,0.7
2025-11-22,fanduel,Isaiah Collier,UTA,OKC,PTS,7.5,-128,100,0.5614035087719298,0.5,0.5289256198347108,0.4710743801652893,0.6130327158346505,0.08410709599993971,0.09196452508047115,0.11771459210300293,19.060321309487726,8.66361850751245,4.051142931328179,0.7
2025-11-22,fanduel,Isaiah Collier,UTA,OKC,REB,2.5,-118,-108,0.5412844036697247,0.5192307692307693,0.510397604391948,0.4896023956080519,0.6142088520289661,0.1038112476370181,0.13472482832470012,0.15897529742314628,19.060321309487726,3.032866557029639,1.8355352953038744,0.7
2025-11-22,mgm,Isaiah Hartenstein,OKC,@UTA,AST,2.5,-165,125,0.6226415094339622,0.4444444444444444,0.5834970530451867,0.4165029469548134,0.39533804159659913,-0.1881590114485876,-0.36506314531455286,0.0,21.436522661012454,2.1136261242756054,1.4556373522265147,0.7
2025-11-22,fanduel,Isaiah Hartenstein,OKC,@UTA,PTS,11.5,-120,-106,0.5454545454545454,0.5145631067961165,0.5145711906744379,0.48542880932556204,0.272911924385411,-0.2416592662890269,-0.4996614719600798,0.0,21.436522661012454,8.856050487920708,4.377184099409093,0.7
2025-11-22,betrivers,Isaiah Hartenstein,OKC,@UTA,REB,9.5,-137,102,0.5780590717299579,0.49504950495049505,0.5386771518667031,0.461322848133297,0.2635351225176781,-0.275142029349025,-0.5441034741847467,0.0,21.436522661012454,7.936041074566267,2.4727223987967446,0.7
2025-11-22,caesars,Isaiah Jackson,IND,@CLE,PTS,8.5,110,-148,0.47619047619047616,0.5967741935483871,0.4438081603435934,0.5561918396564066,0.17634659295688893,-0.26746156738670446,-0.6296721547905333,0.0,11.778706663388247,5.708851206000736,3.00324363952891,0.7
2025-11-22,draftkings,Isaiah Jackson,IND,@CLE,REB,6.5,-133,101,0.5708154506437768,0.4975124378109453,0.5343073571442848,0.46569264285571527,0.059229911945099634,-0.47507744519918516,-0.8962363196751262,0.0,11.778706663388247,3.8121475499239663,1.721579697951631,0.7
2025-11-22,mgm,Isaiah Joe,OKC,@UTA,AST,1.5,-135,100,0.574468085106383,0.5,0.5346534653465347,0.4653465346534653,0.41427029983437935,-0.12038316551215533,-0.2788628113994137,0.0,18.89212827988338,1.2271717599112506,1.2597479102639002,0.7
2025-11-22,draftkings,Isaiah Joe,OKC,@UTA,PTS,11.5,-121,-105,0.5475113122171946,0.5121951219512195,0.5166631951676735,0.4833368048323266,0.34691558066308215,-0.1697476145045913,-0.3663773278798252,0.0,18.89212827988338,9.860352357691994,4.1651233994397305,0.7
2025-11-22,draftkings,Isaiah Joe,OKC,@UTA,REB,2.5,-109,-120,0.5215311004784688,0.5454545454545454,0.4887892376681614,0.5112107623318386,0.4763378343734893,-0.012451403294672092,-0.08665497812789663,0.0,18.89212827988338,2.394592317130753,1.7761227045255794,0.7
2025-11-22,draftkings,Jaden McDaniels,MIN,@PHX,AST,2.5,113,-149,0.4694835680751174,0.5983935742971888,0.4396419301869802,0.5603580698130197,0.38798452632617686,-0.051657403860803364,-0.17359295892524335,0.0,25.5236028214867,2.017813587861415,1.6944033489268047,0.7
2025-11-22,draftkings,Jaden McDaniels,MIN,@PHX,PTS,13.5,-120,-106,0.5454545454545454,0.5145631067961165,0.5145711906744379,0.48542880932556204,0.5240728786873654,0.0095016880129275,-0.03919972240649672,0.0,25.5236028214867,13.819866408101253,5.297693911956041,0.7
2025-11-22,fanduel,Jaden McDaniels,MIN,@PHX,REB,4.5,-104,-122,0.5098039215686274,0.5495495495495496,0.48124062031015497,0.5187593796898449,0.45053842610768946,-0.030702194202465505,-0.11625154878876298,0.0,25.5236028214867,4.202742095363573,2.391433636858889,0.7
2025-11-22,mgm,Jakob Poeltl,TOR,WAS,AST,1.5,-190,140,0.6551724137931034,0.4166666666666667,0.6112600536193029,0.38873994638069703,0.4580480425945407,-0.15321201102476223,-0.30087404025043796,0.0,23.12860536138446,1.339320820551789,1.5251573521184372,0.7
2025-11-22,mgm,Jakob Poeltl,TOR,WAS,PTS,13.5,-120,-110,0.5454545454545454,0.5238095238095238,0.5101214574898786,0.48987854251012153,0.25190451972653805,-0.25821693776334054,-0.5381750471680136,0.0,23.12860536138446,10.341297433786487,4.724999651130529,0.7
2025-11-22,fanduel,Jakob Poeltl,TOR,WAS,REB,10.5,110,-140,0.47619047619047616,0.5833333333333334,0.449438202247191,0.550561797752809,0.08372212158363568,-0.3657160806635553,-0.824183544674365,0.0,23.12860536138446,7.12496141356697,2.4448604937705722,0.7
2025-11-22,mgm,Jalen Smith,CHI,MIA,AST,1.5,130,-175,0.43478260869565216,0.6363636363636364,0.4059040590405904,0.5940959409594095,0.4373624389693789,0.03145837992878847,0.005933609629571457,0.00456431509967018,15.205552589428725,1.333484846961352,1.0561674654684703,0.7
2025-11-22,mgm,Jalen Smith,CHI,MIA,PTS,8.5,-120,-110,0.5454545454545454,0.5238095238095238,0.5101214574898786,0.48987854251012153,0.5011261007305372,-0.008995356759341377,-0.08126881532734842,0.0,15.205552589428725,8.51042924179346,3.6947493824772115,0.7
2025-11-22,draftkings,Jalen Smith,CHI,MIA,REB,5.5,-127,-103,0.5594713656387665,0.5073891625615764,0.5244090964566128,0.4755909035433872,0.13682315229642672,-0.3875859441601861,-0.7554420821158357,0.0,15.205552589428725,3.6443903684234216,1.6950787714892162,0.7
2025-11-22,mgm,Jamal Murray,DEN,@HOU,AST,5.5,-145,110,0.5918367346938775,0.47619047619047616,0.554140127388535,0.4458598726114649,0.3087755306573683,-0.24536459673116673,-0.4782758275099639,0.0,26.68456703484469,4.561448273274943,1.8796442581544788,0.7
2025-11-22,caesars,Jamal Murray,DEN,@HOU,PTS,21.5,-115,-115,0.5348837209302325,0.5348837209302325,0.5,0.5,0.26875614019759075,-0.23124385980240925,-0.4975428683262434,0.0,26.68456703484469,17.957349949950387,5.745652345952564,0.7
2025-11-22,mgm,Jamal Murray,DEN,@HOU,REB,3.5,-118,-110,0.5412844036697247,0.5238095238095238,0.5082034454470877,0.49179655455291227,0.5857181172487627,0.07751467180167493,0.08208940305279877,0.09686549560230255,26.68456703484469,4.036218632334735,2.4762576660128377,0.7
2025-11-22,mgm,Jamal Shead,TOR,WAS,AST,4.5,-150,115,0.6,0.46511627906976744,0.5633187772925764,0.43668122270742354,0.31036478758085984,-0.25295398971171656,-0.4827253540319003,0.0,16.776382762130982,3.784577280212185,1.445834069548682,0.7
2025-11-22,fanduel,Jamal Shead,TOR,WAS,PTS,6.5,-108,-118,0.5192307692307693,0.5412844036697247,0.4896023956080519,0.510397604391948,0.36346262611794633,-0.12613976949010558,-0.29999790525432557,0.0,16.776382762130982,5.3077083803816985,3.414170498711469,0.7
2025-11-22,mgm,Jamal Shead,TOR,WAS,REB,1.5,-175,130,0.6363636363636364,0.43478260869565216,0.5940959409594095,0.4059040590405904,0.6543752456050139,0.06027930464560438,0.028303957379307576,0.04953192541378826,16.776382762130982,2.1341627518686557,1.5967439340273557,0.7
2025-11-22,mgm,Jarace Walker,IND,@CLE,AST,1.5,-165,125,0.6226415094339622,0.4444444444444444,0.5834970530451867,0.4165029469548134,0.37204186349468227,-0.21145518955050446,-0.4024782192358133,0.0,16.07474797147775,1.1447088628721553,1.088346973093124,0.7
2025-11-22,fanduel,Jarace Walker,IND,@CLE,PTS,8.5,-113,-113,0.5305164319248826,0.5305164319248826,0.5,0.5,0.28327174055109094,-0.21672825944890906,-0.46604530320900556,0.0,16.07474797147775,6.5162444906091705,3.461148524955156,0.7
2025-11-22,fanduel,Jarace Walker,IND,@CLE,REB,4.5,134,-172,0.42735042735042733,0.6323529411764706,0.40327363302099395,0.596726366979006,0.06110668883748427,-0.3421669441835097,-0.8570103481202868,0.0,16.07474797147775,2.113779148423528,1.543930281277781,0.7
2025-11-22,fanduel,Jay Huff,IND,@CLE,PTS,6.5,-118,-108,0.5412844036697247,0.5192307692307693,0.510397604391948,0.4896023956080519,0.29869443482969094,-0.2117031695622571,-0.4481746881959947,0.0,11.141381853946397,5.012435989998939,2.816507051498759,0.7
2025-11-22,fanduel,Jay Huff,IND,@CLE,REB,3.5,-108,-118,0.5192307692307693,0.5412844036697247,0.4896023956080519,0.510397604391948,0.15302240889212915,-0.33657998671592276,-0.7052901754670106,0.0,11.141381853946397,2.176559329120832,1.2929825743834402,0.7
2025-11-22,draftkings,Jaylen Brown,BOS,BKN,AST,4.5,109,-143,0.4784688995215311,0.588477366255144,0.44844704449406686,0.5515529555059332,0.3758672361343116,-0.07257980835975525,-0.21443747647928868,0.0,26.609808102345415,3.918118497201883,1.8393415738194483,0.7
2025-11-22,fanduel,Jaylen Brown,BOS,BKN,PTS,26.5,-108,-118,0.5192307692307693,0.5412844036697247,0.4896023956080519,0.510397604391948,0.22297936876921143,-0.2666230268388405,-0.570558252740778,0.0,26.609808102345415,21.876062380987953,6.066808637485892,0.7
2025-11-22,fanduel,Jaylen Brown,BOS,BKN,REB,5.5,-122,-104,0.5495495495495496,0.5098039215686274,0.5187593796898449,0.48124062031015497,0.4196344426074954,-0.09912493708234948,-0.23640289951750837,0.0,26.609808102345415,4.990233561631713,2.513284910225591,0.7
2025-11-22,mgm,Jaylen Clark,MIN,@PHX,AST,0.5,115,-150,0.46511627906976744,0.6,0.43668122270742354,0.5633187772925764,0.5346302450584126,0.09794902235098907,0.1494550268755871,0.12996089293529303,12.045577862181224,0.5703113160570612,0.808971492399773,0.7
2025-11-22,mgm,Jaylen Clark,MIN,@PHX,PTS,3.5,-140,105,0.5833333333333334,0.4878048780487805,0.5445920303605313,0.4554079696394686,0.4588272527113436,-0.08576477764918766,-0.21343899535198235,0.0,12.045577862181224,3.2389662250253854,2.5247812892796753,0.7
2025-11-22,mgm,Jaylen Clark,MIN,@PHX,REB,1.5,-190,140,0.6551724137931034,0.4166666666666667,0.6112600536193029,0.38873994638069703,0.6661255636624516,0.05486551004314866,0.016717965590057615,0.031764134621109365,12.045577862181224,2.0565978062909642,1.2967065853442088,0.7
2025-11-22,mgm,Jaylon Tyson,CLE,IND,AST,1.5,-120,-110,0.5454545454545454,0.5238095238095238,0.5101214574898786,0.48987854251012153,0.6132918674632739,0.10317040997339533,0.12436842368266887,0.14924210841920277,20.518417462482944,1.9005451618730613,1.3912205635473882,0.7
2025-11-22,mgm,Jaylon Tyson,CLE,IND,PTS,8.5,-118,-115,0.5412844036697247,0.5348837209302325,0.5029738302934179,0.4970261697065821,0.5611124277808353,0.05813859748741734,0.036631434374763405,0.043225092562220756,20.518417462482944,9.158061926556803,4.278958189326586,0.7
2025-11-22,mgm,Jaylon Tyson,CLE,IND,REB,3.5,-155,115,0.6078431372549019,0.46511627906976744,0.5665108372290693,0.43348916277093075,0.42226176501492174,-0.1442490722141475,-0.305311289814161,0.0,20.518417462482944,3.1180037970757577,1.9478601839731744,0.7
2025-11-22,mgm,Jerami Grant,POR,@GSW,AST,2.5,-135,100,0.574468085106383,0.5,0.5346534653465347,0.4653465346534653,0.49115898782208156,-0.04349447752445312,-0.14501953971711729,0.0,21.751718935855408,2.466889098604374,1.4939756813760767,0.7
2025-11-22,caesars,Jerami Grant,POR,@GSW,PTS,22.5,-105,-128,0.5121951219512195,0.5614035087719298,0.47708250298923877,0.5229174970107613,0.02734788607622396,-0.4497346169130148,-0.9466065081368961,0.0,21.751718935855408,13.25105903008169,4.8139346306273545,0.7
2025-11-22,mgm,Jerami Grant,POR,@GSW,REB,3.5,-155,115,0.6078431372549019,0.46511627906976744,0.5665108372290693,0.43348916277093075,0.3876864139379893,-0.17882442329107995,-0.36219331900524343,0.0,21.751718935855408,2.9204998504967143,2.0308102816894915,0.7
2025-11-22,betrivers,Jeremiah Fears,NOP,@DAL,AST,2.5,-155,116,0.6078431372549019,0.46296296296296297,0.5676500508646999,0.43234994913530017,0.28563827946736986,-0.28201177139733,-0.5300789595859399,0.0,17.825226000860958,1.8004857437701973,1.2355144817923163,0.7
2025-11-22,mgm,Jeremiah Fears,NOP,@DAL,PTS,14.5,-110,-118,0.5238095238095238,0.5412844036697247,0.49179655455291227,0.5082034454470877,0.19742745591316513,-0.29436909863974714,-0.6230930387112302,0.0,17.825226000860958,10.912549559535316,4.216333499440584,0.7
2025-11-22,mgm,Jeremiah Fears,NOP,@DAL,REB,2.5,-155,115,0.6078431372549019,0.46511627906976744,0.5665108372290693,0.43348916277093075,0.4898875320241147,-0.07662330520495453,-0.1940559957022629,0.0,17.825226000860958,2.456894533828164,1.7003516093805138,0.7
2025-11-22,mgm,Jonas Valanciunas,DEN,@HOU,AST,0.5,-225,170,0.6923076923076923,0.37037037037037035,0.6514745308310992,0.34852546916890076,0.7975744084333758,0.1460998776022766,0.15205192329265388,0.25,8.34808079575273,1.1661630345502432,0.7997265139236239,0.7
2025-11-22,mgm,Jonas Valanciunas,DEN,@HOU,PTS,6.5,105,-140,0.4878048780487805,0.5833333333333334,0.4554079696394686,0.5445920303605313,0.7169270015442335,0.2615190319047649,0.4697003531656787,0.25,8.34808079575273,9.342200668631998,4.953841584658181,0.7
2025-11-22,mgm,Jonas Valanciunas,DEN,@HOU,REB,3.5,-150,115,0.6,0.46511627906976744,0.5633187772925764,0.43668122270742354,0.19963556677721583,-0.36368321051536057,-0.667274055371307,0.0,8.34808079575273,2.328173478570511,1.390192920978347,0.7
2025-11-22,mgm,Jordan Goodwin,PHX,MIN,AST,2.5,115,-155,0.46511627906976744,0.6078431372549019,0.43348916277093075,0.5665108372290693,0.2321176067393741,-0.20137155603155665,-0.5009471455103457,0.0,13.760539629005057,1.7380392973579804,1.0410852113419125,0.7
2025-11-22,mgm,Jordan Goodwin,PHX,MIN,PTS,7.5,-105,-130,0.5121951219512195,0.5652173913043478,0.4753937007874017,0.5246062992125985,0.3075714933257474,-0.16782220746165427,-0.3995032749354456,0.0,13.760539629005057,5.916880403361071,3.148946279962708,0.7
2025-11-22,mgm,Jordan Goodwin,PHX,MIN,REB,3.5,-150,110,0.6,0.47619047619047616,0.5575221238938053,0.4424778761061947,0.4322371479915159,-0.12528497590228937,-0.2796047533474735,0.0,13.760539629005057,3.230376730077785,1.5796875596429478,0.7
2025-11-22,mgm,Jordan Hawkins,NOP,@DAL,AST,0.5,-175,130,0.6363636363636364,0.43478260869565216,0.5940959409594095,0.4059040590405904,0.741314478980813,0.1472185380214035,0.16492275268413475,0.25,11.516142918639689,1.0444008243838312,0.8408992201221581,0.7
2025-11-22,mgm,Jordan Hawkins,NOP,@DAL,PTS,6.5,-105,-130,0.5121951219512195,0.5652173913043478,0.4753937007874017,0.5246062992125985,0.12383417684531839,-0.3515595239420833,-0.758228511873426,0.0,11.516142918639689,3.582757247813139,2.5234980638425992,0.7
2025-11-22,mgm,Jordan Hawkins,NOP,@DAL,REB,1.5,-160,125,0.6153846153846154,0.4444444444444444,0.5806451612903226,0.4193548387096774,0.49630099508713366,-0.08434416620318896,-0.1935108829834078,0.0,11.516142918639689,1.4891795192460688,1.1669855854575353,0.7
2025-11-22,mgm,Jordan Walsh,BOS,BKN,AST,0.5,-190,140,0.6551724137931034,0.4166666666666667,0.6112600536193029,0.38873994638069703,0.7144027387493139,0.10314268513001101,0.09040418019632124,0.17176794237301016,19.681810726586846,1.240901982606347,1.3083364944607745,0.7
2025-11-22,mgm,Jordan Walsh,BOS,BKN,PTS,4.5,-145,110,0.5918367346938775,0.47619047619047616,0.554140127388535,0.4458598726114649,0.5417302786311142,-0.012409848757420794,-0.08466263265777246,0.0,19.681810726586846,4.901889701231359,3.8350528709008516,0.7
2025-11-22,betrivers,Jordan Walsh,BOS,BKN,REB,4.5,-150,112,0.6,0.4716981132075472,0.5598591549295775,0.44014084507042256,0.449778240055708,-0.1100809148738695,-0.25036959990715335,0.0,19.681810726586846,4.249502151192691,1.984587141952006,0.7
2025-11-22,mgm,Jose Alvarado,NOP,@DAL,AST,2.5,-115,-115,0.5348837209302325,0.5348837209302325,0.5,0.5,0.23859217547569567,-0.26140782452430433,-0.5539363675889168,0.0,14.546706844597503,1.7381713348270438,1.0717324946320779,0.7
2025-11-22,fanduel,Jose Alvarado,NOP,@DAL,PTS,7.5,102,-130,0.49504950495049505,0.5652173913043478,0.4669102720259846,0.5330897279740154,0.22421952462066486,-0.24269074740531976,-0.547076560266257,0.0,14.546706844597503,5.145984979728866,3.105479044153293,0.7
2025-11-22,mgm,Jose Alvarado,NOP,@DAL,REB,2.5,145,-190,0.40816326530612246,0.6551724137931034,0.3838517538054269,0.6161482461945731,0.3454944297264255,-0.03835732407900139,-0.15353864717025745,0.0,14.546706844597503,1.9357739504790747,1.4193885232974053,0.7
2025-11-22,draftkings,Josh Giddey,CHI,MIA,AST,8.5,-146,111,0.5934959349593496,0.47393364928909953,0.5560047648269141,0.4439952351730859,0.5480685837397283,-0.007936181087185745,-0.07654197534264956,0.0,30.24025627335825,8.779693039355912,2.3156636001806046,0.7
2025-11-22,draftkings,Josh Giddey,CHI,MIA,PTS,21.5,-106,-121,0.5145631067961165,0.5475113122171946,0.48448874917273327,0.5155112508272668,0.3211118248396222,-0.16337692433311107,-0.37595249134941344,0.0,30.24025627335825,18.605524695498765,6.230144286587997,0.7
2025-11-22,mgm,Josh Giddey,CHI,MIA,REB,9.5,110,-145,0.47619047619047616,0.5918367346938775,0.4458598726114649,0.554140127388535,0.3070457468766412,-0.1388141257348237,-0.35520393155905344,0.0,30.24025627335825,8.021467624344549,2.932189426652625,0.7
2025-11-22,fanduel,Josh Minott,BOS,BKN,PTS,5.5,-130,102,0.5652173913043478,0.49504950495049505,0.5330897279740154,0.4669102720259846,0.38708482298871716,-0.14600490498529828,-0.31515762086611576,0.0,12.91126783664097,4.6795936473103765,2.8593046014341192,0.7
2025-11-22,fanduel,Josh Minott,BOS,BKN,REB,3.5,-140,110,0.5833333333333334,0.47619047619047616,0.550561797752809,0.449438202247191,0.41831084166432864,-0.13225095608848036,-0.28289570000400804,0.0,12.91126783664097,3.1798005053229423,1.5527334783874223,0.7
2025-11-22,fanduel,Julius Randle,MIN,@PHX,AST,5.5,-115,-111,0.5348837209302325,0.5260663507109005,0.5041554124246831,0.4958445875753168,0.549814165802892,0.045658753378208905,0.02791344041410243,0.03210045647621773,26.825827455236023,5.745929680760631,1.9644224337164715,0.7
2025-11-22,mgm,Julius Randle,MIN,@PHX,PTS,21.5,-120,-110,0.5454545454545454,0.5238095238095238,0.5101214574898786,0.48987854251012153,0.5394538676957428,0.02933241020586419,-0.01100124255780488,0.0,26.825827455236023,22.10471689345328,6.104678500409394,0.7
2025-11-22,mgm,Julius Randle,MIN,@PHX,REB,6.5,-145,110,0.5918367346938775,0.47619047619047616,0.554140127388535,0.4458598726114649,0.4702504104023233,-0.08388971698621173,-0.20543896173400544,0.0,26.825827455236023,6.305880239976208,2.600732747381201,0.7
2025-11-22,betrivers,Jusuf Nurkic,UTA,OKC,AST,3.5,114,-150,0.4672897196261682,0.6,0.43782837127845886,0.5621716287215411,0.2749820731026609,-0.162846298175798,-0.41153836356030576,0.0,20.515307668990605,2.6387644421154532,1.4406416872439285,0.7
2025-11-22,betrivers,Jusuf Nurkic,UTA,OKC,PTS,9.5,107,-109,0.4830917874396135,0.5215311004784688,0.4808687849435152,0.5191312150564849,0.9782608332333982,0.497392048289883,1.0249999247931343,0.25,20.515307668990605,21.212457198379763,5.80087232093785,0.7
2025-11-22,mgm,Jusuf Nurkic,UTA,OKC,REB,9.5,-115,-115,0.5348837209302325,0.5348837209302325,0.5,0.5,0.4727248751476786,-0.02727512485232142,-0.1162100160282531,0.0,20.515307668990605,9.318645184746147,2.65053566729252,0.7
2025-11-22,mgm,Kel'el Ware,MIA,@CHI,AST,0.5,-118,-115,0.5412844036697247,0.5348837209302325,0.5029738302934179,0.4970261697065821,0.6071854438779343,0.10421161358451636,0.12174937936770902,0.14366426765389678,18.243377334095076,0.8271474173262777,1.202788649255327,0.7
2025-11-22,draftkings,Kel'el Ware,MIA,@CHI,PTS,11.5,100,-128,0.5,0.5614035087719298,0.4710743801652893,0.5289256198347108,0.09728359829881816,-0.37379078186647113,-0.8054328034023637,0.0,18.243377334095076,6.640570185448798,3.7461318690755876,0.7
2025-11-22,draftkings,Kel'el Ware,MIA,@CHI,REB,9.5,108,-143,0.4807692307692308,0.588477366255144,0.4496336318555252,0.5503663681444749,0.3695290802691653,-0.08010455158635987,-0.23137951304013615,0.0,18.243377334095076,8.641935993661079,2.575988670528876,0.7
2025-11-22,mgm,Kevin Durant,HOU,DEN,AST,3.5,-115,-115,0.5348837209302325,0.5348837209302325,0.5,0.5,0.5522075877922652,0.0522075877922652,0.03238809891597405,0.03724631375337003,34.050343249427925,3.7973361320844785,2.265577022639719,0.7
2025-11-22,fanduel,Kevin Durant,HOU,DEN,PTS,26.5,-104,-120,0.5098039215686274,0.5454545454545454,0.4831081081081081,0.5168918918918919,0.28430509564951323,-0.19880301245859489,-0.44232462007210865,0.0,34.050343249427925,22.530980557544286,6.961976298300373,0.7
2025-11-22,mgm,Kevin Durant,HOU,DEN,REB,4.5,-105,-130,0.5121951219512195,0.5652173913043478,0.4753937007874017,0.5246062992125985,0.46422209105731727,-0.011171609730084409,-0.09366163174523773,0.0,34.050343249427925,4.221782291508377,3.098107389354057,0.7
2025-11-22,caesars,Keyonte George,UTA,OKC,AST,5.5,-120,-112,0.5454545454545454,0.5283018867924528,0.5079872204472844,0.4920127795527157,0.19910189556827884,-0.30888532487900555,-0.634979858124822,0.0,24.734768111548956,4.022331330298511,1.7490648962184736,0.7
2025-11-22,fanduel,Keyonte George,UTA,OKC,PTS,18.5,100,-128,0.5,0.5614035087719298,0.4710743801652893,0.5289256198347108,0.3871437805838236,-0.0839305995814657,-0.2257124388323528,0.0,24.734768111548956,16.93532104815957,5.456193900065392,0.7
2025-11-22,betrivers,Keyonte George,UTA,OKC,REB,3.5,130,-175,0.43478260869565216,0.6363636363636364,0.4059040590405904,0.5940959409594095,0.4502675813576942,0.044363522317103776,0.03561543712269666,0.027396490094381873,24.734768111548956,3.21445123251007,2.284658232484648,0.7
2025-11-22,mgm,Khris Middleton,WAS,@TOR,AST,2.5,-140,105,0.5833333333333334,0.4878048780487805,0.5445920303605313,0.4554079696394686,0.27901177371993713,-0.26558025664059415,-0.5216941021943935,0.0,20.602534021586113,1.6888810215506518,1.3846825656510182,0.7
2025-11-22,draftkings,Khris Middleton,WAS,@TOR,PTS,10.5,-105,-121,0.5121951219512195,0.5475113122171946,0.4833368048323266,0.5166631951676735,0.27929689944478653,-0.20403990538754008,-0.4547060534649406,0.0,20.602534021586113,8.045584443699639,4.196073716190452,0.7
2025-11-22,betrivers,Khris Middleton,WAS,@TOR,REB,3.5,-141,106,0.5850622406639004,0.4854368932038835,0.5465321943325933,0.4534678056674068,0.3778419495866665,-0.16869024474592675,-0.35418503652208067,0.0,20.602534021586113,2.896388320171011,1.939915823505585,0.7
2025-11-22,fanduel,Klay Thompson,DAL,NOP,PTS,12.5,100,-128,0.5,0.5614035087719298,0.4710743801652893,0.5289256198347108,0.054694778178179915,-0.4163796019871094,-0.8906104436436402,0.0,15.833679833679835,6.914082675862462,3.489142031476552,0.7
2025-11-22,fanduel,Klay Thompson,DAL,NOP,REB,2.5,-113,-113,0.5305164319248826,0.5305164319248826,0.5,0.5,0.2511835854836353,-0.24881641451636471,-0.5265300556812892,0.0,15.833679833679835,1.5102335003953962,1.4755680081037437,0.7
2025-11-22,mgm,Kris Murray,POR,@GSW,AST,1.5,-110,-118,0.5238095238095238,0.5412844036697247,0.49179655455291227,0.5082034454470877,0.3280945515606548,-0.16370200299225746,-0.37363767429329536,0.0,18.38173431199049,0.9584379609797533,1.2164991008381687,0.7
2025-11-22,fanduel,Kris Murray,POR,@GSW,PTS,7.5,-128,100,0.5614035087719298,0.5,0.5289256198347108,0.4710743801652893,0.14611964354387208,-0.3828059762908387,-0.7397243849374778,0.0,18.38173431199049,3.7596098315418716,3.55137890750469,0.7
2025-11-22,fanduel,Kris Murray,POR,@GSW,REB,4.5,104,-132,0.49019607843137253,0.5689655172413793,0.46281519310564956,0.5371848068943506,0.21875202835687824,-0.24406316474877132,-0.5537458621519684,0.0,18.38173431199049,3.1063550487435205,1.7949745326138093,0.7
2025-11-22,mgm,Kyle Filipowski,UTA,OKC,AST,1.5,110,-150,0.47619047619047616,0.6,0.4424778761061947,0.5575221238938053,0.44679946535106685,0.004321589244872137,-0.061721122762759595,0.0,15.422855410730525,1.3569061847916877,1.0698467934007436,0.7
2025-11-22,caesars,Kyle Filipowski,UTA,OKC,PTS,7.5,-122,-111,0.5495495495495496,0.5260663507109005,0.5109161638615434,0.4890838361384566,0.3654268235322119,-0.14548934032933147,-0.3350429932446636,0.0,15.422855410730525,6.341534594616482,3.3677278152895362,0.7
2025-11-22,draftkings,Kyle Filipowski,UTA,OKC,REB,5.5,-104,-126,0.5098039215686274,0.5575221238938053,0.4776459112339457,0.5223540887660543,0.19339780722281763,-0.28424810401112804,-0.6206427627552423,0.0,15.422855410730525,3.9792339178098626,1.7572108679503828,0.7
2025-11-22,mgm,Kyshawn George,WAS,@TOR,AST,4.5,105,-140,0.4878048780487805,0.5833333333333334,0.4554079696394686,0.5445920303605313,0.32156425579249426,-0.13384371384697435,-0.34079327562538675,0.0,24.11637728765838,3.7133043388534976,1.6979199267763327,0.7
2025-11-22,caesars,Kyshawn George,WAS,@TOR,PTS,15.5,-113,-118,0.5305164319248826,0.5412844036697247,0.4949766918501849,0.5050233081498151,0.33467627384032395,-0.16030041800986095,-0.3691500324956726,0.0,24.11637728765838,13.329736547590926,5.082146589245531,0.7
2025-11-22,fanduel,Kyshawn George,WAS,@TOR,REB,6.5,118,-150,0.45871559633027525,0.6,0.43327556325823224,0.5667244367417678,0.09381925960291326,-0.339456303655319,-0.7954740140656491,0.0,24.11637728765838,3.5366944340348305,2.249022339776365,0.7
2025-11-22,draftkings,Lauri Markkanen,UTA,OKC,AST,1.5,-132,100,0.5689655172413793,0.5,0.532258064516129,0.4677419354838709,0.6363422300573596,0.10408416554123057,0.11841967707051076,0.1563139737330743,25.17126401939982,2.0841079178850883,1.6751079413487628,0.7
2025-11-22,draftkings,Lauri Markkanen,UTA,OKC,PTS,23.5,-117,-109,0.5391705069124424,0.5215311004784688,0.5083149711054754,0.4916850288945246,0.3274321809044871,-0.1808827902009883,-0.3927112542198829,0.0,25.17126401939982,20.878108681675595,5.865334256474056,0.7
2025-11-22,mgm,Lauri Markkanen,UTA,OKC,REB,5.5,-115,-115,0.5348837209302325,0.5348837209302325,0.5,0.5,0.32731132312422984,-0.17268867687577016,-0.3880701350286138,0.0,25.17126401939982,4.437120826578965,2.3759474221743373,0.7
2025-11-22,fanduel,Lonzo Ball,CLE,IND,AST,4.5,114,-146,0.4672897196261682,0.5934959349593496,0.44051285724518296,0.5594871427548169,0.09012056046052108,-0.3503922967846619,-0.8071420006144849,0.0,15.570713960891313,2.805040256713617,1.2648830664870774,0.7
2025-11-22,fanduel,Lonzo Ball,CLE,IND,PTS,6.5,-128,100,0.5614035087719298,0.5,0.5289256198347108,0.4710743801652893,0.2633309123967843,-0.26559470743792646,-0.5309418122932279,0.0,15.570713960891313,4.498654717258455,3.1611336774139946,0.7
2025-11-22,fanduel,Lonzo Ball,CLE,IND,REB,3.5,-113,-113,0.5305164319248826,0.5305164319248826,0.5,0.5,0.23281845738092766,-0.26718154261907234,-0.5611475095386054,0.0,15.570713960891313,2.3786834111371977,1.5368998081449812,0.7
2025-11-22,mgm,Luguentz Dort,OKC,@UTA,AST,1.5,105,-140,0.4878048780487805,0.5833333333333334,0.4554079696394686,0.5445920303605313,0.35044016404691625,-0.10496780559255237,-0.28159766370382167,0.0,21.849986747945927,0.9491323948838555,1.4340566525215177,0.7
2025-11-22,fanduel,Luguentz Dort,OKC,@UTA,PTS,9.5,100,-128,0.5,0.5614035087719298,0.4710743801652893,0.5289256198347108,0.2134836676060139,-0.2575907125592754,-0.5730326647879722,0.0,21.849986747945927,6.114780135727231,4.26139791807579,0.7
2025-11-22,mgm,Luguentz Dort,OKC,@UTA,REB,3.5,-120,-110,0.5454545454545454,0.5238095238095238,0.5101214574898786,0.48987854251012153,0.44444566538866426,-0.06567579210121433,-0.18518294678744884,0.0,21.849986747945927,3.2129339363920626,2.054769162347876,0.7
2025-11-22,fanduel,Luka Garza,BOS,BKN,PTS,7.5,-128,100,0.5614035087719298,0.5,0.5289256198347108,0.4710743801652893,0.289892840209905,-0.23903277962480574,-0.48362837837610667,0.0,12.596358865015581,5.808949294550919,3.0541040657586467,0.7
2025-11-22,fanduel,Luka Garza,BOS,BKN,REB,5.5,130,-166,0.43478260869565216,0.6240601503759399,0.4106205619018215,0.5893794380981784,0.16553755078789467,-0.24508301111392683,-0.6192636331878423,0.0,12.596358865015581,3.840268938897652,1.7076289478787117,0.7
2025-11-22,mgm,Mark Williams,PHX,MIN,AST,1.5,160,-220,0.38461538461538464,0.6875,0.3587443946188341,0.641255605381166,0.281152995496732,-0.07759139912210211,-0.26900221170849675,0.0,17.672849915682967,0.8238070092555041,1.1670175345525842,0.7
2025-11-22,draftkings,Mark Williams,PHX,MIN,PTS,11.5,-111,-115,0.5260663507109005,0.5348837209302325,0.4958445875753168,0.5041554124246831,0.252812865515184,-0.2430317220601328,-0.5194277961828484,0.0,17.672849915682967,8.884812149189374,3.92868906966602,0.7
2025-11-22,fanduel,Mark Williams,PHX,MIN,REB,8.5,102,-130,0.49504950495049505,0.5652173913043478,0.4669102720259846,0.5330897279740154,0.06313735055734815,-0.40377292146863647,-0.8724625518741568,0.0,17.672849915682967,5.385117812261211,2.0372573432401015,0.7
2025-11-22,mgm,Matas Buzelis,CHI,MIA,AST,1.5,155,-210,0.39215686274509803,0.6774193548387096,0.3666469544648137,0.6333530455351862,0.39670512900678645,0.030058174541972738,0.01159807896730547,0.007482631591809908,23.747997864388683,1.0919891839605314,1.5579782211366346,0.7
2025-11-22,fanduel,Matas Buzelis,CHI,MIA,PTS,14.5,100,-128,0.5,0.5614035087719298,0.4710743801652893,0.5289256198347108,0.3356125716659285,-0.1354618084993608,-0.328774856668143,0.0,23.747997864388683,12.393687951392945,4.962249613109315,0.7
2025-11-22,fanduel,Matas Buzelis,CHI,MIA,REB,4.5,-162,126,0.6183206106870229,0.4424778761061947,0.5828822517990193,0.4171177482009807,0.5407078094654945,-0.04217444233352485,-0.1255219377780275,0.0,23.747997864388683,4.733937235993621,2.288631854458986,0.7
2025-11-22,draftkings,Max Christie,DAL,NOP,AST,2.5,111,-147,0.47393364928909953,0.5951417004048583,0.4433117360949082,0.5566882639050917,0.2818957050065143,-0.16141603108839392,-0.40520006243625484,0.0,19.692307692307693,1.7299976348876953,1.333986131657543,0.7
2025-11-22,fanduel,Max Christie,DAL,NOP,PTS,12.5,100,-128,0.5,0.5614035087719298,0.4710743801652893,0.5289256198347108,0.09304796654183134,-0.37802641362345796,-0.8139040669163373,0.0,19.692307692307693,7.21211653489333,3.999255675376801,0.7
2025-11-22,mgm,Max Christie,DAL,NOP,REB,3.5,100,-135,0.5,0.574468085106383,0.4653465346534653,0.5346534653465347,0.2915663209308623,-0.173780213722603,-0.41686735813827536,0.0,19.692307692307693,2.487866621751052,1.8442170625488576,0.7
2025-11-22,mgm,Mike Conley,MIN,@PHX,AST,2.5,-160,120,0.6153846153846154,0.45454545454545453,0.5751633986928104,0.4248366013071895,0.4666551024582227,-0.10850829623458769,-0.24168545850538808,0.0,15.952251763429189,2.39829656486594,1.215373269972032,0.7
2025-11-22,mgm,Mike Conley,MIN,@PHX,PTS,4.5,-135,100,0.574468085106383,0.5,0.5346534653465347,0.4653465346534653,0.5173466707901377,-0.017306794556396943,-0.09943357306901951,0.0,15.952251763429189,4.640508959361928,3.230435153173993,0.7
2025-11-22,mgm,Mike Conley,MIN,@PHX,REB,1.5,110,-150,0.47619047619047616,0.6,0.4424778761061947,0.5575221238938053,0.5231566506117329,0.08067877450553818,0.09862896628463913,0.0896626966223992,15.952251763429189,1.5865656502274021,1.4905131966064482,0.7
2025-11-22,draftkings,Moses Moody,GSW,POR,AST,1.5,-154,117,0.6062992125984252,0.4608294930875576,0.5681594069842565,0.43184059301574346,0.4901361094558079,-0.07802329752844861,-0.19159368959886236,0.0,23.39410939691445,1.4617866367561454,1.5453712457011546,0.7
2025-11-22,mgm,Moses Moody,GSW,POR,PTS,12.5,-130,100,0.5652173913043478,0.5,0.5306122448979592,0.4693877551020409,0.2913946981817058,-0.2392175467162534,-0.48445553398621277,0.0,23.39410939691445,9.900597914071104,4.732080471216273,0.7
2025-11-22,mgm,Moses Moody,GSW,POR,REB,3.5,-110,-118,0.5238095238095238,0.5412844036697247,0.49179655455291227,0.5082034454470877,0.3601107446742853,-0.131685809878627,-0.3125158510763645,0.0,23.39410939691445,2.7282783058883435,2.1546673983756675,0.7
2025-11-22,draftkings,Naji Marshall,DAL,NOP,AST,2.5,-128,-103,0.5614035087719298,0.5073891625615764,0.5252688606776097,0.4747311393223902,0.19804531429984262,-0.32722354637776707,-0.6472317839034053,0.0,19.692307692307693,1.38365965623122,1.3154713210252191,0.7
2025-11-22,mgm,Naji Marshall,DAL,NOP,PTS,11.5,-110,-120,0.5238095238095238,0.5454545454545454,0.48987854251012153,0.5101214574898786,0.20888380560699848,-0.28099473690312304,-0.6012218256593665,0.0,19.692307692307693,8.190672067495493,4.084075979066196,0.7
2025-11-22,draftkings,Naji Marshall,DAL,NOP,REB,4.5,123,-162,0.4484304932735426,0.6183206106870229,0.4203703109456728,0.5796296890543273,0.28654992076920616,-0.13382039017646663,-0.36099367668467025,0.0,19.692307692307693,3.4230672396146336,1.9111763416037566,0.7
2025-11-22,mgm,Naz Reid,MIN,@PHX,AST,1.5,-155,115,0.6078431372549019,0.46511627906976744,0.5665108372290693,0.43348916277093075,0.7004335857939556,0.1339227485648864,0.15232622179005606,0.2361056437745869,21.291372761801405,2.2655037045478816,1.4563049127385943,0.7
2025-11-22,fanduel,Naz Reid,MIN,@PHX,PTS,12.5,-111,-115,0.5260663507109005,0.5348837209302325,0.4958445875753168,0.5041554124246831,0.4956075186702855,-0.0002370689050312791,-0.057899221266394185,0.0,21.291372761801405,12.448401685260391,4.686265435822021,0.7
2025-11-22,fanduel,Naz Reid,MIN,@PHX,REB,5.5,-113,-113,0.5305164319248826,0.5305164319248826,0.5,0.5,0.43152156713521916,-0.06847843286478084,-0.18660093982476383,0.0,21.291372761801405,5.127230825077496,2.1609595757007725,0.7
2025-11-22,draftkings,Neemias Queta,BOS,BKN,AST,1.5,-123,-107,0.5515695067264574,0.5169082125603864,0.5162199424192044,0.4837800575807955,0.4850461288367143,-0.031173813582490162,-0.12060742495457494,0.0,21.72871904215188,1.4459410553704293,1.4418572189260517,0.7
2025-11-22,mgm,Neemias Queta,BOS,BKN,PTS,9.5,-120,-110,0.5454545454545454,0.5238095238095238,0.5101214574898786,0.48987854251012153,0.35179589856451177,-0.15832555892536682,-0.3550408526317284,0.0,21.72871904215188,7.846244075600586,4.346539860904382,0.7
2025-11-22,fanduel,Neemias Queta,BOS,BKN,REB,8.5,-111,-115,0.5260663507109005,0.5348837209302325,0.4958445875753168,0.5041554124246831,0.22009087364575153,-0.27575371392956527,-0.5816290600067245,0.0,21.72871904215188,6.694301353706109,2.339332292850744,0.7
2025-11-22,fanduel,Nic Claxton,BKN,@BOS,AST,3.5,108,-138,0.4807692307692308,0.5798319327731093,0.45329879628218805,0.5467012037178121,0.37018868411105044,-0.08311011217113762,-0.23000753704901505,0.0,25.69221131760284,2.923618893604434,1.7394741232703586,0.7
2025-11-22,draftkings,Nic Claxton,BKN,@BOS,PTS,12.5,-122,-105,0.5495495495495496,0.5121951219512195,0.517591059602649,0.48240894039735094,0.4168445935883157,-0.10074646601433324,-0.24147951002781892,0.0,25.69221131760284,11.41543835233512,5.16525727750713,0.7
2025-11-22,mgm,Nic Claxton,BKN,@BOS,REB,7.5,-120,-110,0.5454545454545454,0.5238095238095238,0.5101214574898786,0.48987854251012153,0.3338595183516089,-0.1762619391382697,-0.3879242163553837,0.0,25.69221131760284,6.413210298602331,2.5316534534864363,0.7
2025-11-22,mgm,Nikola Jokic,DEN,@HOU,AST,10.5,110,-145,0.47619047619047616,0.5918367346938775,0.4458598726114649,0.554140127388535,0.0024781356406597954,-0.44338173697080513,-0.9947959151546144,0.0,25.630072618539085,5.229558638149426,1.8756938782194774,0.7
2025-11-22,fanduel,Nikola Jokic,DEN,@HOU,PTS,28.5,100,-128,0.5,0.5614035087719298,0.4710743801652893,0.5289256198347108,0.409516171161591,-0.061558209003698294,-0.180967657676818,0.0,25.630072618539085,27.00550237408768,6.532188165374095,0.7
2025-11-22,fanduel,Nikola Jokic,DEN,@HOU,REB,12.5,114,-146,0.4672897196261682,0.5934959349593496,0.44051285724518296,0.5594871427548169,0.06981971709207091,-0.37069314015311206,-0.8505858054229682,0.0,25.630072618539085,8.526344118032736,2.690110038091951,0.7
2025-11-22,draftkings,Nikola Vucevic,CHI,MIA,AST,3.5,116,-153,0.46296296296296297,0.6047430830039525,0.43360526496195245,0.5663947350380476,0.5251390790833521,0.09153381412139966,0.13430041082004052,0.11577621622417306,26.13988254137747,3.6133738959211117,1.7979849456865769,0.7
2025-11-22,fanduel,Nikola Vucevic,CHI,MIA,PTS,18.5,-102,-125,0.504950495049505,0.5555555555555556,0.47614107883817425,0.5238589211618258,0.7707314757860546,0.29459039694788036,0.5263505696939512,0.25,26.13988254137747,23.053343895598015,6.142725151759316,0.7
2025-11-22,fanduel,Nikola Vucevic,CHI,MIA,REB,10.5,116,-148,0.46296296296296297,0.5967741935483871,0.4368658399098084,0.5631341600901917,0.6795646567379054,0.24269881682809707,0.4678596585538757,0.25,26.13988254137747,11.911822429520527,3.0265328488303718,0.7
2025-11-22,draftkings,Noah Clowney,BKN,@BOS,AST,1.5,-110,-119,0.5238095238095238,0.54337899543379,0.49083129584352075,0.5091687041564792,0.5017116635645822,0.010880367721061435,-0.04218682410397945,0.0,23.721027354353733,1.5067235889303388,1.5670811287131927,0.7
2025-11-22,draftkings,Noah Clowney,BKN,@BOS,PTS,11.5,-108,-118,0.5192307692307693,0.5412844036697247,0.4896023956080519,0.510397604391948,0.2757794355921237,-0.2138229600159282,-0.4688692351559099,0.0,23.721027354353733,8.697942095326592,4.705973128666243,0.7
2025-11-22,mgm,Noah Clowney,BKN,@BOS,REB,3.5,-150,115,0.6,0.46511627906976744,0.5633187772925764,0.43668122270742354,0.39968055600731933,-0.16363822128525707,-0.3338657399878011,0.0,23.721027354353733,2.943239736766103,2.19046871372465,0.7
2025-11-22,draftkings,Norman Powell,MIA,@CHI,AST,2.5,103,-136,0.49261083743842365,0.576271186440678,0.46086548976722386,0.5391345102327761,0.4415816463958333,-0.019283843371390552,-0.10358925781645839,0.0,23.929999699311416,2.2637349908220052,1.6076782667073535,0.7
2025-11-22,caesars,Norman Powell,MIA,@CHI,PTS,25.5,-113,-118,0.5305164319248826,0.5412844036697247,0.4949766918501849,0.5050233081498151,0.07219435078934167,-0.4227823410608432,-0.8639168432023914,0.0,23.929999699311416,17.556157959637723,5.442325056485739,0.7
2025-11-22,fanduel,Norman Powell,MIA,@CHI,REB,3.5,-102,-125,0.504950495049505,0.5555555555555556,0.47614107883817425,0.5238589211618258,0.3984852397374755,-0.07765583910069873,-0.2108429565983328,0.0,23.929999699311416,2.9321656468132726,2.2071548343148106,0.7
2025-11-22,mgm,Oso Ighodaro,PHX,MIN,AST,0.5,-185,135,0.6491228070175439,0.425531914893617,0.6040291767974991,0.3959708232025009,0.6224851489859429,0.018455972188443748,-0.04103639210273663,0.0,8.90387858347386,0.708781961244837,0.6691424145728703,0.7
2025-11-22,mgm,Oso Ighodaro,PHX,MIN,PTS,4.5,105,-140,0.4878048780487805,0.5833333333333334,0.4554079696394686,0.5445920303605313,0.2676627169672169,-0.18774525267225173,-0.45129143021720536,0.0,8.90387858347386,3.1204442029055612,2.2254587978448095,0.7
2025-11-22,mgm,Oso Ighodaro,PHX,MIN,REB,3.5,125,-165,0.4444444444444444,0.6226415094339622,0.4165029469548134,0.5834970530451867,0.0671520484633652,-0.3493508984914482,-0.8489078909574284,0.0,8.90387858347386,1.7700213847232706,1.1553658083688572,0.7
2025-11-22,betrivers,P.J. Washington,DAL,NOP,AST,2.5,110,-148,0.47619047619047616,0.5967741935483871,0.4438081603435934,0.5561918396564066,0.19133808854108025,-0.25247007180251313,-0.5981900140637315,0.0,16.8981288981289,1.4869395244146335,1.1604677715661518,0.7
2025-11-22,fanduel,P.J. Washington,DAL,NOP,PTS,16.5,-102,-125,0.504950495049505,0.5555555555555556,0.47614107883817425,0.5238589211618258,0.009853853896219622,-0.4662872249419546,-0.9804855050290553,0.0,16.8981288981289,7.830368934203086,3.7178931705296665,0.7
2025-11-22,fanduel,P.J. Washington,DAL,NOP,REB,7.5,114,-146,0.4672897196261682,0.5934959349593496,0.44051285724518296,0.5594871427548169,0.022038062482632514,-0.41847479476255045,-0.9528385462871665,0.0,16.8981288981289,3.8824892698355375,1.7967475749925768,0.7
2025-11-22,fanduel,Pascal Siakam,IND,@CLE,AST,4.5,136,-174,0.423728813559322,0.635036496350365,0.4002103295162421,0.5997896704837579,0.15260291736315867,-0.2476074121530834,-0.6398571150229455,0.0,20.72485861814605,2.9840537027378233,1.4784908875870468,0.7
2025-11-22,mgm,Pascal Siakam,IND,@CLE,PTS,24.5,105,-140,0.4878048780487805,0.5833333333333334,0.4554079696394686,0.5445920303605313,0.026345946643270945,-0.42906202299619767,-0.9459908093812945,0.0,20.72485861814605,14.953690423114251,4.927286611861658,0.7
2025-11-22,draftkings,Pascal Siakam,IND,@CLE,REB,6.5,114,-150,0.4672897196261682,0.6,0.43782837127845886,0.5621716287215411,0.07145821273638897,-0.3663701585420699,-0.8470794247441276,0.0,20.72485861814605,3.57701241404353,1.9951909445954379,0.7
2025-11-22,mgm,Patrick Williams,CHI,MIA,AST,1.5,140,-190,0.4166666666666667,0.6551724137931034,0.38873994638069703,0.6112600536193029,0.41803278567160285,0.029292839290905814,0.0032786856118467433,0.0023419182941762456,17.597437266417515,1.254979951841209,1.184079793247711,0.7
2025-11-22,mgm,Patrick Williams,CHI,MIA,PTS,6.5,-125,-110,0.5555555555555556,0.5238095238095238,0.5147058823529411,0.48529411764705876,0.4815642642223804,-0.03314161813056071,-0.13318432439971523,0.0,17.597437266417515,6.332256680685636,3.628608905434433,0.7
2025-11-22,mgm,Patrick Williams,CHI,MIA,REB,2.5,-105,-125,0.5121951219512195,0.5555555555555556,0.4796954314720812,0.5203045685279188,0.4508737864384872,-0.028821645033594023,-0.11972260742962026,0.0,17.597437266417515,2.293758970241272,1.6705896627640149,0.7
2025-11-22,betrivers,Payton Pritchard,BOS,BKN,AST,4.5,-152,114,0.6031746031746031,0.4672897196261682,0.563470066518847,0.43652993348115304,0.3450144104276758,-0.21845565609117124,-0.42800242481727435,0.0,25.03526324421847,3.802019560827825,1.7501316899086519,0.7
2025-11-22,mgm,Payton Pritchard,BOS,BKN,PTS,17.5,-105,-125,0.5121951219512195,0.5555555555555556,0.4796954314720812,0.5203045685279188,0.18687777044292153,-0.2928176610291597,-0.6351434005638199,0.0,25.03526324421847,12.902943193668106,5.168364223558017,0.7
2025-11-22,mgm,Payton Pritchard,BOS,BKN,REB,4.5,105,-140,0.4878048780487805,0.5833333333333334,0.4554079696394686,0.5445920303605313,0.27093934837261235,-0.18446862126685626,-0.44457433583614464,0.0,25.03526324421847,3.0942083488277907,2.304672803666294,0.7
2025-11-22,betrivers,Pelle Larsson,MIA,@CHI,AST,3.5,120,-162,0.45454545454545453,0.6183206106870229,0.42367399741267786,0.5763260025873221,0.2219922401461223,-0.20168175726655557,-0.511617071678531,0.0,20.927924948131217,2.3941656717818356,1.4446245425582438,0.7
2025-11-22,draftkings,Pelle Larsson,MIA,@CHI,PTS,11.5,-128,100,0.5614035087719298,0.5,0.5289256198347108,0.4710743801652893,0.2360582988580956,-0.29286732097661516,-0.5795211551590173,0.0,20.927924948131217,8.428035397651042,4.272317041589324,0.7
2025-11-22,mgm,Pelle Larsson,MIA,@CHI,REB,3.5,-125,-110,0.5555555555555556,0.5238095238095238,0.5147058823529411,0.48529411764705876,0.2586391154902592,-0.2560667668626819,-0.5344495921175334,0.0,20.927924948131217,2.249845992236658,1.9306007717126532,0.7
2025-11-22,caesars,Peyton Watson,DEN,@HOU,PTS,9.5,-136,102,0.576271186440678,0.49504950495049505,0.5379072681704261,0.46209273182957394,0.4787267044172695,-0.05918056375315661,-0.16926836586414995,0.0,22.408006346494172,9.257528186390019,4.544965368949,0.7
2025-11-22,caesars,Peyton Watson,DEN,@HOU,REB,4.5,-113,-118,0.5305164319248826,0.5412844036697247,0.4949766918501849,0.5050233081498151,0.33676982125241084,-0.15820687059777405,-0.36520378825873,0.0,22.408006346494172,3.6066635638382665,2.1204531854285817,0.7
2025-11-22,draftkings,RJ Barrett,TOR,WAS,AST,3.5,-148,112,0.5967741935483871,0.4716981132075472,0.5585303332383936,0.44146966676160637,0.49730738454773826,-0.061222948690655365,-0.1666741123794656,0.0,24.594502884289106,3.488469897264701,1.708305785219,0.7
2025-11-22,fanduel,RJ Barrett,TOR,WAS,PTS,19.5,102,-130,0.49504950495049505,0.5652173913043478,0.4669102720259846,0.5330897279740154,0.19079333152058764,-0.276116940505397,-0.6145974703284129,0.0,24.594502884289106,14.892797868131256,5.2655149567483335,0.7
2025-11-22,mgm,RJ Barrett,TOR,WAS,REB,5.5,115,-155,0.46511627906976744,0.6078431372549019,0.43348916277093075,0.5665108372290693,0.21528214797828737,-0.21820701479264337,-0.5371433818466822,0.0,24.594502884289106,3.6916240765597803,2.2942341800009944,0.7
2025-11-22,mgm,Reed Sheppard,HOU,DEN,AST,2.5,-155,115,0.6078431372549019,0.46511627906976744,0.5665108372290693,0.43348916277093075,0.7063690711107777,0.13985823388170848,0.16209105247256983,0.25,24.71395881006865,3.42880956641051,1.71111922039781,0.7
2025-11-22,mgm,Reed Sheppard,HOU,DEN,PTS,12.5,-105,-125,0.5121951219512195,0.5555555555555556,0.4796954314720812,0.5203045685279188,0.5432961672149628,0.06360073574288155,0.06072108837207013,0.06375714279067364,24.71395881006865,13.058612875862034,5.1370800272702395,0.7
2025-11-22,mgm,Reed Sheppard,HOU,DEN,REB,2.5,-105,-125,0.5121951219512195,0.5555555555555556,0.4796954314720812,0.5203045685279188,0.5602867358571163,0.08059130438503509,0.09389315095913175,0.09858780850708847,24.71395881006865,2.8441563760115844,2.268720645352859,0.7
2025-11-22,draftkings,Royce O'Neale,PHX,MIN,AST,2.5,-132,100,0.5689655172413793,0.5,0.532258064516129,0.4677419354838709,0.313416344160625,-0.21884172035550398,-0.44914703147526513,0.0,17.2681281618887,1.9086873149389358,1.2162180946739671,0.7
2025-11-22,fanduel,Royce O'Neale,PHX,MIN,PTS,10.5,-111,-115,0.5260663507109005,0.5348837209302325,0.4958445875753168,0.5041554124246831,0.15149436967644636,-0.34435021789887044,-0.712024216200629,0.0,17.2681281618887,6.760121131626791,3.630790660943099,0.7
2025-11-22,fanduel,Royce O'Neale,PHX,MIN,REB,4.5,-130,102,0.5652173913043478,0.49504950495049505,0.5330897279740154,0.4669102720259846,0.2090567122819913,-0.32403301569202414,-0.6301304321164769,0.0,17.2681281618887,3.104810023187184,1.7230979304205984,0.7
2025-11-22,mgm,Rudy Gobert,MIN,@PHX,AST,1.5,135,-185,0.425531914893617,0.6491228070175439,0.3959708232025009,0.6040291767974991,0.47169732988973223,0.07572650668723135,0.10848872524087083,0.08036201869694135,25.165491047205634,1.3825305833870856,1.654408189765419,0.7
2025-11-22,draftkings,Rudy Gobert,MIN,@PHX,PTS,10.5,-118,-108,0.5412844036697247,0.5192307692307693,0.510397604391948,0.4896023956080519,0.3762138516740079,-0.13418375271794014,-0.30496085029717185,0.0,25.165491047205634,8.939229979245995,4.947916221123788,0.7
2025-11-22,mgm,Rudy Gobert,MIN,@PHX,REB,10.5,-105,-130,0.5121951219512195,0.5652173913043478,0.4753937007874017,0.5246062992125985,0.1335035468977892,-0.34189015388961247,-0.7393502179614592,0.0,25.165491047205634,7.623958130990169,2.5910724114663157,0.7
2025-11-22,mgm,Ryan Dunn,PHX,MIN,AST,1.5,-118,-110,0.5412844036697247,0.5238095238095238,0.5082034454470877,0.49179655455291227,0.37350613748798456,-0.13469730795910317,-0.309963237522198,0.0,14.974704890387857,1.1682486956276337,1.0284266077571727,0.7
2025-11-22,mgm,Ryan Dunn,PHX,MIN,PTS,8.5,-120,-110,0.5454545454545454,0.5238095238095238,0.5101214574898786,0.48987854251012153,0.16627023709494837,-0.3438512203949302,-0.6951712319925947,0.0,14.974704890387857,5.408078023997366,3.1908068345046328,0.7
2025-11-22,betrivers,Ryan Dunn,PHX,MIN,REB,4.5,-143,108,0.588477366255144,0.4807692307692308,0.5503663681444749,0.4496336318555252,0.15565777800256186,-0.39470859014191306,-0.7354906289886536,0.0,14.974704890387857,2.9089205864107024,1.571490075515248,0.7
2025-11-22,mgm,Saddiq Bey,NOP,@DAL,AST,1.5,125,-165,0.4444444444444444,0.6226415094339622,0.4165029469548134,0.5834970530451867,0.5005944141669416,0.08409146721212823,0.12633743187561863,0.101069945500495,17.08136030994404,1.501745773295724,1.1716788742587712,0.7
2025-11-22,draftkings,Saddiq Bey,NOP,@DAL,PTS,8.5,102,-130,0.49504950495049505,0.5652173913043478,0.4669102720259846,0.5330897279740154,0.3464177236537582,-0.1204925483722264,-0.3002361982194084,0.0,17.08136030994404,7.0611557978984365,3.6425505756378587,0.7
2025-11-22,betrivers,Saddiq Bey,NOP,@DAL,REB,3.5,-104,-129,0.5098039215686274,0.5633187772925764,0.47506582621878246,0.5249341737812177,0.3855387147232655,-0.08952711149551695,-0.24375098265820994,0.0,17.08136030994404,3.0050877174117985,1.700929040383672,0.7
2025-11-22,mgm,Sandro Mamukelashvili,TOR,WAS,AST,1.5,115,-155,0.46511627906976744,0.6078431372549019,0.43348916277093075,0.5665108372290693,0.4152305332976326,-0.01825862947329815,-0.10725435341008993,0.0,14.984730234136409,1.2775123018226584,1.039126695642433,0.7
2025-11-22,draftkings,Sandro Mamukelashvili,TOR,WAS,PTS,8.5,-108,-118,0.5192307692307693,0.5412844036697247,0.4896023956080519,0.510397604391948,0.37552061041785834,-0.11408178519019357,-0.2767751206767173,0.0,14.984730234136409,7.392546501975161,3.4906071063582997,0.7
2025-11-22,caesars,Sandro Mamukelashvili,TOR,WAS,REB,4.5,-148,111,0.5967741935483871,0.47393364928909953,0.5573641750553295,0.4426358249446706,0.2348578282484196,-0.3225063468069099,-0.6064544499621076,0.0,14.984730234136409,3.3183881748640864,1.6344495025684058,0.7
2025-11-22,mgm,Scottie Barnes,TOR,WAS,AST,5.5,110,-150,0.47619047619047616,0.6,0.4424778761061947,0.5575221238938053,0.3512613739059012,-0.09121650220029354,-0.2623511147976075,0.0,26.54903291482864,4.779527137997112,1.8864632841443854,0.7
2025-11-22,fanduel,Scottie Barnes,TOR,WAS,PTS,19.5,-104,-122,0.5098039215686274,0.5495495495495496,0.48124062031015497,0.5187593796898449,0.27860296665015916,-0.2026376536599958,-0.4535095654169955,0.0,26.54903291482864,16.213377598871567,5.599047638108763,0.7
2025-11-22,mgm,Scottie Barnes,TOR,WAS,REB,7.5,-150,110,0.6,0.47619047619047616,0.5575221238938053,0.4424778761061947,0.3252608802506525,-0.23226124364315281,-0.45789853291557925,0.0,26.54903291482864,6.329713076464314,2.583201172728835,0.7
2025-11-22,mgm,Shai Gilgeous-Alexander,OKC,@UTA,AST,7.5,120,-160,0.45454545454545453,0.6153846153846154,0.4248366013071895,0.5751633986928104,0.016378995751181513,-0.40845760555600796,-0.9639662093474006,0.0,26.239067055393583,3.646090930821944,1.8050783886245956,0.7
2025-11-22,mgm,Shai Gilgeous-Alexander,OKC,@UTA,PTS,31.5,-105,-125,0.5121951219512195,0.5555555555555556,0.4796954314720812,0.5203045685279188,0.10716580370052298,-0.37252962777155824,-0.7907715261085028,0.0,26.239067055393583,23.777143253181833,6.219370879081311,0.7
2025-11-22,mgm,Shai Gilgeous-Alexander,OKC,@UTA,REB,4.5,100,-135,0.5,0.574468085106383,0.4653465346534653,0.5346534653465347,0.5576416794589079,0.09229514480544254,0.11528335891781571,0.11528335891781571,26.239067055393583,4.859383486797788,2.4786317139326135,0.7
2025-11-22,mgm,Simone Fontecchio,MIA,@CHI,AST,1.5,130,-175,0.43478260869565216,0.6363636363636364,0.4059040590405904,0.5940959409594095,0.2876684579316131,-0.1182356011089773,-0.33836254675728983,0.0,15.96295516733319,0.9028335604710819,1.0659708817056948,0.7
2025-11-22,mgm,Simone Fontecchio,MIA,@CHI,PTS,10.5,-120,-110,0.5454545454545454,0.5238095238095238,0.5101214574898786,0.48987854251012153,0.23207492836998034,-0.27804652911989824,-0.5745292979883694,0.0,15.96295516733319,7.839451737465091,3.6344765629379263,0.7
2025-11-22,mgm,Simone Fontecchio,MIA,@CHI,REB,3.5,115,-155,0.46511627906976744,0.6078431372549019,0.43348916277093075,0.5665108372290693,0.2612332937006312,-0.17225586907029955,-0.4383484185436429,0.0,15.96295516733319,2.4928242692042084,1.5748246369032675,0.7
2025-11-22,mgm,Stephen Curry,GSW,POR,AST,4.5,-105,-130,0.5121951219512195,0.5652173913043478,0.4753937007874017,0.5246062992125985,0.30750413183094993,-0.16788956895645174,-0.3996347902348121,0.0,25.582047685834503,3.6109429489178546,1.7677289400655354,0.7
2025-11-22,mgm,Stephen Curry,GSW,POR,PTS,27.5,-110,-120,0.5238095238095238,0.5454545454545454,0.48987854251012153,0.5101214574898786,0.23747615545767187,-0.25240238705244966,-0.5466364304898992,0.0,25.582047685834503,23.129665567363297,6.117107645564509,0.7
2025-11-22,mgm,Stephen Curry,GSW,POR,REB,4.5,115,-155,0.46511627906976744,0.6078431372549019,0.43348916277093075,0.5665108372290693,0.39484938411360304,-0.038639778657327706,-0.1510738241557535,0.0,25.582047685834503,3.8650832236398323,2.380624267838222,0.7
2025-11-22,caesars,Svi Mykhailiuk,UTA,OKC,AST,1.5,-190,137,0.6551724137931034,0.4219409282700422,0.6082669188166959,0.3917330811833041,0.508708488831976,-0.09955842998471998,-0.2235502012564578,0.0,18.47832676568657,1.5273321141037444,1.2520048086519082,0.7
2025-11-22,mgm,Svi Mykhailiuk,UTA,OKC,PTS,8.5,105,-140,0.4878048780487805,0.5833333333333334,0.4554079696394686,0.5445920303605313,0.3002123311826418,-0.15519563845682682,-0.3845647210755843,0.0,18.47832676568657,6.52621768900538,3.7682708673335608,0.7
2025-11-22,mgm,Svi Mykhailiuk,UTA,OKC,REB,2.5,125,-165,0.4444444444444444,0.6226415094339622,0.4165029469548134,0.5834970530451867,0.3340729453087713,-0.08243000164604208,-0.2483358730552646,0.0,18.47832676568657,1.7688960640963078,1.7054212308293568,0.7
2025-11-22,caesars,T.J. McConnell,IND,@CLE,AST,3.5,-125,-107,0.5555555555555556,0.5169082125603864,0.5180180180180181,0.481981981981982,0.3668965644431421,-0.15112145357487594,-0.3395861840023442,0.0,8.674698795180722,2.9739963864705645,1.5466864730172616,0.7
2025-11-22,fanduel,T.J. McConnell,IND,@CLE,PTS,8.5,-111,-115,0.5260663507109005,0.5348837209302325,0.4958445875753168,0.5041554124246831,0.1780739556106521,-0.3177706319646647,-0.6614990573527244,0.0,8.674698795180722,5.587474926408515,3.1564216758053725,0.7
2025-11-22,mgm,T.J. McConnell,IND,@CLE,REB,2.5,-120,-110,0.5454545454545454,0.5238095238095238,0.5101214574898786,0.48987854251012153,0.42050769154042544,-0.08961376594945314,-0.22906923217588665,0.0,8.674698795180722,2.232821246227586,1.3319322502216109,0.7
2025-11-22,mgm,Terance Mann,BKN,@BOS,AST,3.5,115,-155,0.46511627906976744,0.6078431372549019,0.43348916277093075,0.5665108372290693,0.21968023272066683,-0.2138089300502639,-0.5276874996505663,0.0,22.651910628523705,2.3124988145284604,1.5356804593494768,0.7
2025-11-22,fanduel,Terance Mann,BKN,@BOS,PTS,9.5,104,-132,0.49019607843137253,0.5689655172413793,0.46281519310564956,0.5371848068943506,0.268836129589059,-0.19397906351659056,-0.45157429563831963,0.0,22.651910628523705,6.770791288556276,4.428112575166285,0.7
2025-11-22,fanduel,Terance Mann,BKN,@BOS,REB,3.5,124,-160,0.44642857142857145,0.6153846153846154,0.4204398447606727,0.5795601552393274,0.39270021037784886,-0.02773963438282384,-0.12035152875361854,0.0,22.651910628523705,2.927394003877065,2.102940834845241,0.7
2025-11-22,mgm,Toumani Camara,POR,@GSW,AST,2.5,-145,110,0.5918367346938775,0.47619047619047616,0.554140127388535,0.4458598726114649,0.36907540424690155,-0.18506472314163347,-0.37638983420351113,0.0,24.53683019524791,1.9544268909144362,1.631971155044318,0.7
2025-11-22,mgm,Toumani Camara,POR,@GSW,PTS,13.5,-105,-125,0.5121951219512195,0.5555555555555556,0.4796954314720812,0.5203045685279188,0.10399732580709764,-0.3756981056649836,-0.7969576019956666,0.0,24.53683019524791,7.487788922640975,4.775011402900193,0.7
2025-11-22,caesars,Toumani Camara,POR,@GSW,REB,5.5,105,-139,0.4878048780487805,0.5815899581589958,0.45615039603015556,0.5438496039698445,0.1822983136756089,-0.27385208235454667,-0.6262884569650018,0.0,24.53683019524791,3.434738329999417,2.2779264052621406,0.7
2025-11-22,mgm,Tre Johnson,WAS,@TOR,AST,1.5,175,-235,0.36363636363636365,0.7014925373134329,0.3414012738853503,0.6585987261146496,0.2922596261627035,-0.049141647722646786,-0.19628602805256534,0.0,16.788362271234163,0.8901286067004945,1.1153555971212237,0.7
2025-11-22,caesars,Tre Johnson,WAS,@TOR,PTS,8.5,-125,-108,0.5555555555555556,0.5192307692307693,0.5168986083499005,0.48310139165009935,0.35498575094499574,-0.1619128574049048,-0.3610256482990077,0.0,16.788362271234163,7.153568957904761,3.6204663853985095,0.7
2025-11-22,caesars,Tre Johnson,WAS,@TOR,REB,2.5,-148,111,0.5967741935483871,0.47393364928909953,0.5573641750553295,0.4426358249446706,0.3179218636570622,-0.23944231139826733,-0.4672660663043823,0.0,16.788362271234163,1.7572232955277443,1.568634873005455,0.7
2025-11-22,fanduel,Tre Jones,CHI,MIA,AST,4.5,-108,-118,0.5192307692307693,0.5412844036697247,0.4896023956080519,0.510397604391948,0.35940507707210934,-0.13019731853594257,-0.30781244415741904,0.0,26.13988254137747,3.848124609487425,1.8105162791848455,0.7
2025-11-22,mgm,Tre Jones,CHI,MIA,PTS,9.5,-110,-118,0.5238095238095238,0.5412844036697247,0.49179655455291227,0.5082034454470877,0.6066984020827979,0.11490184752988564,0.15824240397625056,0.17406664437387573,26.13988254137747,10.908940738366368,5.204340662626463,0.7
2025-11-22,mgm,Tre Jones,CHI,MIA,REB,2.5,-140,105,0.5833333333333334,0.4878048780487805,0.5445920303605313,0.4554079696394686,0.732563146474733,0.1879711161142017,0.25582253681382794,0.25,26.13988254137747,4.008886634635212,2.4313999087519758,0.7
2025-11-22,caesars,Tyrese Martin,BKN,@BOS,AST,2.5,110,-148,0.47619047619047616,0.5967741935483871,0.4438081603435934,0.5561918396564066,0.2775207989312103,-0.1662873614123831,-0.41720632224445836,0.0,17.23950720400919,1.7893927509039425,1.2039653585818348,0.7
2025-11-22,draftkings,Tyrese Martin,BKN,@BOS,PTS,7.5,102,-130,0.49504950495049505,0.5652173913043478,0.4669102720259846,0.5330897279740154,0.30858000680409137,-0.15833026522189325,-0.37666838625573545,0.0,17.23950720400919,5.739751024419467,3.521347454580895,0.7
2025-11-22,draftkings,Tyrese Martin,BKN,@BOS,REB,2.5,-139,105,0.5815899581589958,0.4878048780487805,0.5438496039698445,0.45615039603015556,0.4329244231144881,-0.11092518085535641,-0.25561915737868596,0.0,17.23950720400919,2.2232258327322434,1.6383603835735525,0.7
2025-11-22,draftkings,Will Richard,GSW,POR,AST,1.5,130,-171,0.43478260869565216,0.6309963099630996,0.40794821616739424,0.5920517838326057,0.31602254626500637,-0.09192566990238787,-0.27314814359048534,0.0,16.32538569424965,0.9770560254137781,1.0920822585369183,0.7
2025-11-22,mgm,Will Richard,GSW,POR,PTS,6.5,-135,100,0.574468085106383,0.5,0.5346534653465347,0.4653465346534653,0.40742317887893276,-0.12723028646760193,-0.2907818738033393,0.0,16.32538569424965,5.705153549202362,3.3941896545081036,0.7
2025-11-22,draftkings,Will Richard,GSW,POR,REB,2.5,103,-136,0.49261083743842365,0.576271186440678,0.46086548976722386,0.5391345102327761,0.47639048279184004,0.015524993024616185,-0.0329273199325647,0.0,16.32538569424965,2.405866424632775,1.5896948651452567,0.7
2025-11-22,mgm,Yves Missi,NOP,@DAL,AST,0.5,-185,135,0.6491228070175439,0.425531914893617,0.6040291767974991,0.3959708232025009,0.6931852576761064,0.08915608087860727,0.06787999155508284,0.12557798437690304,10.66207490314249,0.8928695156099056,0.7781144194577566,0.7
2025-11-22,mgm,Yves Missi,NOP,@DAL,PTS,5.5,-140,105,0.5833333333333334,0.4878048780487805,0.5445920303605313,0.4554079696394686,0.18482857838867373,-0.35976345197185755,-0.6831510084765593,0.0,10.66207490314249,3.351109532205596,2.3953324581907913,0.7
2025-11-22,draftkings,Yves Missi,NOP,@DAL,REB,4.5,-138,105,0.5798319327731093,0.4878048780487805,0.5430984833941255,0.45690151660587436,0.2835983998349695,-0.259500083559156,-0.5108955133280961,0.0,10.66207490314249,3.533679882514287,1.6888252826684664,0.7
2025-11-22,draftkings,Ziaire Williams,BKN,@BOS,AST,0.5,-240,178,0.7058823529411765,0.3597122302158273,0.6624305003971406,0.33756949960285937,0.6656963830877412,0.0032658826906005745,-0.05693012395903335,0.0,22.0839423679265,1.122137721208671,1.4533881089125615,0.7
2025-11-22,draftkings,Ziaire Williams,BKN,@BOS,PTS,11.5,-105,-122,0.5121951219512195,0.5495495495495496,0.48240894039735094,0.517591059602649,0.26838035286096207,-0.21402858753638887,-0.47601931108097884,0.0,22.0839423679265,8.744066985770143,4.461468449913499,0.7
2025-11-22,mgm,Ziaire Williams,BKN,@BOS,REB,3.5,135,-185,0.425531914893617,0.6491228070175439,0.3959708232025009,0.6040291767974991,0.347618474141805,-0.048352349060695854,-0.1830965857667582,0.0,22.0839423679265,2.698405789890875,2.046145789440771,0.7
2025-11-22,mgm,Zion Williamson,NOP,@DAL,AST,4.5,105,-140,0.4878048780487805,0.5833333333333334,0.4554079696394686,0.5445920303605313,0.28772422270917686,-0.16768374693029175,-0.41016534344618744,0.0,21.04864399483427,3.631886285592193,1.5500772901024849,0.7
2025-11-22,betrivers,Zion Williamson,NOP,@DAL,PTS,23.5,-104,-108,0.5098039215686274,0.5192307692307693,0.49541956760718214,0.504580432392818,0.04438202316977302,-0.4510375444374091,-0.912942954551599,0.0,21.04864399483427,15.058802965536131,4.959710120881621,0.7
2025-11-22,betrivers,Zion Williamson,NOP,@DAL,REB,6.5,100,-134,0.5,0.5726495726495726,0.4661354581673307,0.5338645418326693,0.1747324129392256,-0.2914030452281051,-0.6505351741215488,0.0,21.04864399483427,4.5407489344727825,2.0940495174407956,0.7
