game_date,book,player,team,opponent,market,line,over_dec,under_dec,p_over_imp,p_under_imp,p_over_fair,p_under_fair,p_over_model,edge_over,EV_over_1u,kelly_frac_over,p_over_price,edge_vs_price,projected_minutes,projection_mean,projection_sd,start_prob
2025-11-10,fanduel,Austin Reaves,LAL,@CHA,AST,6.5,2.08,1.7246376811594204,0.4807692307692308,0.5798319327731093,0.45329879628218805,0.5467012037178121,0.8335580086012928,0.38025921231910476,0.7338006578906892,0.25,0.4807692307692307,0.3527887778320621,38.0,9.07804223895073,2.6623833628081575,0.7
2025-11-10,draftkings,Evan Mobley,CLE,@MIA,AST,3.5,2.25,1.606060606060606,0.4444444444444444,0.6226415094339622,0.4165029469548134,0.5834970530451867,0.7674633636719346,0.3509604167171212,0.7267925682618528,0.25,0.4444444444444444,0.32301891922749015,33.4,5.152671030163765,2.262325862697762,0.7
2025-11-10,mgm,Mike Conley,MIN,@UTA,AST,3.5,2.3,1.5714285714285714,0.43478260869565216,0.6363636363636364,0.4059040590405904,0.5940959409594095,0.7313352926500384,0.325431233609448,0.6820711730950884,0.25,0.4347826086956522,0.29655268395438616,23.2,4.559139561653137,1.7169951989244594,0.7
2025-11-10,mgm,Moussa Diabate,CHA,LAL,AST,0.5,1.7692307692307692,2.0,0.5652173913043478,0.5,0.5306122448979592,0.4693877551020409,0.8527023209430681,0.32209007604510886,0.5086271832069666,0.25,0.5652173913043479,0.2874849296387202,19.6,1.89976544380188,1.3355344187614921,0.7
2025-11-10,caesars,De'Andre Hunter,CLE,@MIA,AST,1.5,1.8064516129032258,1.9174311926605505,0.5535714285714286,0.5215311004784688,0.5149010569816419,0.48509894301835804,0.8254579157578852,0.3105568587762433,0.4911497833045667,0.25,0.5535714285714286,0.2718864871864566,28.0,3.262093186378479,1.8818399647549588,0.7
2025-11-10,mgm,Dillon Brooks,PHX,NOP,AST,2.5,2.35,1.5405405405405406,0.425531914893617,0.6491228070175439,0.3959708232025009,0.6040291767974991,0.6934450863274214,0.29747426312492053,0.6295959528694404,0.25,0.425531914893617,0.2679131714338044,31.25,3.5535008646547794,2.0835023832740798,0.7
2025-11-10,fanduel,Nikola Vucevic,CHI,SAS,AST,3.5,2.34,1.5555555555555556,0.42735042735042733,0.6428571428571429,0.3993154592127781,0.600684540787222,0.6794914994880997,0.2801760402753216,0.5900101088021534,0.25,0.4273504273504274,0.25214107213767234,31.6,4.495981997251511,2.1360291948929815,0.7
2025-11-10,mgm,Victor Wembanyama,SAS,@CHI,AST,3.5,2.15,1.6666666666666665,0.46511627906976744,0.6,0.43668122270742354,0.5633187772925764,0.7109695299516277,0.2742883072442041,0.5285844893959994,0.25,0.46511627906976744,0.24585325088186022,35.0,4.803436771035194,2.343386407856104,0.7
2025-11-10,mgm,Sam Merrill,CLE,@MIA,AST,1.5,1.6451612903225805,2.15,0.6078431372549019,0.46511627906976744,0.5665108372290693,0.43348916277093075,0.839181813790033,0.27267097656096373,0.3805894355900542,0.25,0.607843137254902,0.23133867653513096,23.8,3.125474864244461,1.640070210693164,0.7
2025-11-10,fanduel,Kristaps Porzingis,ATL,@LAC,AST,2.5,1.8771929824561404,1.8771929824561404,0.5327102803738317,0.5327102803738317,0.5,0.5,0.7512865905651891,0.2512865905651891,0.4103099156223725,0.25,0.5327102803738317,0.21857631019135737,25.6,3.7002063751220704,1.7687966119352678,0.7
2025-11-10,draftkings,Lonzo Ball,CLE,@MIA,AST,3.5,1.7936507936507935,1.9615384615384617,0.5575221238938053,0.5098039215686274,0.5223540887660543,0.4776459112339457,0.7477187343462672,0.22536464558021296,0.34114630128774914,0.25,0.5575221238938054,0.19019661045246183,24.6,4.691960701346398,1.7861686955802074,0.7
2025-11-10,mgm,Zaccharie Risacher,ATL,@LAC,AST,1.5,2.45,1.5,0.40816326530612246,0.6666666666666666,0.37974683544303806,0.6202531645569621,0.6026676644856721,0.22292082904263405,0.47653577798989666,0.25,0.4081632653061224,0.1945043991795497,26.0,1.9466995596885681,1.716371234200872,0.7
2025-11-10,mgm,Ryan Dunn,PHX,NOP,AST,1.5,2.45,1.526315789473684,0.40816326530612246,0.6551724137931034,0.3838517538054269,0.6161482461945731,0.6027396978621127,0.21888794405668577,0.476712259762176,0.25,0.4081632653061224,0.19457643255599028,28.4,1.9860753268003464,1.8663268397911534,0.7
2025-11-10,caesars,Jaden McDaniels,MIN,@UTA,AST,2.5,2.4,1.5076142131979695,0.4166666666666667,0.6632996632996633,0.3858144972720187,0.6141855027279812,0.5947572404015435,0.20894274312952482,0.4274173769637044,0.25,0.4166666666666667,0.17809057373487686,32.2,3.009870979189873,2.126236702403099,0.7
2025-11-10,mgm,Jaxson Hayes,LAL,@CHA,AST,0.5,1.7407407407407407,2.0,0.574468085106383,0.5,0.5346534653465347,0.4653465346534653,0.7340130444231052,0.19935957907657054,0.2777264106624424,0.25,0.574468085106383,0.1595449593167222,19.2,1.298742628097534,1.2779970937470293,0.7
2025-11-10,fanduel,Ryan Rollins,MIL,@DAL,AST,4.5,1.7352941176470589,2.02,0.576271186440678,0.49504950495049505,0.5379072681704261,0.46209273182957394,0.7296836518632106,0.1917763836927845,0.2662157488214537,0.25,0.576271186440678,0.15341246542253262,31.8,5.848245513439179,2.203532179296394,0.7
2025-11-10,draftkings,D'Angelo Russell,DAL,MIL,AST,3.5,1.6289308176100628,2.21,0.6138996138996139,0.45248868778280543,0.5756811219056668,0.4243188780943331,0.7659308081361584,0.19024968623049165,0.24764829752996875,0.25,0.613899613899614,0.15203119423654443,23.2,4.758495616912842,1.7346325663992874,0.7
2025-11-10,fanduel,Collin Gillespie,PHX,NOP,AST,4.5,1.9615384615384617,1.78125,0.5098039215686274,0.5614035087719298,0.47591522157996147,0.5240847784200385,0.6625966210729044,0.18668139949294293,0.2997087567199279,0.25,0.5098039215686274,0.15279269950427699,25.2,5.279149907827377,1.8570633749422332,0.7
2025-11-10,mgm,Jaylen Clark,MIN,@UTA,AST,0.5,1.5,2.45,0.6666666666666666,0.40816326530612246,0.6202531645569621,0.37974683544303806,0.8042270063459942,0.1839738417890321,0.2063405095189913,0.25,0.6666666666666666,0.13756033967932757,17.4,1.5171283364295958,1.1871009176383083,0.7
2025-11-10,mgm,Donovan Clingan,POR,@ORL,AST,1.5,2.55,1.4761904761904763,0.39215686274509803,0.6774193548387096,0.3666469544648137,0.6333530455351862,0.5496384932891942,0.18299153882438052,0.40157815788744533,0.25,0.3921568627450981,0.15748163054409614,24.2,1.6993418753147125,1.597955799154958,0.7
2025-11-10,mgm,Julius Randle,MIN,@UTA,AST,5.5,1.9090909090909092,1.8333333333333335,0.5238095238095238,0.5454545454545454,0.48987854251012153,0.5101214574898786,0.6720078318254143,0.18212928931529282,0.28292404257579096,0.25,0.5238095238095238,0.1481983080158905,33.2,6.527870655059815,2.3074148018536484,0.7
2025-11-10,mgm,Toumani Camara,POR,@ORL,AST,2.5,1.9090909090909092,1.8333333333333335,0.5238095238095238,0.5454545454545454,0.48987854251012153,0.5101214574898786,0.6705034186201758,0.1806248761100543,0.2800519810021538,0.25,0.5238095238095238,0.14669389481065198,32.4,3.448650938272476,2.1496556283392354,0.7
2025-11-10,mgm,Bradley Beal,LAC,ATL,AST,2.5,2.4,1.526315789473684,0.4166666666666667,0.6551724137931034,0.38873994638069703,0.6112600536193029,0.5640257756777283,0.17528582929703124,0.3536618616265478,0.25,0.4166666666666667,0.14735910901106158,20.2,2.730259674787521,1.4285513040536033,0.7
2025-11-10,mgm,Jrue Holiday,POR,@ORL,AST,6.5,1.8,1.9523809523809523,0.5555555555555556,0.5121951219512195,0.5203045685279188,0.4796954314720812,0.6907009413639981,0.17039637283607922,0.24326169445519652,0.25,0.5555555555555556,0.1351453858084425,33.6,7.686258530616761,2.3828196120882317,0.7
2025-11-10,mgm,Jerami Grant,POR,@ORL,AST,2.5,2.05,1.6896551724137931,0.4878048780487805,0.5918367346938775,0.45182111572153066,0.5481788842784694,0.619416254131719,0.1675951384101883,0.2698033209700239,0.25,0.48780487804878053,0.13161137608293844,30.0,3.1063413619995117,1.9948850449155284,0.7
2025-11-10,caesars,Norman Powell,MIA,CLE,AST,2.5,2.4,1.5181347150259068,0.4166666666666667,0.658703071672355,0.38746363395927,0.6125363660407299,0.5526615130195549,0.16519787906028488,0.3263876312469317,0.23313402231923702,0.4166666666666667,0.13599484635288822,28.6,2.7514750346541406,1.8995225976477463,0.7
2025-11-10,betrivers,Stephon Castle,SAS,@CHI,AST,6.5,1.9433962264150944,1.7874015748031495,0.5145631067961165,0.5594713656387665,0.4790936604014018,0.5209063395985983,0.6408644858920791,0.16177082549067734,0.245453623526116,0.25,0.5145631067961165,0.12630137909596262,34.6,7.372046881914139,2.4171791132058043,0.7
2025-11-10,betrivers,Josh Giddey,CHI,SAS,AST,8.5,1.8771929824561404,1.8547008547008548,0.5327102803738317,0.5391705069124424,0.4969864995178399,0.5030135004821601,0.6579810203075204,0.16099452078968046,0.23515735391060844,0.25,0.5327102803738317,0.12527073993368865,35.8,9.549682289361954,2.5793305727420535,0.7
2025-11-10,mgm,Lauri Markkanen,UTA,MIN,AST,1.5,2.0,1.7407407407407407,0.5,0.574468085106383,0.4653465346534653,0.5346534653465347,0.6258146540107362,0.1604681193572709,0.25162930802147243,0.25,0.5,0.12581465401073622,36.6,2.2664989560842517,2.389421721776184,0.7
2025-11-10,betrivers,Donovan Mitchell,CLE,@MIA,AST,4.5,1.6666666666666665,2.12,0.6,0.4716981132075472,0.5598591549295775,0.44014084507042256,0.715257062288771,0.15539790735919345,0.19209510381461825,0.25,0.6000000000000001,0.11525706228877086,31.6,5.744706964492798,2.1882693776192803,0.7
2025-11-10,mgm,Jaylon Tyson,CLE,@MIA,AST,1.5,1.7692307692307692,2.0,0.5652173913043478,0.5,0.5306122448979592,0.4693877551020409,0.6812166330429222,0.15060438814496302,0.20522942769132402,0.25,0.5652173913043479,0.11599924173857434,27.4,2.354788552224636,1.8144384803575828,0.7
2025-11-10,mgm,Simone Fontecchio,MIA,CLE,AST,0.5,1.4444444444444444,2.65,0.6923076923076923,0.37735849056603776,0.6472184531886024,0.35278154681139756,0.7960246691123039,0.14880621592370147,0.14981341093999445,0.25,0.6923076923076923,0.10371697680461156,19.8,1.599763521552086,1.3290106861908757,0.7
2025-11-10,caesars,Donte DiVincenzo,MIN,@UTA,AST,3.5,1.6578947368421053,2.1,0.6031746031746031,0.47619047619047616,0.5588235294117647,0.4411764705882353,0.6983674266045761,0.13954389719281135,0.15781968094969195,0.23988591504353166,0.6031746031746031,0.09519282342997293,30.4,4.576692605018615,2.071714828250249,0.7
2025-11-10,mgm,Grayson Allen,PHX,NOP,AST,4.5,2.1,1.6896551724137931,0.47619047619047616,0.5918367346938775,0.4458598726114649,0.554140127388535,0.5853243271022461,0.1394644544907812,0.22918108691471695,0.20834644264974256,0.47619047619047616,0.10913385091176997,34.6,5.001342716813087,2.3260540261255285,0.7
2025-11-10,mgm,Klay Thompson,DAL,MIL,AST,1.5,1.606060606060606,2.25,0.6226415094339622,0.4444444444444444,0.5834970530451867,0.4165029469548134,0.7157885293266306,0.1322914762814439,0.14959975922155827,0.24683960271557087,0.6226415094339623,0.09314701989266827,20.6,2.308393393456936,1.4172999734504699,0.7
2025-11-10,mgm,Tristan da Silva,ORL,POR,AST,1.5,2.65,1.4545454545454546,0.37735849056603776,0.6875,0.35437430786268,0.6456256921373201,0.48567994590674546,0.13130563804406548,0.28705185665287547,0.17397082221386392,0.37735849056603776,0.1083214553407077,21.6,1.4486664533615112,1.429793717765331,0.7
2025-11-10,mgm,Naz Reid,MIN,@UTA,AST,1.5,1.7407407407407407,2.0,0.574468085106383,0.5,0.5346534653465347,0.4653465346534653,0.6604500108065408,0.12579654546000607,0.14967224103360793,0.2020575253953708,0.574468085106383,0.08598192570015772,22.6,2.128426641225815,1.5190703378862358,0.7
2025-11-10,mgm,Brook Lopez,LAC,ATL,AST,0.5,2.15,1.6451612903225805,0.46511627906976744,0.6078431372549019,0.43348916277093075,0.5665108372290693,0.5568591367577556,0.12336997398682481,0.19724714402917443,0.1715192556775429,0.46511627906976744,0.09174285768798812,16.4,0.6540810599923134,1.0774092726516544,0.7
2025-11-10,mgm,Jake LaRavia,LAL,@CHA,AST,1.5,1.526315789473684,2.45,0.6551724137931034,0.40816326530612246,0.6161482461945731,0.3838517538054269,0.7370061986848662,0.12085795249029307,0.12490419799269042,0.23731797618611172,0.6551724137931035,0.08183378489176263,33.8,2.9097711846232412,2.223112966052711,0.7
2025-11-10,caesars,Myles Turner,MIL,@DAL,AST,1.5,2.0,1.7352941176470589,0.5,0.576271186440678,0.4645669291338583,0.5354330708661418,0.5834515942023718,0.11888466506851353,0.1669031884047436,0.1669031884047436,0.5,0.0834515942023718,27.8,1.8848942756652833,1.8264678941148182,0.7
2025-11-10,mgm,Ace Bailey,UTA,MIN,AST,1.5,1.9523809523809523,1.8,0.5121951219512195,0.5555555555555556,0.4796954314720812,0.5203045685279188,0.5945603998204905,0.11486496834840926,0.16080839964952898,0.16884881963200554,0.5121951219512195,0.08236527786927095,18.8,1.8075259357690812,1.2851494779323094,0.7
2025-11-10,betrivers,Davion Mitchell,MIA,CLE,AST,7.5,2.05,1.7194244604316546,0.4878048780487805,0.5815899581589958,0.45615039603015556,0.5438496039698445,0.5697395139731125,0.11358911794295695,0.16796600364488068,0.15996762251893376,0.48780487804878053,0.08193463592433198,31.4,7.9033710777759545,2.2956503379599162,0.7
2025-11-10,mgm,Jalen Smith,CHI,SAS,AST,1.5,2.55,1.4761904761904763,0.39215686274509803,0.6774193548387096,0.3666469544648137,0.6333530455351862,0.47649275763608734,0.10984580317127363,0.21505653197202268,0.1387461496593694,0.3921568627450981,0.08433589489098925,16.4,1.4336217999458312,1.1258545977465495,0.7
2025-11-10,mgm,Dru Smith,MIA,CLE,AST,3.5,2.15,1.6666666666666665,0.46511627906976744,0.6,0.43668122270742354,0.5633187772925764,0.5449985307990088,0.1083173080915853,0.17174684121786898,0.149345079319886,0.46511627906976744,0.0798822517292414,16.6,3.660586810112,1.4206842616736384,0.7
2025-11-10,mgm,Ryan Kalkbrenner,CHA,LAL,AST,0.5,1.7692307692307692,1.9523809523809523,0.5652173913043478,0.5121951219512195,0.5246062992125985,0.4753937007874017,0.6313357691212814,0.10672946990868293,0.1169786684453441,0.15207226897894718,0.5652173913043479,0.06611837781693353,28.8,1.129288423061371,1.8762704068393963,0.7
2025-11-10,draftkings,Cole Anthony,MIL,@DAL,AST,4.5,2.2,1.6289308176100628,0.45454545454545453,0.6138996138996139,0.4254270696452037,0.5745729303547964,0.5303600540837641,0.10493298443856036,0.16679211898428092,0.13899343248690096,0.45454545454545453,0.07581459953830955,20.6,4.624616822600365,1.6359286299674303,0.7
2025-11-10,mgm,Rudy Gobert,MIN,@UTA,AST,1.5,2.15,1.6451612903225805,0.46511627906976744,0.6078431372549019,0.43348916277093075,0.5665108372290693,0.5361342085775067,0.10264504580657596,0.15268854844163937,0.13277265081881687,0.46511627906976744,0.07101792950773927,32.8,1.6940637558698652,2.1396406215051726,0.7
2025-11-10,mgm,John Collins,LAC,ATL,AST,1.5,2.55,1.4761904761904763,0.39215686274509803,0.6774193548387096,0.3666469544648137,0.6333530455351862,0.4687447680815954,0.10209781361678166,0.19529915860806824,0.12599945716649555,0.3921568627450981,0.07658790533649729,23.0,1.3812802247703075,1.5137891745287066,0.7
2025-11-10,mgm,Jarrett Allen,CLE,@MIA,AST,1.5,1.625,2.2,0.6153846153846154,0.45454545454545453,0.5751633986928104,0.4248366013071895,0.6747102289899419,0.09954683029713152,0.09640412210865562,0.1542465953738489,0.6153846153846154,0.05932561360532651,26.4,2.2934439182281494,1.7516972280915086,0.7
2025-11-10,mgm,AJ Green,MIL,@DAL,AST,1.5,1.6896551724137931,2.1,0.5918367346938775,0.47619047619047616,0.554140127388535,0.4458598726114649,0.6536406404609667,0.09950051307243168,0.10442728905473686,0.15141956912936844,0.5918367346938775,0.06180390576708916,28.8,2.249875116348267,1.8976097071304647,0.7
2025-11-10,caesars,Keyonte George,UTA,MIN,AST,5.5,1.9345794392523366,1.7874015748031495,0.5169082125603864,0.5594713656387665,0.4802285578710111,0.519771442128989,0.5704123795108446,0.09018382163983346,0.10350806129668055,0.1107536255874482,0.5169082125603864,0.05350416695045812,34.2,5.914337557554245,2.335294054480217,0.7
2025-11-10,mgm,Julian Champagnie,SAS,@CHI,AST,1.5,2.0,1.7407407407407407,0.5,0.574468085106383,0.4653465346534653,0.5346534653465347,0.5516061524729501,0.08625961781948477,0.10321230494590017,0.10321230494590017,0.5,0.051606152472950084,29.4,1.7496167823672293,1.9242687442803605,0.7
2025-11-10,mgm,Dyson Daniels,ATL,@LAC,AST,5.5,1.7142857142857144,2.05,0.5833333333333334,0.4878048780487805,0.5445920303605313,0.4554079696394686,0.6209032637533569,0.07631123339282564,0.06440559500575471,0.0901678330080566,0.5833333333333333,0.037569930420023656,35.8,6.250014424324035,2.436267067362283,0.7
2025-11-10,draftkings,Devin Vassell,SAS,@CHI,AST,2.5,1.9174311926605505,1.8333333333333335,0.5215311004784688,0.5454545454545454,0.4887892376681614,0.5112107623318386,0.5632918071680098,0.07450256949984835,0.08007328163407379,0.0872798769811403,0.5215311004784688,0.041760706689540905,33.8,2.8540095582604406,2.2219965501922982,0.7
2025-11-10,mgm,Keldon Johnson,SAS,@CHI,AST,1.5,1.6666666666666665,2.1,0.6,0.47619047619047616,0.5575221238938053,0.4424778761061947,0.6311499699933844,0.07362784609957906,0.05191661665564057,0.0778749249834606,0.6000000000000001,0.031149969993384263,24.4,2.043232449889183,1.6220706368857507,0.7
2025-11-10,mgm,Yves Missi,NOP,@PHX,AST,1.5,2.2,1.625,0.45454545454545453,0.6153846153846154,0.4248366013071895,0.5751633986928104,0.49843333937746226,0.07359673807027278,0.09655334663041693,0.08046112219201429,0.45454545454545453,0.04388788483200773,23.5,1.4939198680222034,1.5482711743391222,0.7
2025-11-10,mgm,Duncan Robinson,DET,WAS,AST,1.5,1.847457627118644,1.9090909090909092,0.5412844036697247,0.5238095238095238,0.5082034454470877,0.49179655455291227,0.5782754168706237,0.07007197142353594,0.0683393294728471,0.08064040877795965,0.5412844036697247,0.036991013200898926,32.4,1.9181334704160689,2.117308028257092,0.7
2025-11-10,mgm,Ausar Thompson,DET,WAS,AST,2.5,1.526315789473684,2.4,0.6551724137931034,0.4166666666666667,0.6112600536193029,0.38873994638069703,0.6766423703122306,0.06538231669292771,0.03276993363445724,0.062262873905468544,0.6551724137931035,0.021469956519127087,29.8,3.41338978856802,1.992864247208672,0.7
2025-11-10,mgm,Max Christie,DAL,MIL,AST,2.5,2.2,1.625,0.45454545454545453,0.6153846153846154,0.4248366013071895,0.5751633986928104,0.48930746110104484,0.06447085979385536,0.07647641442229858,0.06373034535191557,0.45454545454545453,0.03476200655559031,30.8,2.4456800371408463,2.0264536964127267,0.7
2025-11-10,mgm,Harrison Barnes,SAS,@CHI,AST,1.5,1.8333333333333335,1.9090909090909092,0.5454545454545454,0.5238095238095238,0.5101214574898786,0.48987854251012153,0.5730613778338924,0.06293992034401386,0.05061252602880284,0.060735031234563405,0.5454545454545454,0.027606832379347024,31.4,1.8781429469585418,2.053187218393204,0.7
2025-11-10,mgm,Jarred Vanderbilt,LAL,@CHA,AST,1.5,2.45,1.526315789473684,0.40816326530612246,0.6551724137931034,0.3838517538054269,0.6161482461945731,0.44326015754162096,0.05940840373619405,0.08598738597697131,0.059301645501359676,0.4081632653061224,0.035096892235498556,17.6,1.3308169841766357,1.1855137097648014,0.7
2025-11-10,mgm,Jordan Hawkins,NOP,@PHX,AST,0.5,1.5405405405405406,2.35,0.6491228070175439,0.425531914893617,0.6040291767974991,0.3959708232025009,0.6602440005605864,0.056214823763087285,0.01713264951225474,0.03169540159767137,0.6491228070175439,0.011121193543042529,13.4,0.8767763823270798,0.9120063038282321,0.7
2025-11-10,mgm,Kyle Kuzma,MIL,@DAL,AST,1.5,2.1,1.6896551724137931,0.47619047619047616,0.5918367346938775,0.4458598726114649,0.554140127388535,0.4969075182657382,0.05104764565427328,0.0435057883580503,0.039550716689136636,0.47619047619047616,0.020717042075262038,25.8,1.4868859738111497,1.6917439025053918,0.7
2025-11-10,mgm,Kris Murray,POR,@ORL,AST,1.5,2.3,1.5714285714285714,0.43478260869565216,0.6363636363636364,0.4059040590405904,0.5940959409594095,0.4536219482572562,0.04771788921666581,0.043330480991689346,0.03333113922437633,0.4347826086956522,0.018839339561603996,22.4,1.3281551480293272,1.4748651866123268,0.7
2025-11-10,betrivers,Jusuf Nurkic,UTA,MIN,AST,3.5,2.1,1.6756756756756757,0.47619047619047616,0.5967741935483871,0.4438081603435934,0.5561918396564066,0.4880250746158551,0.04421691427226171,0.024852656693295727,0.02259332426663258,0.47619047619047616,0.011834598425378928,23.8,3.4501583218574523,1.6602163015053522,0.7
2025-11-10,mgm,Nikola Vucevic,CHI,SAS,PTS,18.5,1.9090909090909092,1.8333333333333335,0.5238095238095238,0.5454545454545454,0.48987854251012153,0.5101214574898786,0.9812627784456588,0.49138423593553726,0.8733198497598941,0.25,0.5238095238095238,0.45745325463613495,31.6,33.978545093536376,7.439614799594769,0.7
2025-11-10,betrivers,Jusuf Nurkic,UTA,MIN,PTS,10.5,2.17,1.8928571428571428,0.4608294930875576,0.5283018867924528,0.4658931082981716,0.5341068917018285,0.9438759650357603,0.4779828567375887,1.0482108441276,0.25,0.4608294930875576,0.4830464719482027,23.8,19.42448513507843,5.61935390212229,0.7
2025-11-10,fanduel,Nikola Jovic,MIA,CLE,PTS,12.5,2.0,1.7575757575757576,0.5,0.5689655172413793,0.4677419354838709,0.532258064516129,0.9319281266020034,0.46418619111813253,0.8638562532040068,0.25,0.5,0.4319281266020034,19.0,21.289424657821655,5.897730776598849,0.7
2025-11-10,mgm,Moussa Diabate,CHA,LAL,PTS,8.5,1.8333333333333335,1.9090909090909092,0.5454545454545454,0.5238095238095238,0.5101214574898786,0.48987854251012153,0.9635340351775561,0.4534125776876775,0.7664790644921862,0.25,0.5454545454545454,0.4180794897230107,19.6,18.06072762012482,5.3314893644886165,0.7
2025-11-10,draftkings,Jaden McDaniels,MIN,@UTA,PTS,14.5,1.9523809523809523,1.819672131147541,0.5121951219512195,0.5495495495495496,0.48240894039735094,0.517591059602649,0.860580261101731,0.3781713207043801,0.6801805097700463,0.25,0.5121951219512195,0.3483851391505115,32.2,21.708606588840485,6.65657644983373,0.7
2025-11-10,mgm,Stephon Castle,SAS,@CHI,PTS,16.5,1.9523809523809523,1.8,0.5121951219512195,0.5555555555555556,0.4796954314720812,0.5203045685279188,0.8328827816702487,0.35318735019816744,0.6261044784990568,0.25,0.5121951219512195,0.32068765971902913,34.6,23.322413682937622,7.06532042791255,0.7
2025-11-10,fanduel,Austin Reaves,LAL,@CHA,PTS,23.5,1.925925925925926,1.847457627118644,0.5192307692307693,0.5412844036697247,0.4896023956080519,0.510397604391948,0.8333637720021785,0.34376137639412657,0.6049968942264178,0.25,0.5192307692307692,0.3141330027714093,38.0,31.14248013496399,7.898849943333799,0.7
2025-11-10,mgm,Julius Randle,MIN,@UTA,PTS,21.5,1.8,1.9523809523809523,0.5555555555555556,0.5121951219512195,0.5203045685279188,0.4796954314720812,0.8420447509925502,0.3217401824646313,0.5156805517865903,0.25,0.5555555555555556,0.2864891954369946,33.2,28.71660125255585,7.1957542245327435,0.7
2025-11-10,fanduel,Jaylon Tyson,CLE,@MIA,PTS,8.5,1.9433962264150944,1.8,0.5145631067961165,0.5555555555555556,0.4808467741935484,0.5191532258064516,0.7958703680250944,0.315023593831546,0.5466914699355607,0.25,0.5145631067961165,0.28130726122897787,27.4,13.050577569007872,5.502772816826579,0.7
2025-11-10,fanduel,D'Angelo Russell,DAL,MIL,PTS,9.5,1.8771929824561404,1.8771929824561404,0.5327102803738317,0.5327102803738317,0.5,0.5,0.7871905814469141,0.2871905814469141,0.4777086353477159,0.25,0.5327102803738317,0.2544803010730824,23.2,13.466231155395507,4.978255186910203,0.7
2025-11-10,mgm,Jake LaRavia,LAL,@CHA,PTS,9.5,1.9523809523809523,1.7692307692307692,0.5121951219512195,0.5652173913043478,0.4753937007874017,0.5246062992125985,0.7522879559796416,0.2768942551922399,0.4687526759602526,0.25,0.5121951219512195,0.24009283402842208,33.8,13.970365250110625,6.5576027110643595,0.7
2025-11-10,fanduel,Kristaps Porzingis,ATL,@LAC,PTS,17.5,1.7575757575757576,2.0,0.5689655172413793,0.5,0.532258064516129,0.4677419354838709,0.806369088523567,0.27411102400743803,0.41725476164748143,0.25,0.5689655172413793,0.2374035712821877,25.6,22.74989013671875,6.072089168939974,0.7
2025-11-10,caesars,Keldon Johnson,SAS,@CHI,PTS,9.5,2.0,1.72992700729927,0.5,0.5780590717299579,0.4637964774951076,0.5362035225048923,0.7330956742701894,0.2692991967750818,0.4661913485403788,0.25,0.5,0.2330956742701894,24.4,12.646781706809996,5.057487170685006,0.7
2025-11-10,draftkings,De'Andre Hunter,CLE,@MIA,PTS,15.5,1.9345794392523366,1.8403361344537816,0.5169082125603864,0.54337899543379,0.487517163899638,0.512482836100362,0.754658890296227,0.267141726396589,0.45994757281606535,0.25,0.5169082125603864,0.23775067773584058,28.0,19.642417192459106,6.010261207861632,0.7
2025-11-10,mgm,Dillon Brooks,PHX,NOP,PTS,15.5,1.8695652173913042,1.8695652173913042,0.5348837209302325,0.5348837209302325,0.5,0.5,0.7646483227073493,0.2646483227073493,0.42955990767026164,0.25,0.5348837209302326,0.22976460177711666,31.25,20.14770917594433,6.443203793728931,0.7
2025-11-10,fanduel,Sam Merrill,CLE,@MIA,PTS,8.5,1.8,1.9433962264150944,0.5555555555555556,0.5145631067961165,0.5191532258064516,0.4808467741935484,0.7806118043194354,0.2614585785129838,0.4051012477749838,0.25,0.5555555555555556,0.22505624876387986,23.8,12.337659299373627,4.956543994039985,0.7
2025-11-10,mgm,Simone Fontecchio,MIA,CLE,PTS,8.5,2.0,1.7407407407407407,0.5,0.574468085106383,0.4653465346534653,0.5346534653465347,0.7195480286235818,0.2542014939701165,0.4390960572471636,0.25,0.5,0.2195480286235818,19.8,11.04903666973114,4.383558781817248,0.7
2025-11-10,fanduel,Mike Conley,MIN,@UTA,PTS,5.5,1.9615384615384617,1.78125,0.5098039215686274,0.5614035087719298,0.47591522157996147,0.5240847784200385,0.7266903319856786,0.2507751104057171,0.42543103581806185,0.25,0.5098039215686274,0.21688641041705115,23.2,8.267799949645996,4.591316017443436,0.7
2025-11-10,mgm,Julian Champagnie,SAS,@CHI,PTS,7.5,1.7407407407407407,2.0,0.574468085106383,0.5,0.5346534653465347,0.4653465346534653,0.7829133803810124,0.24825991503447775,0.3628492177002809,0.25,0.574468085106383,0.2084452952746294,29.4,12.00602420568466,5.76166107049307,0.7
2025-11-10,fanduel,Ryan Rollins,MIL,@DAL,PTS,14.5,2.04,1.7246376811594204,0.49019607843137253,0.5798319327731093,0.4581151832460733,0.5418848167539267,0.705350096142707,0.24723491289663374,0.43891419613112237,0.25,0.49019607843137253,0.21515401771133452,31.8,17.957638406753542,6.404801601974385,0.7
2025-11-10,betrivers,Donte DiVincenzo,MIN,@UTA,PTS,13.5,1.9523809523809523,1.970873786407767,0.5121951219512195,0.5073891625615764,0.5023568230025924,0.49764317699740745,0.7480378491880773,0.24568102618548482,0.46045484841481743,0.25,0.5121951219512195,0.23584272723685773,30.4,17.635241127014158,6.1874434207695534,0.7
2025-11-10,mgm,Donovan Mitchell,CLE,@MIA,PTS,26.5,1.9523809523809523,1.8,0.5121951219512195,0.5555555555555556,0.4796954314720812,0.5203045685279188,0.721794914218604,0.24209948274652277,0.4092186420458458,0.25,0.5121951219512195,0.20959979226738445,31.6,30.726342916488647,7.185434570437811,0.7
2025-11-10,mgm,Evan Mobley,CLE,@MIA,PTS,18.5,1.9090909090909092,1.8333333333333335,0.5238095238095238,0.5454545454545454,0.48987854251012153,0.5101214574898786,0.7255138017493459,0.23563525923922435,0.3850718033396603,0.25,0.5238095238095238,0.20170427793982204,33.4,22.614475166797636,6.86546056860796,0.7
2025-11-10,fanduel,Ryan Dunn,PHX,NOP,PTS,7.5,1.8333333333333335,1.9090909090909092,0.5454545454545454,0.5238095238095238,0.5101214574898786,0.48987854251012153,0.7449853741275945,0.23486391663771589,0.36580651923392327,0.25,0.5454545454545454,0.19953082867304905,28.4,11.16554045677185,5.564031814286344,0.7
2025-11-10,mgm,Jeremy Sochan,SAS,@CHI,PTS,7.5,1.8695652173913042,1.8695652173913042,0.5348837209302325,0.5348837209302325,0.5,0.5,0.7261928865055699,0.2261928865055699,0.3576649617278046,0.25,0.5348837209302326,0.19130916557533728,20.0,10.085539817810059,4.299637761135153,0.7
2025-11-10,fanduel,Ayo Dosunmu,CHI,SAS,PTS,10.5,1.78125,1.9615384615384617,0.5614035087719298,0.5098039215686274,0.5240847784200385,0.47591522157996147,0.7415500202518098,0.2174652418317713,0.3208859735735362,0.25,0.5614035087719298,0.18014651147988003,24.8,13.8706711769104,5.2005983978337,0.7
2025-11-10,caesars,Josh Giddey,CHI,SAS,PTS,20.5,1.9803921568627452,1.7692307692307692,0.504950495049505,0.5652173913043478,0.4718423169750604,0.5281576830249397,0.6831348190593891,0.2112925020843287,0.3528748377450647,0.25,0.504950495049505,0.17818432400988415,35.8,23.96108794212341,7.263823499583619,0.7
2025-11-10,draftkings,Kyle Kuzma,MIL,@DAL,PTS,10.5,1.7751937984496124,2.01,0.5633187772925764,0.4975124378109453,0.5310164041860369,0.468983595813963,0.7420821083945104,0.21106570420847348,0.31733955676234793,0.25,0.5633187772925764,0.178763331101934,25.8,13.966973197460176,5.335629167059124,0.7
2025-11-10,mgm,Dru Smith,MIA,CLE,PTS,5.5,1.9090909090909092,1.8333333333333335,0.5238095238095238,0.5454545454545454,0.48987854251012153,0.5101214574898786,0.695698162112606,0.20581961960248452,0.32815103676042967,0.25,0.5238095238095238,0.1718886383030822,16.6,7.353888863325119,3.6203984427552474,0.7
2025-11-10,mgm,Royce O'Neale,PHX,NOP,PTS,9.5,1.7692307692307692,2.0,0.5652173913043478,0.5,0.5306122448979592,0.4693877551020409,0.7199418666422049,0.18932962174424572,0.2737433025208241,0.25,0.5652173913043479,0.15472447533785705,30.8,13.013158321380615,6.0294256332022576,0.7
2025-11-10,fanduel,Pelle Larsson,MIA,CLE,PTS,10.5,1.9433962264150944,1.8,0.5145631067961165,0.5555555555555556,0.4808467741935484,0.5191532258064516,0.6659859525452565,0.18513917835170812,0.29427458702191356,0.25,0.5145631067961165,0.15142284574914,25.4,12.728916597366332,5.197355557286835,0.7
2025-11-10,mgm,Donovan Clingan,POR,@ORL,PTS,8.5,2.0,1.7407407407407407,0.5,0.574468085106383,0.4653465346534653,0.5346534653465347,0.6482928447580361,0.18294631010457074,0.2965856895160721,0.25,0.5,0.14829284475803606,24.2,10.354537791013717,4.8711897081760265,0.7
2025-11-10,draftkings,Tristan da Silva,ORL,POR,PTS,8.5,1.8,1.9803921568627452,0.5555555555555556,0.504950495049505,0.5238589211618258,0.47614107883817425,0.7068028728886437,0.182943951726818,0.2722451711995587,0.25,0.5555555555555556,0.15124731733308816,21.6,10.98699073791504,4.571097563829113,0.7
2025-11-10,mgm,Jalen Smith,CHI,SAS,PTS,8.5,1.7407407407407407,2.0,0.574468085106383,0.5,0.5346534653465347,0.4653465346534653,0.7115608866455625,0.1769074212990278,0.23864302490153466,0.25,0.574468085106383,0.13709280153917947,16.4,10.805346488952635,4.131812294526104,0.7
2025-11-10,mgm,Kyshawn George,WAS,@DET,PTS,12.5,1.8333333333333335,1.9090909090909092,0.5454545454545454,0.5238095238095238,0.5101214574898786,0.48987854251012153,0.6863678477638868,0.17624639027400824,0.2583410542337925,0.25,0.5454545454545454,0.1409133023093414,30.6,15.464858865737916,6.105797303030773,0.7
2025-11-10,fanduel,Jarrett Allen,CLE,@MIA,PTS,12.5,1.819672131147541,1.925925925925926,0.5495495495495496,0.5192307692307693,0.5141838223374939,0.48581617766250607,0.6888963603256021,0.17471253798810815,0.2535655081334727,0.25,0.5495495495495495,0.1393468107760526,26.4,15.210023260116577,5.500078401023981,0.7
2025-11-10,draftkings,Harrison Barnes,SAS,@CHI,PTS,10.5,1.9345794392523366,1.8403361344537816,0.5169082125603864,0.54337899543379,0.487517163899638,0.512482836100362,0.659927078063267,0.172409914163629,0.27668135662706794,0.25,0.5169082125603864,0.14301886550288057,31.4,13.02617853283882,6.127573095567486,0.7
2025-11-10,fanduel,Rudy Gobert,MIN,@UTA,PTS,11.5,2.02,1.7352941176470589,0.49504950495049505,0.576271186440678,0.46209273182957394,0.5379072681704261,0.634370877689669,0.1722781458600951,0.2814291729331315,0.25,0.49504950495049505,0.139321372739174,32.8,13.691947841644286,6.382103284875717,0.7
2025-11-10,mgm,Jaylen Clark,MIN,@UTA,PTS,4.5,1.8333333333333335,1.9090909090909092,0.5454545454545454,0.5238095238095238,0.5101214574898786,0.48987854251012153,0.6797258264880282,0.16960436899814957,0.24616401522805165,0.25,0.5454545454545454,0.13427128103348274,17.4,6.17163478732109,3.580037077494572,0.7
2025-11-10,fanduel,Jrue Holiday,POR,@ORL,PTS,15.5,1.819672131147541,1.9615384615384617,0.5495495495495496,0.5098039215686274,0.5187593796898449,0.48124062031015497,0.6812083303182721,0.16244895062842724,0.23957581418570828,0.25,0.5495495495495495,0.13165878076872262,33.6,18.65857458114624,6.704958966447747,0.7
2025-11-10,fanduel,Anthony Davis,DAL,MIL,PTS,21.5,1.9433962264150944,1.8,0.5145631067961165,0.5555555555555556,0.4808467741935484,0.5191532258064516,0.638959881305301,0.15811310711175264,0.24175222215935854,0.25,0.5145631067961165,0.12439677450918452,35.75,24.08305236697197,7.262293329800255,0.7
2025-11-10,fanduel,Deni Avdija,POR,@ORL,PTS,22.5,1.8333333333333335,1.9433962264150944,0.5454545454545454,0.5145631067961165,0.5145711906744379,0.48542880932556204,0.6669128385881672,0.15234164791372928,0.22267353741163987,0.25,0.5454545454545454,0.12145829313362178,34.4,25.586266326904298,7.153997613248796,0.7
2025-11-10,fanduel,Cole Anthony,MIL,@DAL,PTS,9.5,1.8333333333333335,1.9090909090909092,0.5454545454545454,0.5238095238095238,0.5101214574898786,0.48987854251012153,0.653587740791268,0.14346628330138944,0.19824419145065808,0.23789302974078969,0.5454545454545454,0.10813319533672261,20.6,11.272599220275879,4.48731019482356,0.7
2025-11-10,mgm,AJ Green,MIL,@DAL,PTS,7.5,1.7142857142857144,2.05,0.5833333333333334,0.4878048780487805,0.5445920303605313,0.4554079696394686,0.688005996404149,0.14341396604361767,0.17943885097854106,0.25,0.5833333333333333,0.10467266307081569,28.8,10.24091262817383,5.591346524249563,0.7
2025-11-10,mgm,Marcus Smart,LAL,@CHA,PTS,7.5,1.7407407407407407,2.0,0.574468085106383,0.5,0.5346534653465347,0.4653465346534653,0.6742053005697866,0.13955183522325187,0.17361663432518398,0.23438245633899832,0.574468085106383,0.09973721546340353,31.8,10.255257081985475,6.1017050554887895,0.7
2025-11-10,mgm,Rui Hachimura,LAL,@CHA,PTS,12.5,1.847457627118644,1.9090909090909092,0.5412844036697247,0.5238095238095238,0.5082034454470877,0.49179655455291227,0.6384837428703212,0.13028029742323344,0.179571660557034,0.21189455945730026,0.5412844036697247,0.09719933920059642,35.8,14.953849649429321,6.923782384424669,0.7
2025-11-10,mgm,Jaxson Hayes,LAL,@CHA,PTS,4.5,2.15,1.6451612903225805,0.46511627906976744,0.6078431372549019,0.43348916277093075,0.5665108372290693,0.5609689024839799,0.12747973971304916,0.20608314034055675,0.1792027307309189,0.46511627906976744,0.09585262341421247,19.2,5.076865768432617,3.759891184734,0.7
2025-11-10,caesars,Jerami Grant,POR,@ORL,PTS,16.5,1.847457627118644,1.8695652173913042,0.5412844036697247,0.5348837209302325,0.5029738302934179,0.4970261697065821,0.6288590158246558,0.12588518553123784,0.16179038516758437,0.19091265449774958,0.5412844036697247,0.08757461215493101,30.0,18.533315062522888,6.183428884025312,0.7
2025-11-10,fanduel,P.J. Washington,DAL,MIL,PTS,14.5,1.9433962264150944,1.8,0.5145631067961165,0.5555555555555556,0.4808467741935484,0.5191532258064516,0.5996121617212496,0.11876538752770127,0.1652840124016739,0.17520105314577433,0.5145631067961165,0.08504905492513315,32.8,16.133920097351073,6.474987507115614,0.7
2025-11-10,draftkings,Deandre Ayton,LAL,@CHA,PTS,14.5,1.8547008547008548,1.9174311926605505,0.5391705069124424,0.5215311004784688,0.5083149711054754,0.4916850288945246,0.6234537926131213,0.11513882150764587,0.15632028202604542,0.18289472997047315,0.5391705069124424,0.08428328570067889,30.4,16.426265525817872,6.123596769396357,0.7
2025-11-10,fanduel,Yves Missi,NOP,@PHX,PTS,7.5,1.9615384615384617,1.78125,0.5098039215686274,0.5614035087719298,0.47591522157996147,0.5240847784200385,0.58896603017299,0.11305080859302852,0.1552795207239419,0.16149070155289957,0.5098039215686274,0.07916210860436257,23.5,8.546711936593056,4.654410725624152,0.7
2025-11-10,fanduel,Grayson Allen,PHX,NOP,PTS,15.5,1.9433962264150944,1.8,0.5145631067961165,0.5555555555555556,0.4808467741935484,0.5191532258064516,0.5895380957520997,0.10869132155855132,0.1457061106125711,0.15444847724932548,0.5145631067961165,0.0749749889559832,34.6,17.03825334906578,6.795697478236526,0.7
2025-11-10,draftkings,Zaccharie Risacher,ATL,@LAC,PTS,12.5,1.9803921568627452,1.8,0.504950495049505,0.5555555555555556,0.47614107883817425,0.5238589211618258,0.5808127392557023,0.10467166041752807,0.1502369934279595,0.1532417332965187,0.504950495049505,0.07586224420619736,26.0,13.58854055404663,5.336686865643532,0.7
2025-11-10,mgm,Victor Wembanyama,SAS,@CHI,PTS,25.5,1.8,1.9523809523809523,0.5555555555555556,0.5121951219512195,0.5203045685279188,0.4796954314720812,0.6248240786365461,0.10451951010862726,0.12468334154578298,0.15585417693222886,0.5555555555555556,0.06926852308099052,35.0,27.838936150074005,7.351088971542244,0.7
2025-11-10,fanduel,Naz Reid,MIN,@UTA,PTS,12.5,1.9615384615384617,1.78125,0.5098039215686274,0.5614035087719298,0.47591522157996147,0.5240847784200385,0.5725169530016455,0.09660173142168405,0.12301402319553545,0.12793458412335687,0.5098039215686274,0.0627130314330181,22.6,13.396891176700592,4.906788143943743,0.7
2025-11-10,fanduel,Max Christie,DAL,MIL,PTS,11.5,1.847457627118644,1.8928571428571428,0.5412844036697247,0.5283018867924528,0.5060689431946916,0.4939310568053083,0.5950089125358604,0.08893996934116877,0.09925375366794553,0.11711942932817561,0.5412844036697247,0.05372450886613567,30.8,12.94915326833725,6.026862691161656,0.7
2025-11-10,mgm,Matas Buzelis,CHI,SAS,PTS,15.5,1.8695652173913042,1.847457627118644,0.5348837209302325,0.5412844036697247,0.4970261697065821,0.5029738302934179,0.5800285576906801,0.08300238798409798,0.08440121655214095,0.09706139903496196,0.5348837209302326,0.04514483676044745,32.0,16.788448333740234,6.379513915658299,0.7
2025-11-10,draftkings,Alex Sarr,WAS,@DET,PTS,16.5,1.8849557522123894,1.8849557522123894,0.5305164319248826,0.5305164319248826,0.5,0.5,0.577318908767311,0.07731890876731096,0.0882205979419225,0.09968927567437229,0.5305164319248826,0.04680247684242833,28.4,17.654669857025144,5.920190776707605,0.7
2025-11-10,draftkings,Norman Powell,MIA,CLE,PTS,21.5,1.8130081300813008,1.9615384615384617,0.5515695067264574,0.5098039215686274,0.519675254742772,0.480324745257228,0.596914172514514,0.07723891777174197,0.08221024772956592,0.10111860470736601,0.5515695067264574,0.045344665788056515,28.6,23.053635239601135,6.331862645623446,0.7
2025-11-10,mgm,Jarred Vanderbilt,LAL,@CHA,PTS,4.5,1.9523809523809523,1.8,0.5121951219512195,0.5555555555555556,0.4796954314720812,0.5203045685279188,0.5528593292694227,0.0731638977973415,0.07939202381173005,0.08336162500231656,0.5121951219512195,0.040664207318203194,17.6,4.965040636062622,3.499472570015873,0.7
2025-11-10,mgm,Devin Vassell,SAS,@CHI,PTS,14.5,1.8333333333333335,1.9090909090909092,0.5454545454545454,0.5238095238095238,0.5101214574898786,0.48987854251012153,0.5772005135642552,0.06707905607437659,0.05820094153446781,0.06984112984136157,0.5454545454545454,0.031745968109709755,33.8,15.789357823133468,6.621026862694169,0.7
2025-11-10,mgm,Andrew Wiggins,MIA,CLE,PTS,18.5,1.8333333333333335,1.9090909090909092,0.5454545454545454,0.5238095238095238,0.5101214574898786,0.48987854251012153,0.5753023319013075,0.06518087441142895,0.05472094181906384,0.06566513018287674,0.5454545454545454,0.029847786446762115,34.4,19.80552911758423,6.875186597350595,0.7
2025-11-10,draftkings,Giannis Antetokounmpo,MIL,@DAL,PTS,30.5,1.9523809523809523,1.8264462809917354,0.5121951219512195,0.5475113122171946,0.4833368048323266,0.5166631951676735,0.5237815206485421,0.040444715816215504,0.02262106412334408,0.023752117329511404,0.5121951219512195,0.011586398697322586,31.6,30.929505491256716,7.200815920005214,0.7
2025-11-10,betrivers,Luka Doncic,LAL,@CHA,REB,8.5,1.7575757575757576,2.0,0.5689655172413793,0.5,0.532258064516129,0.4677419354838709,0.8979027273838625,0.36564466286773345,0.578132066311031,0.25,0.5689655172413793,0.3289372101424831,38.0,13.190718054771423,3.6943762251764234,0.7
2025-11-10,mgm,Jose Alvarado,NOP,@PHX,REB,1.5,1.526315789473684,2.4,0.6551724137931034,0.4166666666666667,0.6112600536193029,0.38873994638069703,0.924527103323528,0.31326704970422514,0.4111203155990691,0.25,0.6551724137931035,0.2693546895304245,20.4,4.42622532248497,2.0374793623414345,0.7
2025-11-10,betrivers,De'Aaron Fox,SAS,@CHI,REB,3.5,1.8695652173913042,1.8695652173913042,0.5348837209302325,0.5348837209302325,0.5,0.5,0.7562811714079206,0.2562811714079206,0.4139169726321994,0.25,0.5348837209302326,0.221397450477688,15.25,4.820925876498222,1.902282374540915,0.7
2025-11-10,mgm,Jaylen Clark,MIN,@UTA,REB,2.5,2.35,1.5405405405405406,0.425531914893617,0.6491228070175439,0.3959708232025009,0.6040291767974991,0.6442730678187414,0.2483022446162405,0.5140417093740424,0.25,0.425531914893617,0.21874115292512436,17.4,3.139657187461853,1.7292508977146361,0.7
2025-11-10,draftkings,Kristaps Porzingis,ATL,@LAC,REB,6.5,1.9615384615384617,1.7936507936507935,0.5098039215686274,0.5575221238938053,0.4776459112339457,0.5223540887660543,0.7256735700709449,0.24802765883699923,0.42343661821608425,0.25,0.5098039215686274,0.2158696485023175,25.6,8.085668182373047,2.6437496514367034,0.7
2025-11-10,fanduel,Shaedon Sharpe,POR,@ORL,REB,4.5,2.24,1.625,0.44642857142857145,0.6153846153846154,0.4204398447606727,0.5795601552393274,0.6602861365931258,0.23984629183245315,0.4790409459686019,0.25,0.4464285714285714,0.21385756516455445,25.6,5.516339874267579,2.459417310046815,0.7
2025-11-10,mgm,Norman Powell,MIA,CLE,REB,3.5,2.25,1.606060606060606,0.4444444444444444,0.6226415094339622,0.4165029469548134,0.5834970530451867,0.6528631678757351,0.23636022092092168,0.4689421277204039,0.25,0.4444444444444444,0.20841872343129064,28.6,4.537807533144951,2.640314868341822,0.7
2025-11-10,betrivers,Keldon Johnson,SAS,@CHI,REB,4.5,2.0,1.7462686567164178,0.5,0.5726495726495726,0.4661354581673307,0.5338645418326693,0.700473147700654,0.23433768953332335,0.4009462954013081,0.25,0.5,0.20047314770065405,24.4,5.758925783634186,2.3944792755220705,0.7
2025-11-10,caesars,Julian Champagnie,SAS,@CHI,REB,3.5,1.6578947368421053,2.1,0.6031746031746031,0.47619047619047616,0.5588235294117647,0.4411764705882353,0.7911096604717303,0.23228613105996554,0.3115765423610265,0.25,0.6031746031746031,0.18793505729712712,29.4,5.728965380787849,2.750866538569554,0.7
2025-11-10,mgm,Jaxson Hayes,LAL,@CHA,REB,2.5,1.606060606060606,2.25,0.6226415094339622,0.4444444444444444,0.5834970530451867,0.4165029469548134,0.8153424531953783,0.23184540015019162,0.3094893945259107,0.25,0.6226415094339623,0.192700943761416,19.2,4.251580810546875,1.9510633020359975,0.7
2025-11-10,mgm,Jake LaRavia,LAL,@CHA,REB,3.5,1.8333333333333335,1.9090909090909092,0.5454545454545454,0.5238095238095238,0.5101214574898786,0.48987854251012153,0.7239077307929966,0.21378627330311806,0.32716417312049384,0.25,0.5454545454545454,0.17845318533845123,33.8,5.337773159146308,3.0913449616357656,0.7
2025-11-10,fanduel,Khris Middleton,WAS,@DET,REB,3.5,2.3600000000000003,1.5747126436781609,0.423728813559322,0.635036496350365,0.4002103295162421,0.5997896704837579,0.5949139154394122,0.1947035859231701,0.4039968404370128,0.25,0.42372881355932196,0.17118510188009023,24.2,4.045976012945175,2.2729687174182214,0.7
2025-11-10,betrivers,Davion Mitchell,MIA,CLE,REB,2.5,1.9174311926605505,1.8264462809917354,0.5215311004784688,0.5475113122171946,0.48784883956417835,0.5121511604358217,0.6790339922437896,0.19118515267961123,0.3020009576050644,0.25,0.5215311004784688,0.15750289176532073,31.4,3.8258326202630997,2.8512577324892314,0.7
2025-11-10,fanduel,Sion James,CHA,LAL,REB,3.5,2.1799999999999997,1.6666666666666665,0.45871559633027525,0.6,0.43327556325823224,0.5667244367417678,0.6054101727707681,0.1721346095125359,0.31979417664027454,0.25,0.4587155963302753,0.14669457644049283,27.6,4.180811101198197,2.546268286082472,0.7
2025-11-10,fanduel,Ryan Dunn,PHX,NOP,REB,4.5,1.9433962264150944,1.8,0.5145631067961165,0.5555555555555556,0.4808467741935484,0.5191532258064516,0.6462225135980156,0.16537573940446726,0.25586639435086056,0.25,0.5145631067961165,0.13165940680189914,28.4,5.499432104825973,2.6641445094175005,0.7
2025-11-10,draftkings,Klay Thompson,DAL,MIL,REB,2.5,2.0,1.7575757575757576,0.5,0.5689655172413793,0.4677419354838709,0.532258064516129,0.633039444049812,0.16529750856594116,0.2660788880996241,0.25,0.5,0.13303944404981205,20.6,3.1628018349409106,1.9499089927143243,0.7
2025-11-10,caesars,Ryan Kalkbrenner,CHA,LAL,REB,6.5,1.7692307692307692,1.9523809523809523,0.5652173913043478,0.5121951219512195,0.5246062992125985,0.4753937007874017,0.6853572279112654,0.16075092869866692,0.2125550955353157,0.25,0.5652173913043479,0.12013983660691752,28.8,7.8596062660217285,2.8164785095882983,0.7
2025-11-10,mgm,Marcus Smart,LAL,@CHA,REB,2.5,2.4,1.526315789473684,0.4166666666666667,0.6551724137931034,0.38873994638069703,0.6112600536193029,0.5426944003801526,0.15395445399945556,0.30246656091236623,0.21604754350883304,0.4166666666666667,0.1260277337134859,31.8,2.8071739196777346,2.8647844018034974,0.7
2025-11-10,betrivers,Nikola Vucevic,CHI,SAS,REB,10.5,2.04,1.72992700729927,0.49019607843137253,0.5780590717299579,0.4588754646840148,0.5411245353159851,0.6062641616114298,0.14738869692741502,0.23677888968731686,0.22767200931472775,0.49019607843137253,0.11606808318005729,31.6,11.363096547126771,3.2014534291498564,0.7
2025-11-10,mgm,Zaccharie Risacher,ATL,@LAC,REB,2.5,1.6896551724137931,2.1,0.5918367346938775,0.47619047619047616,0.554140127388535,0.4458598726114649,0.6944982113143535,0.1403580839258185,0.17346249497942495,0.25,0.5918367346938775,0.10266147662047598,26.0,3.7202654778957367,2.3990681555522815,0.7
2025-11-10,mgm,Mike Conley,MIN,@UTA,REB,1.5,1.7407407407407407,2.0,0.574468085106383,0.5,0.5346534653465347,0.4653465346534653,0.6739808819061162,0.13932741655958147,0.17322597961435032,0.23385507247937287,0.574468085106383,0.09951279679973313,23.2,2.455798214673996,2.1196039855296487,0.7
2025-11-10,betrivers,Victor Wembanyama,SAS,@CHI,REB,11.5,1.7751937984496124,1.9615384615384617,0.5633187772925764,0.5098039215686274,0.5249341737812177,0.47506582621878246,0.6637972658781757,0.13886309209695802,0.17836878981474602,0.23009573886102222,0.5633187772925764,0.10047848858559927,35.0,12.976964861154556,3.492889950460158,0.7
2025-11-10,caesars,Nikola Jovic,MIA,CLE,REB,4.5,1.72992700729927,2.0,0.5780590717299579,0.5,0.5362035225048923,0.4637964774951076,0.6747358536458025,0.13853233114091013,0.16724377601500134,0.2291239731405519,0.5780590717299579,0.09667678191584461,19.0,5.442485421895981,2.0804113507338684,0.7
2025-11-10,fanduel,Jerami Grant,POR,@ORL,REB,3.5,2.42,1.5434782608695652,0.4132231404958678,0.647887323943662,0.3894251864853006,0.6105748135146994,0.5277689700311667,0.13834378354586613,0.2772009074754235,0.19521190667283336,0.4132231404958678,0.11454582953529896,30.0,3.6901263892650604,2.7292388406378527,0.7
2025-11-10,mgm,Austin Reaves,LAL,@CHA,REB,3.5,1.6451612903225805,2.15,0.6078431372549019,0.46511627906976744,0.5665108372290693,0.43348916277093075,0.7048298115956219,0.1383189743665526,0.15955872230247464,0.24731601956883562,0.607843137254902,0.09698667434071984,38.0,5.354994475841522,3.445749286651149,0.7
2025-11-10,mgm,Jrue Holiday,POR,@ORL,REB,4.5,2.2,1.6451612903225805,0.45454545454545453,0.6078431372549019,0.4278523489932886,0.5721476510067114,0.562363509405658,0.13451116041236943,0.23719972069244766,0.19766643391037325,0.45454545454545453,0.10781805486020352,33.6,4.9811563968658445,3.0653873962239255,0.7
2025-11-10,mgm,Dru Smith,MIA,CLE,REB,1.5,1.606060606060606,2.25,0.6226415094339622,0.4444444444444444,0.5834970530451867,0.4165029469548134,0.7142860202482065,0.1307889672030198,0.14718663858045294,0.24285795365774707,0.6226415094339623,0.09164451081424418,16.6,2.407266336679459,1.6030864603244765,0.7
2025-11-10,fanduel,Svi Mykhailiuk,UTA,MIN,REB,2.5,1.8771929824561404,1.8771929824561404,0.5327102803738317,0.5327102803738317,0.5,0.5,0.6306609648915786,0.13066096489157863,0.18387233760348964,0.20961446486797847,0.5327102803738317,0.09795068451774691,28.0,3.3511074483394623,2.55124739311976,0.7
2025-11-10,caesars,Donovan Clingan,POR,@ORL,REB,8.5,1.900900900900901,1.819672131147541,0.5260663507109005,0.5495495495495496,0.4890838361384566,0.5109161638615434,0.6108487876407094,0.1217649515022528,0.1611630107404476,0.1788909419218968,0.5260663507109005,0.08478243692980891,24.2,9.258318012952804,2.6935415614650737,0.7
2025-11-10,mgm,Keyonte George,UTA,MIN,REB,3.5,2.15,1.6451612903225805,0.46511627906976744,0.6078431372549019,0.43348916277093075,0.5665108372290693,0.5526569896604684,0.11916782688953764,0.18821252777000697,0.16366306762609312,0.46511627906976744,0.08754071059070095,34.2,3.909386332333088,3.0925764981308337,0.7
2025-11-10,mgm,Ausar Thompson,DET,WAS,REB,6.5,2.15,1.6451612903225805,0.46511627906976744,0.6078431372549019,0.43348916277093075,0.5665108372290693,0.552149886763436,0.11866072399250527,0.18712225654138737,0.16271500568816302,0.46511627906976744,0.08703360769366858,29.8,6.871355110406876,2.8327194870311585,0.7
2025-11-10,caesars,Paolo Banchero,ORL,POR,REB,7.5,1.6896551724137931,2.05,0.5918367346938775,0.4878048780487805,0.5481788842784694,0.45182111572153066,0.6473167678179643,0.09913788353949493,0.0937421249338018,0.1359260811540125,0.5918367346938775,0.05548003312408678,33.4,8.701533609628678,3.1779345618386268,0.7
2025-11-10,fanduel,Devin Vassell,SAS,@CHI,REB,3.5,1.8333333333333335,1.9090909090909092,0.5454545454545454,0.5238095238095238,0.5101214574898786,0.48987854251012153,0.6090732087004602,0.09895175121058164,0.11663421595084378,0.13996105914101253,0.5454545454545454,0.06361866324591481,33.8,4.349359512329102,3.0673394376174326,0.7
2025-11-10,betrivers,Josh Giddey,CHI,SAS,REB,8.5,1.8333333333333335,1.8928571428571428,0.5454545454545454,0.5283018867924528,0.5079872204472844,0.4920127795527157,0.6058834871507222,0.09789626670343776,0.11078639310965732,0.13294367173158878,0.5454545454545454,0.06042894169617674,35.8,9.40873320698738,3.3831477452718044,0.7
2025-11-10,mgm,Jarred Vanderbilt,LAL,@CHA,REB,4.5,1.7407407407407407,2.0,0.574468085106383,0.5,0.5346534653465347,0.4653465346534653,0.63144153252848,0.09678806718194533,0.09917600106809482,0.1338876014419281,0.574468085106383,0.05697344742209698,17.6,5.1708851814270025,1.998622967917268,0.7
2025-11-10,betrivers,Ryan Rollins,MIL,@DAL,REB,3.5,2.0,1.7462686567164178,0.5,0.5726495726495726,0.4661354581673307,0.5338645418326693,0.5609105033401006,0.09477504517276991,0.12182100668020124,0.12182100668020124,0.5,0.06091050334010062,31.8,3.942670874297619,2.888024830509394,0.7
2025-11-10,betrivers,Dyson Daniels,ATL,@LAC,REB,6.5,2.12,1.6666666666666665,0.4716981132075472,0.6,0.44014084507042256,0.5598591549295775,0.5341507554362468,0.09400991036582423,0.1323996015248433,0.1182139299328957,0.4716981132075471,0.06245264222869967,35.8,6.7824522823095315,3.2955157190527653,0.7
2025-11-10,betrivers,De'Andre Hunter,CLE,@MIA,REB,4.5,1.7751937984496124,1.9615384615384617,0.5633187772925764,0.5098039215686274,0.5249341737812177,0.47506582621878246,0.6158959358291033,0.09096176204788564,0.09333464577414463,0.12040169304864656,0.5633187772925764,0.05257715853652689,28.0,5.273144721984863,2.6233235124561975,0.7
2025-11-10,betrivers,Alex Sarr,WAS,@DET,REB,6.5,1.6993006993006992,2.0700000000000003,0.588477366255144,0.4830917874396135,0.5491734847219903,0.45082651527800965,0.6383963212017658,0.08922283647977547,0.08482731504915447,0.12130306052029066,0.5884773662551441,0.049918954946621685,28.4,7.480238890647888,2.7676642502655766,0.7
2025-11-10,fanduel,Jaylon Tyson,CLE,@MIA,REB,3.5,2.2199999999999998,1.617283950617284,0.45045045045045046,0.6183206106870229,0.421465800141561,0.5785341998584389,0.5102802865361273,0.08881448639456635,0.13282223611020272,0.10887068533623155,0.4504504504504505,0.059829836085676824,27.4,3.564632534980774,2.50788699399119,0.7
2025-11-10,betrivers,Donte DiVincenzo,MIN,@UTA,REB,3.5,1.8264462809917354,1.9090909090909092,0.5475113122171946,0.5238095238095238,0.5110619469026548,0.48893805309734506,0.5994948533987997,0.08843290649614488,0.09494514546392346,0.11488362601134731,0.5475113122171946,0.051983541181605086,30.4,4.1998965501785275,2.77692857845186,0.7
2025-11-10,caesars,Tre Jones,CHI,SAS,REB,3.5,1.9090909090909092,1.819672131147541,0.5238095238095238,0.5495495495495496,0.48800959232613905,0.511990407673861,0.5764217599231003,0.08841216759696124,0.10044154167137331,0.11048569583851064,0.5238095238095238,0.05261223611357646,28.8,4.0085227489471436,2.638280323666242,0.7
2025-11-10,mgm,Collin Gillespie,PHX,NOP,REB,3.5,1.7692307692307692,2.0,0.5652173913043478,0.5,0.5306122448979592,0.4693877551020409,0.6113301386324075,0.08071789373444826,0.08158409142656708,0.1060593188545372,0.5652173913043479,0.04611274732805959,25.2,4.166182512044906,2.3557705639740556,0.7
2025-11-10,mgm,Anthony Davis,DAL,MIL,REB,10.5,2.0,1.7407407407407407,0.5,0.574468085106383,0.4653465346534653,0.5346534653465347,0.5447027462878513,0.079356211634386,0.08940549257570263,0.08940549257570263,0.5,0.044702746287851314,35.75,10.886286742985249,3.4401214890916325,0.7
2025-11-10,mgm,Julius Randle,MIN,@UTA,REB,6.5,1.6666666666666665,2.1,0.6,0.47619047619047616,0.5575221238938053,0.4424778761061947,0.6363571661354026,0.07883504224159732,0.06059527689233768,0.09089291533850652,0.6000000000000001,0.03635716613540252,33.2,7.58708731532097,3.1171993900030928,0.7
2025-11-10,mgm,Donovan Mitchell,CLE,@MIA,REB,4.5,2.05,1.7142857142857144,0.4878048780487805,0.5833333333333334,0.4554079696394686,0.5445920303605313,0.5303874884752002,0.07497951883573162,0.08729435137416053,0.08313747749920039,0.48780487804878053,0.0425826104264197,31.6,4.720475286245346,2.8917088745160835,0.7
2025-11-10,mgm,Dillon Brooks,PHX,NOP,REB,2.5,1.6666666666666665,2.1,0.6,0.47619047619047616,0.5575221238938053,0.4424778761061947,0.6324685041107875,0.07494638021698219,0.05411417351797909,0.08117126027696864,0.6000000000000001,0.03246850411078739,31.25,3.4576591569930315,2.8299755623827942,0.7
2025-11-10,fanduel,Collin Sexton,CHA,LAL,REB,2.5,1.9433962264150944,1.8333333333333335,0.5145631067961165,0.5454545454545454,0.48542880932556204,0.5145711906744379,0.5591311653572395,0.07370235603167746,0.0866133968263334,0.0918102006359134,0.5145631067961165,0.044568058561123,26.8,2.8623519480228423,2.4357048156528336,0.7
2025-11-10,mgm,Cooper Flagg,DAL,MIL,REB,5.5,1.6666666666666665,2.1,0.6,0.47619047619047616,0.5575221238938053,0.4424778761061947,0.6312081603650702,0.07368603647126493,0.05201360060845034,0.07802040091267526,0.6000000000000001,0.031208160365070126,33.0,6.526162147521973,3.0626687537257133,0.7
2025-11-10,mgm,Ayo Dosunmu,CHI,SAS,REB,2.5,1.9090909090909092,1.847457627118644,0.5238095238095238,0.5412844036697247,0.49179655455291227,0.5082034454470877,0.5615436210316431,0.06974706647873086,0.07203782196950048,0.07924160416645065,0.5238095238095238,0.03773409722211929,24.8,2.851182979345322,2.267393350016622,0.7
2025-11-10,betrivers,Nickeil Alexander-Walker,ATL,@LAC,REB,3.5,2.3,1.5714285714285714,0.43478260869565216,0.6363636363636364,0.4059040590405904,0.5940959409594095,0.47449229445610364,0.06858823541551323,0.09133227724903836,0.07025559788387566,0.4347826086956522,0.03970968576045142,32.0,3.314997434616089,2.8914799898537598,0.7
2025-11-10,caesars,D'Angelo Russell,DAL,MIL,REB,2.5,1.7092198581560285,2.0,0.5850622406639004,0.5,0.5391969407265774,0.4608030592734225,0.6045681138817307,0.06537117315515328,0.03333982585458939,0.04700915445497104,0.5850622406639003,0.019505873217830372,23.2,3.0689991831779477,2.1456354351370037,0.7
2025-11-10,caesars,Patrick Williams,CHI,SAS,REB,2.5,1.6097560975609757,2.2,0.6212121212121212,0.45454545454545453,0.5774647887323944,0.4225352112676056,0.6395529038234329,0.06208811509103851,0.02952418664259926,0.048419666093862786,0.6212121212121212,0.018340782611311668,22.6,3.2529059648513794,2.1074219787207853,0.7
2025-11-10,mgm,AJ Green,MIL,@DAL,REB,2.5,1.9523809523809523,1.7692307692307692,0.5121951219512195,0.5652173913043478,0.4753937007874017,0.5246062992125985,0.5374087822010687,0.06201508141366702,0.049226670011610296,0.051688003512190696,0.5121951219512195,0.025213660249849168,28.8,2.7445027828216553,2.6036485465187074,0.7
2025-11-10,draftkings,Jaden McDaniels,MIN,@UTA,REB,4.5,1.7633587786259541,1.99009900990099,0.5670995670995671,0.5024875621890548,0.5302041802585478,0.46979581974145224,0.5854489076826744,0.05524472742412667,0.03235647079921983,0.04238697674697775,0.5670995670995671,0.018349340583107332,32.2,5.137511318922043,2.9534486578381927,0.7
2025-11-10,mgm,Corey Kispert,WAS,@DET,REB,2.5,2.25,1.606060606060606,0.4444444444444444,0.6226415094339622,0.4165029469548134,0.5834970530451867,0.4658766107152902,0.049373663760476805,0.04822237410940289,0.0385778992875224,0.4444444444444444,0.021432166270845765,16.6,2.3630738705396652,1.5988717844560107,0.7
2025-11-10,draftkings,Lonzo Ball,CLE,@MIA,REB,3.5,1.9523809523809523,1.7936507936507935,0.5121951219512195,0.5575221238938053,0.4788135593220339,0.521186440677966,0.5272498045090096,0.0484362451869757,0.029392475469971147,0.03086209924346959,0.5121951219512195,0.015054682557790078,24.6,3.6561614692211153,2.284454084444893,0.7
2025-11-10,fanduel,Devin Booker,PHX,NOP,REB,4.5,2.1399999999999997,1.6578947368421053,0.4672897196261682,0.6031746031746031,0.43652993348115304,0.563470066518847,0.4848846242661856,0.04835469078503257,0.03765309592963717,0.03302903151722549,0.4672897196261683,0.01759490464001734,37.2,4.372680974006653,3.359545117733749,0.7
