player,team,opponent,market,line,p_over_model,over_dec,under_dec,ProjMins,ProjMean,ProjSD,POverImp,PUnderImp,POverFair,PUnderFair,p_under_model,p_over_imp,p_under_imp,p_over_fair,p_under_fair,edge_under,EV_under_1u
Jarace Walker,IND,BKN,AST,3.5,0.030286347469941,1.6756756756756757,2.05,17.8,1.276035062968731,1.1851022286204125,0.5967741935483871,0.4878048780487805,0.5502357635110628,0.4497642364889372,0.969713652530059,0.5967741935483871,0.48780487804878053,0.5502357635110627,0.44976423648893726,0.5199494160411218,0.987912987686621
Jarace Walker,IND,BKN,REB,6.5,0.0323476328761271,1.7194244604316546,2.0700000000000003,17.8,3.256302934885025,1.7558572776319177,0.5815899581589958,0.4830917874396135,0.5462570956657111,0.4537429043342889,0.9676523671238729,0.5815899581589958,0.48309178743961345,0.5462570956657111,0.4537429043342889,0.513909462789584,1.0030403999464172
Kyshawn George,WAS,@BOS,PTS,13.5,0.0464169544800536,1.819672131147541,1.9615384615384617,20.4,6.694249749183654,4.049512137226291,0.5495495495495496,0.5098039215686274,0.5187593796898449,0.4812406203101549,0.9535830455199464,0.5495495495495495,0.5098039215686274,0.5187593796898449,0.4812406203101551,0.47234242520979136,0.8704898200583566
Jarace Walker,IND,BKN,PTS,15.5,0.014081497623675,1.9174311926605505,1.8064516129032255,17.8,7.288191866874695,3.741128341988116,0.5215311004784688,0.5535714285714286,0.485098943018358,0.5149010569816419,0.985918502376325,0.5215311004784688,0.5535714285714286,0.48509894301835804,0.5149010569816419,0.47101744539468304,0.7810140688088448
Lauri Markkanen,UTA,@DET,PTS,25.5,0.028631077692898,1.9615384615384617,1.819672131147541,26.8,14.992172980308531,5.526641139981594,0.5098039215686274,0.5495495495495496,0.4812406203101549,0.5187593796898449,0.971368922307102,0.5098039215686274,0.5495495495495495,0.4812406203101551,0.5187593796898449,0.45260954261725717,0.7675729569850546
Neemias Queta,BOS,WAS,PTS,9.5,0.0209879888903327,2.02,1.763358778625954,13.0,3.930223196744919,2.738662205732334,0.495049504950495,0.5670995670995671,0.466082886082079,0.533917113917921,0.9790120111096673,0.49504950495049505,0.5670995670995672,0.466082886082079,0.5339171139179211,0.4450948971917462,0.7263494241704818
Isaiah Stewart,DET,UTA,PTS,14.5,0.03440363424615,2.01,1.7751937984496124,22.0,6.676005303859711,4.299646689070429,0.4975124378109453,0.5633187772925764,0.468983595813963,0.5310164041860369,0.96559636575385,0.49751243781094534,0.5633187772925764,0.46898359581396304,0.5310164041860369,0.4345799615678131,0.7141206802917183
Pascal Siakam,IND,BKN,AST,5.5,0.1241936970839461,1.7692307692307692,1.9803921568627447,30.0,3.210578039288521,1.9834283219909936,0.5652173913043478,0.504950495049505,0.5281576830249397,0.4718423169750604,0.8758063029160539,0.5652173913043479,0.5049504950495051,0.5281576830249396,0.4718423169750603,0.4039639859409936,0.7344399332259103
Pascal Siakam,IND,BKN,PTS,26.5,0.0803782666612341,1.9523809523809523,1.819672131147541,30.0,17.896031141281128,6.134598528185295,0.5121951219512195,0.5495495495495496,0.4824089403973509,0.517591059602649,0.919621733338766,0.5121951219512195,0.5495495495495495,0.48240894039735105,0.517591059602649,0.402030673736117,0.6734100393541479
Kyshawn George,WAS,@BOS,REB,6.5,0.0383963432103955,2.18,1.6329113924050631,20.4,3.104150104522705,1.9189856971554609,0.4587155963302752,0.6124031007751938,0.4282584157758449,0.571741584224155,0.9616036567896045,0.4587155963302752,0.6124031007751939,0.42825841577584484,0.5717415842241551,0.38986207256544936,0.5702135661501134
Keyonte George,UTA,@DET,AST,7.5,0.0636689059597122,2.1,1.6849315068493151,31.4,4.295095807313919,2.102011407532028,0.4761904761904761,0.5934959349593496,0.4451682953311618,0.5548317046688382,0.9363310940402878,0.47619047619047616,0.5934959349593496,0.4451682953311618,0.5548317046688382,0.38149938937144956,0.57765376119117
Ben Sheppard,IND,BKN,PTS,7.5,0.1010306527227313,1.9803921568627447,1.7692307692307692,13.8,3.8844332456588746,2.834180830185092,0.504950495049505,0.5652173913043478,0.4718423169750604,0.5281576830249397,0.8989693472772687,0.5049504950495051,0.5652173913043479,0.4718423169750603,0.5281576830249396,0.37081166425232914,0.5904842297982447
Jaylen Brown,BOS,WAS,PTS,25.5,0.1209202793289154,1.9090909090909087,1.819672131147541,27.4,18.64312206506729,5.858583007657768,0.5238095238095238,0.5495495495495496,0.488009592326139,0.511990407673861,0.8790797206710846,0.523809523809524,0.5495495495495495,0.48800959232613916,0.5119904076738608,0.3670893129972238,0.5996368687621376
Isaiah Stewart,DET,UTA,REB,8.5,0.0781199934021212,2.12,1.6896551724137931,22.0,5.374194324016571,2.2046384491085345,0.4716981132075472,0.5918367346938775,0.4435191889934829,0.5564808110065169,0.9218800065978788,0.4716981132075471,0.5918367346938775,0.44351918899348297,0.556480811006517,0.3653991955913618,0.5576593214929677
Tyrese Maxey,PHI,@CLE,PTS,30.5,0.1486614837057822,1.847457627118644,1.8928571428571428,38.0,22.6605327129364,7.52209966284672,0.5412844036697247,0.5283018867924528,0.5060689431946916,0.4939310568053083,0.8513385162942178,0.5412844036697247,0.5283018867924528,0.5060689431946916,0.4939310568053083,0.35740745948890945,0.6114621915569122
Nic Claxton,BKN,@IND,REB,7.5,0.1563246057716463,1.847457627118644,1.8928571428571428,21.4,5.313315168023109,2.165723269874262,0.5412844036697247,0.5283018867924528,0.5060689431946916,0.4939310568053083,0.8436753942283537,0.5412844036697247,0.5283018867924528,0.5060689431946916,0.4939310568053083,0.3497443374230454,0.5969569962179552
Simone Fontecchio,MIA,@DEN,PTS,7.5,0.1259810590040933,2.0,1.7462686567164178,10.0,4.467887878417969,2.6467538454934707,0.5,0.5726495726495726,0.4661354581673307,0.5338645418326693,0.8740189409959067,0.5,0.5726495726495727,0.4661354581673306,0.5338645418326693,0.3401543991632374,0.5262718820376281
Marcus Smart,LAL,SAS,AST,3.5,0.1633896905930418,1.8771929824561404,1.8771929824561404,15.4,2.3431256830692293,1.179735713780952,0.5327102803738317,0.5327102803738317,0.5,0.5,0.8366103094069582,0.5327102803738317,0.5327102803738317,0.5,0.5,0.33661030940695824,0.5704790018692024
Mitchell Robinson,NYK,MIN,REB,6.5,0.1776872764987872,1.8403361344537816,1.9174311926605505,16.4,4.747789216041564,1.8958915264032108,0.54337899543379,0.5215311004784688,0.5102580936358787,0.4897419063641212,0.8223127235012128,0.5433789954337899,0.5215311004784688,0.5102580936358786,0.48974190636412124,0.3325708171370915,0.5767280661628759
Payton Pritchard,BOS,WAS,AST,5.5,0.1349561467117475,2.04,1.7246376811594204,27.8,3.443280702829361,1.8642122449764955,0.4901960784313725,0.5798319327731093,0.4581151832460733,0.5418848167539267,0.8650438532882525,0.49019607843137253,0.5798319327731092,0.4581151832460733,0.5418848167539266,0.32315903653432587,0.4918872252362617
Reed Sheppard,HOU,@MEM,PTS,7.5,0.1924517177405517,1.819672131147541,1.925925925925926,17.8,4.471087163686753,3.485928265909336,0.5495495495495496,0.5192307692307693,0.5141838223374939,0.485816177662506,0.8075482822594483,0.5495495495495495,0.5192307692307692,0.5141838223374939,0.48581617766250607,0.32173210459694224,0.5552781732404191
Jonathan Kuminga,GSW,@SAC,REB,5.5,0.2503277358230225,1.6493506493506491,2.16,20.2,4.160110372304916,1.989564456018188,0.6062992125984252,0.4629629629629629,0.5670257738988136,0.4329742261011864,0.7496722641769775,0.6062992125984252,0.4629629629629629,0.5670257738988136,0.43297422610118635,0.31669803807579117,0.6192920906222715
De'Andre Hunter,CLE,PHI,PTS,18.5,0.1604796619199511,1.99009900990099,1.7874015748031495,25.0,13.3607417345047,5.1781543680140185,0.5024875621890548,0.5594713656387665,0.4731704296858876,0.5268295703141123,0.8395203380800489,0.5024875621890548,0.5594713656387665,0.47317042968588763,0.5268295703141123,0.31269076776593663,0.5005599743635519
Jake LaRavia,LAL,SAS,AST,2.5,0.1801215216359728,1.9090909090909087,1.8333333333333333,21.2,1.2312336653470992,1.386778297104333,0.5238095238095238,0.5454545454545454,0.4898785425101215,0.5101214574898786,0.8198784783640272,0.523809523809524,0.5454545454545455,0.4898785425101214,0.5101214574898785,0.3097570208741487,0.5031105436673831
Payton Pritchard,BOS,WAS,PTS,16.5,0.2132085436322586,1.819672131147541,1.9615384615384617,27.8,12.12343518137932,5.502775489212175,0.5495495495495496,0.5098039215686274,0.5187593796898449,0.4812406203101549,0.7867914563677414,0.5495495495495495,0.5098039215686274,0.5187593796898449,0.4812406203101551,0.3055508360575863,0.5433217028751851
Ja Morant,MEM,HOU,AST,7.5,0.1732762980414102,1.99009900990099,1.7751937984496124,32.6,5.417620038986207,2.212245019253668,0.5024875621890548,0.5633187772925764,0.4714623506869421,0.528537649313058,0.8267237019585898,0.5024875621890548,0.5633187772925764,0.4714623506869421,0.528537649313058,0.2981860526455318,0.4675947887481944
D'Angelo Russell,DAL,NOP,PTS,15.5,0.2296982784000896,1.819672131147541,1.925925925925926,27.2,11.519941759109496,5.379613918714269,0.5495495495495496,0.5192307692307693,0.5141838223374939,0.485816177662506,0.7703017215999104,0.5495495495495495,0.5192307692307692,0.5141838223374939,0.48581617766250607,0.28448554393740433,0.4835440564146424
Kyshawn George,WAS,@BOS,AST,3.5,0.1910165017274956,1.9523809523809523,1.7692307692307692,20.4,2.280526515841484,1.3950287064463136,0.5121951219512195,0.5652173913043478,0.4753937007874017,0.5246062992125985,0.8089834982725044,0.5121951219512195,0.5652173913043479,0.47539370078740156,0.5246062992125985,0.2843771990599059,0.4312784969436615
Jake LaRavia,LAL,SAS,PTS,9.5,0.2061328359094671,1.925925925925926,1.847457627118644,21.2,6.107259500026703,4.137927142518816,0.5192307692307693,0.5412844036697247,0.4896023956080519,0.510397604391948,0.7938671640905329,0.5192307692307692,0.5412844036697247,0.48960239560805185,0.510397604391948,0.2834695596985849,0.4666359472181032
Terance Mann,BKN,@IND,AST,2.5,0.257959398681942,1.7462686567164178,2.03,24.2,1.474073600769043,1.579200410254338,0.5726495726495726,0.4926108374384236,0.5375676850717362,0.4624323149282637,0.742040601318058,0.5726495726495727,0.4926108374384237,0.5375676850717364,0.46243231492826375,0.2796082863897943,0.5063424206756577
Kevon Looney,NOP,@DAL,REB,7.5,0.2802145669735296,1.6756756756756757,2.12,16.4,6.241691994667053,2.161282881318994,0.5967741935483871,0.4716981132075472,0.5585303332383936,0.4414696667616063,0.7197854330264704,0.5967741935483871,0.4716981132075471,0.5585303332383936,0.4414696667616063,0.27831576626486404,0.5259451180161172
Victor Wembanyama,SAS,@LAL,PTS,27.5,0.2112664870530572,1.9433962264150944,1.8333333333333333,33.0,22.07033693790436,6.769861817615325,0.5145631067961165,0.5454545454545454,0.485428809325562,0.5145711906744379,0.7887335129469428,0.5145631067961165,0.5454545454545455,0.4854288093255619,0.5145711906744379,0.2741623222725049,0.44601144040272844
Nic Claxton,BKN,@IND,AST,2.5,0.2873114203420887,1.6666666666666663,2.1,21.4,1.7041150555014608,1.4180419384989549,0.6,0.4761904761904761,0.5575221238938053,0.4424778761061947,0.7126885796579113,0.6000000000000001,0.47619047619047616,0.5575221238938053,0.4424778761061946,0.2702107035517167,0.49664601728161384
Amen Thompson,HOU,@MEM,PTS,18.5,0.1950808612697848,2.02,1.7352941176470589,30.6,13.34562047123909,5.9981786045644805,0.495049504950495,0.576271186440678,0.4620927318295739,0.5379072681704261,0.8049191387302153,0.49504950495049505,0.576271186440678,0.46209273182957394,0.5379072681704261,0.26701187055978914,0.39677144662007946
Tyrese Martin,BKN,@IND,AST,3.5,0.2515433823779689,1.8333333333333333,1.925925925925926,22.2,2.4919976413249967,1.505288027564588,0.5454545454545454,0.5192307692307693,0.5123152709359606,0.4876847290640395,0.7484566176220311,0.5454545454545455,0.5192307692307692,0.5123152709359607,0.48768472906403937,0.2607718885579917,0.44147200430909694
Jaylen Brown,BOS,WAS,AST,4.5,0.2839046067406444,1.7352941176470589,2.02,27.4,3.4477851331233977,1.8418518394390195,0.576271186440678,0.495049504950495,0.5379072681704261,0.4620927318295739,0.7160953932593557,0.576271186440678,0.49504950495049505,0.5379072681704261,0.46209273182957394,0.25400266142978173,0.4465126943838985
Max Christie,DAL,NOP,AST,2.5,0.3127554259120175,1.6849315068493151,2.12,27.8,1.618193893134594,1.8067759256675568,0.5934959349593496,0.4716981132075472,0.5571716589861752,0.4428283410138249,0.6872445740879825,0.5934959349593496,0.4716981132075471,0.5571716589861752,0.4428283410138249,0.24441623307415755,0.4569584970665229
Draymond Green,GSW,@SAC,AST,5.5,0.2876592334828923,1.7751937984496124,1.99009900990099,27.8,4.429308837652207,1.911143055082735,0.5633187772925764,0.5024875621890548,0.528537649313058,0.4714623506869421,0.7123407665171078,0.5633187772925764,0.5024875621890548,0.528537649313058,0.4714623506869421,0.24087841583016567,0.4176286541578085
Cam Thomas,BKN,@IND,PTS,23.5,0.2883220673760884,1.7692307692307692,1.9803921568627447,27.0,20.18497520685196,5.937783826936427,0.5652173913043478,0.504950495049505,0.5281576830249397,0.4718423169750604,0.7116779326239115,0.5652173913043479,0.5049504950495051,0.5281576830249396,0.4718423169750603,0.23983561564885125,0.40940139598068725
Keyonte George,UTA,@DET,PTS,19.5,0.2743710520705191,1.847457627118644,1.8928571428571428,31.4,15.764947772026062,6.228760778468112,0.5412844036697247,0.5283018867924528,0.5060689431946916,0.4939310568053083,0.7256289479294808,0.5412844036697247,0.5283018867924528,0.5060689431946916,0.4939310568053083,0.23169789112417255,0.3735119371522315
Jonathan Kuminga,GSW,@SAC,AST,3.5,0.1623451155332576,2.4,1.5319148936170213,20.2,2.1456698760390283,1.3751424676699722,0.4166666666666667,0.6527777777777778,0.3896103896103896,0.6103896103896104,0.8376548844667424,0.4166666666666667,0.6527777777777778,0.38961038961038963,0.6103896103896104,0.22726527407713204,0.28321599322564794
Isaiah Hartenstein,OKC,@POR,REB,9.5,0.2596265018680452,1.925925925925926,1.819672131147541,23.0,7.890324175357819,2.4975679628196974,0.5192307692307693,0.5495495495495496,0.485816177662506,0.5141838223374939,0.7403734981319547,0.5192307692307692,0.5495495495495495,0.48581617766250607,0.5141838223374939,0.2261896757944608,0.347237021190934
Lauri Markkanen,UTA,@DET,REB,6.5,0.2645300194840388,1.925925925925926,1.8333333333333333,26.8,4.9268003582954405,2.4993578855372447,0.5192307692307693,0.5454545454545454,0.4876847290640395,0.5123152709359606,0.7354699805159612,0.5192307692307692,0.5454545454545455,0.48768472906403937,0.5123152709359607,0.2231547095800005,0.34836163094592887
Sam Merrill,CLE,PHI,PTS,9.5,0.2734893921930372,1.8771929824561404,1.847457627118644,21.4,6.9574998021125785,4.221364139991612,0.5327102803738317,0.5412844036697247,0.496008302730321,0.5039916972696792,0.7265106078069627,0.5327102803738317,0.5412844036697247,0.496008302730321,0.5039916972696792,0.22251891053728357,0.3421975635755752
Marcus Smart,LAL,SAS,PTS,8.5,0.2551779527716065,1.9615384615384617,1.78125,15.4,6.295884042978287,3.348277113376545,0.5098039215686274,0.5614035087719298,0.4759152215799614,0.5240847784200385,0.7448220472283935,0.5098039215686274,0.5614035087719298,0.47591522157996147,0.5240847784200385,0.22073726880835498,0.326714271625576
P.J. Washington,DAL,NOP,REB,8.5,0.2263818518124094,2.1,1.6849315068493151,30.8,6.348330754041672,2.865776297958717,0.4761904761904761,0.5934959349593496,0.4451682953311618,0.5548317046688382,0.7736181481875906,0.47619047619047616,0.5934959349593496,0.4451682953311618,0.5548317046688382,0.21878644351875232,0.3034935921516937
Cade Cunningham,DET,UTA,AST,9.5,0.319702559518053,1.7352941176470589,2.0,34.0,8.36567011475563,2.421036390919994,0.576271186440678,0.5,0.5354330708661418,0.4645669291338583,0.6802974404819471,0.576271186440678,0.5,0.5354330708661418,0.4645669291338583,0.2157305113480888,0.36059488096389414
Dean Wade,CLE,PHI,PTS,6.5,0.2456069079425902,2.04,1.7246376811594204,18.4,4.051580512523651,3.5567872206779203,0.4901960784313725,0.5798319327731093,0.4581151832460733,0.5418848167539267,0.7543930920574098,0.49019607843137253,0.5798319327731092,0.4581151832460733,0.5418848167539266,0.21250827530348315,0.3010547529685764
Aaron Nesmith,IND,BKN,PTS,16.5,0.2684450785891155,1.9433962264150944,1.8,27.0,13.141600012779236,5.438506429000859,0.5145631067961165,0.5555555555555556,0.4808467741935484,0.5191532258064516,0.7315549214108845,0.5145631067961165,0.5555555555555556,0.4808467741935484,0.5191532258064516,0.2124016956044329,0.3167988585395921
Jake LaRavia,LAL,SAS,REB,4.5,0.2366076962117028,2.08,1.6944444444444444,21.2,3.081951862573624,1.9770426539197068,0.4807692307692308,0.5901639344262295,0.4489255225198704,0.5510744774801295,0.7633923037882973,0.4807692307692307,0.5901639344262295,0.4489255225198705,0.5510744774801296,0.21231782630816765,0.2935258480857259
Victor Wembanyama,SAS,@LAL,REB,12.5,0.3351776617406006,1.7246376811594204,2.04,33.0,11.116168588399889,3.251022224717192,0.5798319327731093,0.4901960784313725,0.5418848167539267,0.4581151832460733,0.6648223382593994,0.5798319327731092,0.49019607843137253,0.5418848167539266,0.4581151832460733,0.2067071550133261,0.3562375700491748
Jrue Holiday,POR,OKC,PTS,14.5,0.3234146484594542,1.7692307692307692,1.9803921568627447,32.2,11.659470462799073,6.199709241965129,0.5652173913043478,0.504950495049505,0.5281576830249397,0.4718423169750604,0.6765853515405458,0.5652173913043479,0.5049504950495051,0.5281576830249396,0.4718423169750603,0.20474303456548548,0.3399043236391198
Taylor Hendricks,UTA,@DET,PTS,6.5,0.2550843179654918,2.04,1.7246376811594204,25.25,3.374180641025305,4.746336757584527,0.4901960784313725,0.5798319327731093,0.4581151832460733,0.5418848167539267,0.7449156820345082,0.49019607843137253,0.5798319327731092,0.4581151832460733,0.5418848167539266,0.20303086528058156,0.28470965452328234
Jonas Valanciunas,DEN,MIA,REB,4.5,0.2796246456471005,1.9433962264150944,1.8,11.2,3.5329967498779293,1.6559496167372405,0.5145631067961165,0.5555555555555556,0.4808467741935484,0.5191532258064516,0.7203753543528995,0.5145631067961165,0.5555555555555556,0.4808467741935484,0.5191532258064516,0.20122212854644783,0.296675637835219
Donte DiVincenzo,MIN,@NYK,AST,3.5,0.3621170042746381,1.6493506493506491,2.1,23.0,2.944110155105591,1.575625425486131,0.6062992125984252,0.4761904761904761,0.5600969864911673,0.4399030135088327,0.6378829957253619,0.6062992125984252,0.47619047619047616,0.5600969864911673,0.4399030135088327,0.19797998221652918,0.33955429102326007
Duncan Robinson,DET,UTA,PTS,12.5,0.2679862652787439,2.02,1.7352941176470589,21.0,9.788272261619568,4.381423777428037,0.495049504950495,0.576271186440678,0.4620927318295739,0.5379072681704261,0.7320137347212561,0.49504950495049505,0.576271186440678,0.46209273182957394,0.5379072681704261,0.19410646655082997,0.27025912789865025
Isaiah Jackson,IND,BKN,REB,6.5,0.251161747653932,2.12,1.6756756756756757,17.0,5.173908770084381,1.9767670895277505,0.4716981132075472,0.5967741935483871,0.4414696667616063,0.5585303332383936,0.7488382523460679,0.4716981132075471,0.5967741935483871,0.4414696667616063,0.5585303332383936,0.1903079191076743,0.25481004447178945
Jalen Brunson,NYK,MIN,PTS,26.5,0.3266890028589275,1.8771929824561404,1.8928571428571428,35.8,23.2586278796196,7.217895982496101,0.5327102803738317,0.5283018867924528,0.5020774472328402,0.4979225527671597,0.6733109971410725,0.5327102803738317,0.5283018867924528,0.5020774472328402,0.4979225527671597,0.17538844437391277,0.27448153030274425
Amen Thompson,HOU,@MEM,AST,5.5,0.3268143476998104,1.8771929824561404,1.8771929824561404,30.6,4.572043409943581,2.067976407395596,0.5327102803738317,0.5327102803738317,0.5,0.5,0.6731856523001896,0.5327102803738317,0.5327102803738317,0.5,0.5,0.17318565230018956,0.2636993823880752
Max Christie,DAL,NOP,PTS,11.5,0.3298275925391387,1.8771929824561404,1.8771929824561404,27.8,9.135366368293765,5.369416830440353,0.5327102803738317,0.5327102803738317,0.5,0.5,0.6701724074608613,0.5327102803738317,0.5327102803738317,0.5,0.5,0.17017240746086126,0.25804294032126596
Duncan Robinson,DET,UTA,REB,3.5,0.2295122252219694,2.34,1.5555555555555556,21.0,2.0865952894091606,1.9088347904800047,0.4273504273504273,0.6428571428571429,0.3993154592127781,0.600684540787222,0.7704877747780305,0.4273504273504274,0.6428571428571428,0.3993154592127781,0.6006845407872219,0.16980323399080866,0.1985365385436031
Julian Champagnie,SAS,@LAL,REB,4.5,0.3913610229285854,1.6849315068493151,2.12,25.6,3.8500331878662113,2.356886481865255,0.5934959349593496,0.4716981132075472,0.5571716589861752,0.4428283410138249,0.6086389770714147,0.5934959349593496,0.4716981132075471,0.5571716589861752,0.4428283410138249,0.16581063605758978,0.29031463139139924
Julius Randle,MIN,@NYK,PTS,20.5,0.3504575861302552,1.8264462809917357,1.8928571428571428,32.0,18.032339096069336,6.424771880013226,0.5475113122171946,0.5283018867924528,0.5089278628680263,0.4910721371319735,0.6495424138697448,0.5475113122171945,0.5283018867924528,0.5089278628680263,0.4910721371319737,0.1584702767377711,0.22949099768201686
Tyrese Martin,BKN,@IND,PTS,10.5,0.328070062065051,1.925925925925926,1.819672131147541,22.2,8.520322287082672,4.446230283301364,0.5192307692307693,0.5495495495495496,0.485816177662506,0.5141838223374939,0.671929937934949,0.5192307692307692,0.5495495495495495,0.48581617766250607,0.5141838223374939,0.1577461155974551,0.22269218214392372
Josh Okogie,HOU,@MEM,REB,3.5,0.289976231846679,2.1,1.6849315068493151,16.4,2.6137699902057645,1.6012708534166564,0.4761904761904761,0.5934959349593496,0.4451682953311618,0.5548317046688382,0.710023768153321,0.47619047619047616,0.5934959349593496,0.4451682953311618,0.5548317046688382,0.15519206348448278,0.19634141757340395
Evan Mobley,CLE,PHI,PTS,19.5,0.3665642120587963,1.8,1.9433962264150944,33.2,17.259724998474123,6.570357233868329,0.5555555555555556,0.5145631067961165,0.5191532258064516,0.4808467741935484,0.6334357879412037,0.5555555555555556,0.5145631067961165,0.5191532258064516,0.4808467741935484,0.15258901374765532,0.2310167199612072
Donte DiVincenzo,MIN,@NYK,PTS,13.5,0.3533007007186935,1.8928571428571428,1.847457627118644,23.0,11.695074558258057,4.79492135034076,0.5283018867924528,0.5412844036697247,0.4939310568053083,0.5060689431946916,0.6466992992813065,0.5283018867924528,0.5412844036697247,0.4939310568053083,0.5060689431946916,0.1406303560866149,0.19474955290953244
Jaden McDaniels,MIN,@NYK,PTS,14.5,0.3364014716442628,2.0,1.78125,29.4,12.070817452669145,5.752209322282877,0.5,0.5614035087719298,0.4710743801652893,0.5289256198347108,0.6635985283557372,0.5,0.5614035087719298,0.4710743801652893,0.5289256198347108,0.13467290852102642,0.18203487863365686
Josh Okogie,HOU,@MEM,PTS,8.5,0.346827936130609,1.9433962264150944,1.8,16.4,7.097665762901306,3.5601398022931257,0.5145631067961165,0.5555555555555556,0.4808467741935484,0.5191532258064516,0.653172063869391,0.5145631067961165,0.5555555555555556,0.4808467741935484,0.5191532258064516,0.13401883806293935,0.17570971496490373
Tari Eason,HOU,@MEM,PTS,12.5,0.3616139472117019,1.8928571428571428,1.8264462809917357,22.2,10.861956793069838,4.625305613977789,0.5283018867924528,0.5475113122171946,0.4910721371319735,0.5089278628680263,0.6383860527882981,0.5283018867924528,0.5475113122171945,0.4910721371319737,0.5089278628680263,0.1294581899202718,0.16597783195218085
Pascal Siakam,IND,BKN,REB,7.5,0.3325746843949521,2.0,1.7092198581560285,30.0,6.286936551332474,2.8027314110399857,0.5,0.5850622406639004,0.4608030592734225,0.5391969407265774,0.6674253156050479,0.5,0.5850622406639003,0.4608030592734226,0.5391969407265774,0.1282283748784705,0.14077660326820257
Jordan Poole,NOP,@DAL,AST,3.5,0.4155191934043519,1.72992700729927,2.06,25.0,3.1385499984025955,1.6940058124420074,0.5780590717299579,0.4854368932038835,0.5435460883633142,0.4564539116366858,0.5844808065956482,0.5780590717299579,0.4854368932038835,0.5435460883633142,0.4564539116366858,0.12802689495896236,0.2040304615870352
Chet Holmgren,OKC,@POR,REB,8.5,0.3217352006522846,2.08,1.6944444444444444,28.0,7.245244264602661,2.710921701195808,0.4807692307692308,0.5901639344262295,0.4489255225198704,0.5510744774801295,0.6782647993477153,0.4807692307692307,0.5901639344262295,0.4489255225198705,0.5510744774801296,0.12719032186758572,0.1492820211169621
Payton Pritchard,BOS,WAS,REB,4.5,0.3840131453563137,1.847457627118644,1.9090909090909087,27.8,3.753704792261124,2.5301781584905103,0.5412844036697247,0.5238095238095238,0.5082034454470877,0.4917965545529122,0.6159868546436863,0.5412844036697247,0.523809523809524,0.5082034454470877,0.4917965545529124,0.12419030009077392,0.17597490431976448
Marcus Smart,LAL,SAS,REB,2.5,0.321786161151002,2.1,1.6849315068493151,15.4,1.8272141963243484,1.454012127407403,0.4761904761904761,0.5934959349593496,0.4451682953311618,0.5548317046688382,0.678213838848998,0.47619047619047616,0.5934959349593496,0.4451682953311618,0.5548317046688382,0.12338213418015975,0.1427438654579008
Svi Mykhailiuk,UTA,@DET,REB,2.5,0.4344090764500424,1.6849315068493151,2.12,20.6,2.1893487945199013,1.8809121801213085,0.5934959349593496,0.4716981132075472,0.5571716589861752,0.4428283410138249,0.5655909235499577,0.5934959349593496,0.4716981132075471,0.5571716589861752,0.4428283410138249,0.12276258253613276,0.19905275792591026
Kevin Durant,HOU,@MEM,PTS,25.5,0.3991883911537393,1.8064516129032255,1.970873786407767,35.2,23.673110389709475,7.151696840091696,0.5535714285714286,0.5073891625615764,0.5217643644805572,0.4782356355194428,0.6008116088462607,0.5535714285714286,0.5073891625615764,0.5217643644805572,0.47823563551944287,0.12257597332681786,0.18412385044457213
D'Angelo Russell,DAL,NOP,AST,5.5,0.3519493417379311,1.9803921568627447,1.7874015748031495,27.2,4.7776727199554445,1.900546396069544,0.504950495049505,0.5594713656387665,0.4743894443533846,0.5256105556466153,0.6480506582620689,0.5049504950495051,0.5594713656387665,0.47438944435338476,0.5256105556466153,0.12244010261545357,0.15832676712983962
Jarrett Allen,CLE,PHI,PTS,12.5,0.3708977674832453,1.925925925925926,1.847457627118644,25.0,10.849415510892868,5.009718039772179,0.5192307692307693,0.5412844036697247,0.4896023956080519,0.510397604391948,0.6291022325167547,0.5192307692307692,0.5412844036697247,0.48960239560805185,0.510397604391948,0.11870462812480664,0.1622397177004451
Daniel Gafford,DAL,NOP,REB,6.5,0.3599210249836975,1.9433962264150944,1.7751937984496124,18.6,5.747141969203949,2.099027643714192,0.5145631067961165,0.5633187772925764,0.4773835745752045,0.5226164254247954,0.6400789750163025,0.5145631067961165,0.5633187772925764,0.4773835745752045,0.5226164254247954,0.11746254959150715,0.13626422696692464
Aaron Wiggins,OKC,@POR,PTS,13.5,0.4163434405293293,1.7575757575757576,2.0,24.0,12.447672843933104,4.981269688071563,0.5689655172413793,0.5,0.532258064516129,0.4677419354838709,0.5836565594706706,0.5689655172413793,0.5,0.532258064516129,0.4677419354838709,0.11591462398679975,0.16731311894134127
Nic Claxton,BKN,@IND,PTS,10.5,0.3479733556406905,2.04,1.7518796992481205,21.4,8.79934297800064,4.351757049200723,0.4901960784313725,0.5708154506437768,0.4620082487309644,0.5379917512690355,0.6520266443593095,0.49019607843137253,0.5708154506437768,0.4620082487309644,0.5379917512690355,0.11403489309027393,0.1422722416219483
Tyrese Maxey,PHI,@CLE,AST,7.5,0.3232762465321268,2.14,1.6578947368421053,38.0,6.332916766405106,2.5451227263863867,0.4672897196261682,0.6031746031746031,0.436529933481153,0.563470066518847,0.6767237534678732,0.4672897196261682,0.6031746031746031,0.43652993348115304,0.563470066518847,0.11325368694902616,0.12193674917042135
Julius Randle,MIN,@NYK,AST,4.5,0.4664180652335087,1.617283950617284,2.22,32.0,4.319883346557617,2.1371960332194684,0.6183206106870229,0.4504504504504504,0.5785341998584389,0.421465800141561,0.5335819347664913,0.6183206106870228,0.4504504504504504,0.578534199858439,0.42146580014156104,0.11211613462493025,0.18455189518161075
Aaron Nesmith,IND,BKN,AST,1.5,0.4394611152693364,1.6756756756756757,2.05,27.0,1.2335344478487968,1.7492005401229307,0.5967741935483871,0.4878048780487805,0.5502357635110628,0.4497642364889372,0.5605388847306636,0.5967741935483871,0.48780487804878053,0.5502357635110627,0.44976423648893726,0.11077464824172634,0.14910471369786027
Tyrese Martin,BKN,@IND,REB,3.5,0.3833418169993645,1.925925925925926,1.8333333333333333,22.2,2.893579646945,2.043776332666974,0.5192307692307693,0.5454545454545454,0.4876847290640395,0.5123152709359606,0.6166581830006355,0.5192307692307692,0.5454545454545455,0.48768472906403937,0.5123152709359607,0.10434291206467472,0.13054000216783168
Draymond Green,GSW,@SAC,REB,6.5,0.3605026579314683,2.0,1.7352941176470589,27.8,5.5695635110139845,2.605421497305533,0.5,0.576271186440678,0.4645669291338583,0.5354330708661418,0.6394973420685317,0.5,0.576271186440678,0.4645669291338583,0.5354330708661418,0.10406427120238992,0.10971597594245208
Jordan Poole,NOP,@DAL,PTS,18.5,0.3756791963466882,1.9803921568627447,1.8,25.0,16.772805154323578,5.451165576734667,0.504950495049505,0.5555555555555556,0.4761410788381742,0.5238589211618258,0.6243208036533118,0.5049504950495051,0.5555555555555556,0.47614107883817425,0.5238589211618256,0.10046188249148613,0.12377744657596124
Jordan Poole,NOP,@DAL,REB,2.5,0.4281417367947717,1.78125,1.9615384615384617,25.0,2.09338441491127,2.2451658488443225,0.5614035087719298,0.5098039215686274,0.5240847784200385,0.4759152215799614,0.5718582632052283,0.5614035087719298,0.5098039215686274,0.5240847784200385,0.47591522157996147,0.09594304162526679,0.12172197782564009
Mikal Bridges,NYK,MIN,REB,4.5,0.3235083167264935,2.2,1.5882352941176472,35.8,3.036832149326801,3.1953129786378325,0.4545454545454545,0.6296296296296297,0.4192546583850932,0.5807453416149069,0.6764916832735065,0.45454545454545453,0.6296296296296295,0.4192546583850932,0.5807453416149068,0.09574634165859974,0.07442796755203984
Jalen Duren,DET,UTA,REB,10.5,0.4511174171203955,1.7194244604316546,2.0700000000000003,31.0,10.122555941343307,3.0726805340035668,0.5815899581589958,0.4830917874396135,0.5462570956657111,0.4537429043342889,0.5488825828796045,0.5815899581589958,0.48309178743961345,0.5462570956657111,0.4537429043342889,0.09513967854531558,0.13618694656078134
Isaiah Jackson,IND,BKN,PTS,8.5,0.389095405129361,1.9615384615384617,1.78125,17.0,7.466153502464294,3.67031980027338,0.5098039215686274,0.5614035087719298,0.4759152215799614,0.5240847784200385,0.610904594870639,0.5098039215686274,0.5614035087719298,0.47591522157996147,0.5240847784200385,0.08681981645060044,0.08817380961332566
Jrue Holiday,POR,OKC,AST,6.5,0.3578743034535416,2.12,1.6896551724137931,32.2,5.697907322645188,2.2026647336838243,0.4716981132075472,0.5918367346938775,0.4435191889934829,0.5564808110065169,0.6421256965464583,0.4716981132075471,0.5918367346938775,0.44351918899348297,0.556480811006517,0.08564488553994132,0.0849710045095331
Ausar Thompson,DET,UTA,PTS,14.5,0.411091704673608,1.9174311926605505,1.862068965517241,28.6,13.223365437984468,5.680556086333539,0.5215311004784688,0.5370370370370371,0.4926759856030803,0.5073240143969199,0.588908295326392,0.5215311004784688,0.5370370370370371,0.4926759856030803,0.5073240143969199,0.08158428092947212,0.09658786026293664
Toumani Camara,POR,OKC,PTS,12.5,0.4122597714372435,1.9433962264150944,1.8,31.0,11.173784613609314,5.98106061168077,0.5145631067961165,0.5555555555555556,0.4808467741935484,0.5191532258064516,0.5877402285627564,0.5145631067961165,0.5555555555555556,0.4808467741935484,0.5191532258064516,0.0685870027563048,0.05793241141296157
Jerami Grant,POR,OKC,PTS,15.5,0.4361838699504647,1.8771929824561404,1.8771929824561404,31.6,14.503109526634216,6.205290873185852,0.5327102803738317,0.5327102803738317,0.5,0.5,0.5638161300495352,0.5327102803738317,0.5327102803738317,0.5,0.5,0.06381613004953524,0.058391682724566185
Jaylen Brown,BOS,WAS,REB,5.5,0.3821534987047551,2.1,1.6849315068493151,27.4,4.739456307888031,2.536584885390264,0.4761904761904761,0.5934959349593496,0.4451682953311618,0.5548317046688382,0.6178465012952449,0.47619047619047616,0.5934959349593496,0.4451682953311618,0.5548317046688382,0.06301479662640663,0.041029036428974264
De'Andre Hunter,CLE,PHI,REB,3.5,0.5282721678945221,1.5813953488372094,2.28,25.0,3.663222491741181,2.301266672178782,0.6323529411764706,0.4385964912280701,0.5904601300891351,0.4095398699108648,0.47172783210547786,0.6323529411764706,0.4385964912280702,0.5904601300891351,0.4095398699108649,0.06218796219461298,0.07553945720048938
Jalen Brunson,NYK,MIN,AST,6.5,0.4395926130037114,1.8771929824561404,1.8771929824561404,35.8,6.132916942238807,2.414985677601689,0.5327102803738317,0.5327102803738317,0.5,0.5,0.5604073869962887,0.5327102803738317,0.5327102803738317,0.5,0.5,0.06040738699628867,0.05199281418601559
Devin Vassell,SAS,@LAL,PTS,16.5,0.4207269247049985,1.9433962264150944,1.8,29.2,15.32397210597992,5.879134721292854,0.5145631067961165,0.5555555555555556,0.4808467741935484,0.5191532258064516,0.5792730752950015,0.5145631067961165,0.5555555555555556,0.4808467741935484,0.5191532258064516,0.06011984948854987,0.04269153553100269
Nikola Jokic,DEN,MIA,AST,9.5,0.471787932933376,1.7692307692307692,1.9803921568627447,38.0,9.312115669250488,2.654625477972272,0.5652173913043478,0.504950495049505,0.5281576830249397,0.4718423169750604,0.5282120670666239,0.5652173913043479,0.5049504950495051,0.5281576830249396,0.4718423169750603,0.05636975009156364,0.04606703477900009
Victor Wembanyama,SAS,@LAL,AST,3.5,0.5028434763970835,1.6578947368421053,2.1,33.0,3.515478305518627,2.171601713696302,0.6031746031746031,0.4761904761904761,0.5588235294117647,0.4411764705882353,0.4971565236029165,0.6031746031746031,0.47619047619047616,0.5588235294117647,0.4411764705882353,0.05598005301468123,0.04402869956612476
Karl-Anthony Towns,NYK,MIN,AST,3.5,0.3302149218519744,2.42,1.5208333333333337,35.6,2.4846878558397294,2.3111004559505366,0.4132231404958678,0.6575342465753424,0.3859166842884331,0.6140833157115669,0.6697850781480257,0.4132231404958678,0.6575342465753423,0.3859166842884331,0.6140833157115668,0.05570176243645886,0.0186314730167893
P.J. Washington,DAL,NOP,PTS,16.5,0.4398443365880077,1.8928571428571428,1.847457627118644,30.8,15.57234890460968,6.128615603742131,0.5283018867924528,0.5412844036697247,0.4939310568053083,0.5060689431946916,0.5601556634119923,0.5283018867924528,0.5412844036697247,0.4939310568053083,0.5060689431946916,0.054086720217300654,0.03486385274418913
Norman Powell,MIA,@DEN,PTS,20.5,0.4356953496382925,1.925925925925926,1.819672131147541,33.4,19.41607962846756,6.695319356469859,0.5192307692307693,0.5495495495495496,0.485816177662506,0.5141838223374939,0.5643046503617075,0.5192307692307692,0.5495495495495495,0.48581617766250607,0.5141838223374939,0.05012082802421358,0.026849445740156297
Steven Adams,HOU,@MEM,REB,7.5,0.4258465236433369,1.9803921568627447,1.7874015748031495,18.6,7.070768201351166,2.295864779264969,0.504950495049505,0.5594713656387665,0.4743894443533846,0.5256105556466153,0.5741534763566631,0.5049504950495051,0.5594713656387665,0.47438944435338476,0.5256105556466153,0.04854292071004784,0.0262428278186026
Terance Mann,BKN,@IND,REB,3.5,0.5315721783764271,1.6289308176100628,2.22,24.2,3.677408209443093,2.239366276866344,0.6138996138996139,0.4504504504504504,0.5767835550181378,0.4232164449818621,0.4684278216235729,0.613899613899614,0.4504504504504504,0.5767835550181378,0.42321644498186206,0.04521137664171082,0.03990976400433188
Chet Holmgren,OKC,@POR,PTS,17.5,0.4395710436524527,1.925925925925926,1.8064516129032255,28.0,16.61952257156372,5.790448484282072,0.5192307692307693,0.5535714285714286,0.4839948783610755,0.5160051216389244,0.5604289563475473,0.5192307692307692,0.5535714285714286,0.4839948783610755,0.5160051216389245,0.04442383470862277,0.012387792111698215
Davion Mitchell,MIA,@DEN,AST,6.5,0.4131043448367879,2.06,1.7142857142857144,33.8,5.994892847537994,2.3004733158379715,0.4854368932038835,0.5833333333333334,0.4542013626040878,0.5457986373959123,0.5868956551632121,0.4854368932038835,0.5833333333333333,0.45420136260408783,0.5457986373959122,0.041097017767299904,0.006106837422649336
Austin Reaves,LAL,SAS,AST,6.5,0.4916702184945916,1.7575757575757576,2.0,37.2,6.447721123695374,2.503635728996892,0.5689655172413793,0.5,0.532258064516129,0.4677419354838709,0.5083297815054084,0.5689655172413793,0.5,0.532258064516129,0.4677419354838709,0.04058784602153753,0.016659563010816836
Ziaire Williams,BKN,@IND,PTS,9.5,0.429488362808141,2.0,1.7575757575757576,21.8,8.717850303649902,4.402089887111914,0.5,0.5689655172413793,0.4677419354838709,0.532258064516129,0.570511637191859,0.5,0.5689655172413793,0.4677419354838709,0.532258064516129,0.03825357267573004,0.0027174229432674335
Tyrese Maxey,PHI,@CLE,REB,3.5,0.523618319991958,1.6493506493506491,2.1,38.0,3.701124772429466,3.395257344469017,0.6062992125984252,0.4761904761904761,0.5600969864911673,0.4399030135088327,0.47638168000804204,0.6062992125984252,0.47619047619047616,0.5600969864911673,0.4399030135088327,0.03647866649920933,0.0004015280168883084
Noah Clowney,BKN,@IND,REB,3.5,0.5240955113602124,1.6493506493506491,2.1,22.6,3.6278153628110887,2.1149137895334804,0.6062992125984252,0.4761904761904761,0.5600969864911673,0.4399030135088327,0.4759044886397876,0.6062992125984252,0.47619047619047616,0.5600969864911673,0.4399030135088327,0.03600147513095492,-0.0006005738564459628
DeMar DeRozan,SAC,GSW,PTS,20.5,0.4398783574804306,1.9803921568627447,1.7936507936507935,36.8,19.4081955909729,7.217223127707127,0.504950495049505,0.5575221238938053,0.475259772389906,0.524740227610094,0.5601216425195694,0.5049504950495051,0.5575221238938054,0.475259772389906,0.524740227610094,0.03538141490947544,0.004662628646211753
Bilal Coulibaly,WAS,@BOS,PTS,11.5,0.4936139712667707,1.7692307692307692,1.9803921568627447,34.4,11.394828176498413,6.569919574076068,0.5652173913043478,0.504950495049505,0.5281576830249397,0.4718423169750604,0.5063860287332294,0.5652173913043479,0.5049504950495051,0.5281576830249396,0.4718423169750603,0.03454371175816906,0.002842919648159914
Evan Mobley,CLE,PHI,AST,3.5,0.5160221792226665,1.6756756756756757,2.05,33.2,3.5877983748912814,2.185536972298186,0.5967741935483871,0.4878048780487805,0.5502357635110628,0.4497642364889372,0.48397782077733353,0.5967741935483871,0.48780487804878053,0.5502357635110627,0.44976423648893726,0.03421358428839627,-0.0078454674064663
Daniel Gafford,DAL,NOP,PTS,10.5,0.5042253454435373,1.7352941176470589,2.02,18.6,10.544588613510133,4.209821613746834,0.576271186440678,0.495049504950495,0.5379072681704261,0.4620927318295739,0.49577465455646275,0.576271186440678,0.49504950495049505,0.5379072681704261,0.46209273182957394,0.0336819227268888,0.0014648022040547604
Mitchell Robinson,NYK,MIN,PTS,4.5,0.4534122784280597,1.925925925925926,1.819672131147541,16.4,4.121013176441192,3.2379639480686744,0.5192307692307693,0.5495495495495496,0.485816177662506,0.5141838223374939,0.5465877215719404,0.5192307692307692,0.5495495495495495,0.48581617766250607,0.5141838223374939,0.03240389923444642,-0.0053895558281085165
Herbert Jones,NOP,@DAL,PTS,10.5,0.4678327764757728,1.8771929824561404,1.8771929824561404,35.0,9.96391087770462,6.641437330766071,0.5327102803738317,0.5327102803738317,0.5,0.5,0.5321672235242272,0.5327102803738317,0.5327102803738317,0.5,0.5,0.032167223524227184,-0.0010194225071524232
Santi Aldama,MEM,HOU,PTS,11.5,0.4959534135187983,1.7692307692307692,1.9615384615384617,27.8,11.444520431756974,5.469490404649752,0.5652173913043478,0.5098039215686274,0.5257731958762887,0.4742268041237114,0.5040465864812017,0.5652173913043479,0.5098039215686274,0.5257731958762887,0.4742268041237113,0.029819782357490388,-0.011293234209950431
Amen Thompson,HOU,@MEM,REB,6.5,0.5246000775719384,1.6756756756756757,2.05,30.6,6.676758527755737,2.8646954722911,0.5967741935483871,0.4878048780487805,0.5502357635110628,0.4497642364889372,0.4753999224280616,0.5967741935483871,0.48780487804878053,0.5502357635110627,0.44976423648893726,0.025635685939124353,-0.025430159022473753
Max Christie,DAL,NOP,REB,3.5,0.5254901653663842,1.6944444444444444,2.08,27.8,3.661577156186104,2.52709489419118,0.5901639344262295,0.4807692307692308,0.5510744774801295,0.4489255225198704,0.47450983463361585,0.5901639344262295,0.4807692307692307,0.5510744774801296,0.4489255225198705,0.025584312113745344,-0.01301954396207905
P.J. Washington,DAL,NOP,AST,2.5,0.5036396350876711,1.78125,1.99009900990099,30.8,2.518363943696022,2.012853422832165,0.5614035087719298,0.5024875621890548,0.5276888998277135,0.4723111001722865,0.49636036491232893,0.5614035087719298,0.5024875621890548,0.5276888998277135,0.4723111001722865,0.02404926474004243,-0.012193729233880068
Svi Mykhailiuk,UTA,@DET,PTS,8.5,0.4316027371751371,2.06,1.7142857142857144,20.6,7.78330718278885,4.159680042956393,0.4854368932038835,0.5833333333333334,0.4542013626040878,0.5457986373959123,0.5683972628248629,0.4854368932038835,0.5833333333333333,0.45420136260408783,0.5457986373959122,0.022598625428950747,-0.025604692300234932
Jalen Duren,DET,UTA,PTS,15.5,0.4739093127836744,1.9090909090909087,1.862068965517241,31.0,15.098340183496475,6.137238367421026,0.5238095238095238,0.5370370370370371,0.4937655860349127,0.5062344139650873,0.5260906872163256,0.523809523809524,0.5370370370370371,0.49376558603491283,0.5062344139650873,0.019856273251238288,-0.020382858286842165
Donovan Mitchell,CLE,PHI,PTS,25.5,0.4587085978826383,1.9615384615384617,1.78125,34.4,24.76410932540893,7.097184563790305,0.5098039215686274,0.5614035087719298,0.4759152215799614,0.5240847784200385,0.5412914021173617,0.5098039215686274,0.5614035087719298,0.47591522157996147,0.5240847784200385,0.017206623697323176,-0.03582468997844945
Herbert Jones,NOP,@DAL,REB,3.5,0.5646265110161526,1.617283950617284,2.22,35.0,4.011156558990479,3.141524039870274,0.6183206106870229,0.4504504504504504,0.5785341998584389,0.421465800141561,0.4353734889838474,0.6183206106870228,0.4504504504504504,0.578534199858439,0.42146580014156104,0.013907688842286381,-0.03347085445585862
OG Anunoby,NYK,MIN,PTS,15.5,0.4621947790262984,1.9615384615384617,1.7751937984496124,35.8,14.844630861282347,6.905461446720705,0.5098039215686274,0.5633187772925764,0.4750658262187824,0.5249341737812177,0.5378052209737016,0.5098039215686274,0.5633187772925764,0.47506582621878246,0.5249341737812177,0.012871047192483998,-0.04529150695366141
Donte DiVincenzo,MIN,@NYK,REB,3.5,0.4461271343854602,2.04,1.7246376811594204,23.0,3.21247236430645,2.1227222950921987,0.4901960784313725,0.5798319327731093,0.4581151832460733,0.5418848167539267,0.5538728656145397,0.49019607843137253,0.5798319327731092,0.4581151832460733,0.5418848167539266,0.01198804886061311,-0.0447699853894169
Zach LaVine,SAC,GSW,REB,3.5,0.4657328338134137,1.9615384615384617,1.78125,38.0,3.208531737327576,3.389128684197039,0.5098039215686274,0.5614035087719298,0.4759152215799614,0.5240847784200385,0.5342671661865863,0.5098039215686274,0.5614035087719298,0.47591522157996147,0.5240847784200385,0.010182387766547785,-0.04833661023014313
Shai Gilgeous-Alexander,OKC,@POR,AST,6.5,0.5124442034813919,1.8,1.9433962264150944,31.6,6.569080680608749,2.2142625922532986,0.5555555555555556,0.5145631067961165,0.5191532258064516,0.4808467741935484,0.48755579651860814,0.5555555555555556,0.5145631067961165,0.5191532258064516,0.4808467741935484,0.006709022325059766,-0.052485904878931344
Deni Avdija,POR,OKC,PTS,20.5,0.5059541394561542,1.8403361344537816,1.9345794392523368,36.4,20.60743727684021,7.198299812771055,0.54337899543379,0.5169082125603864,0.512482836100362,0.487517163899638,0.4940458605438458,0.5433789954337899,0.5169082125603864,0.5124828361003619,0.487517163899638,0.006528696644207799,-0.04422903614414858
Shai Gilgeous-Alexander,OKC,@POR,REB,4.5,0.5266799602312475,1.7575757575757576,2.0,31.6,4.69217324256897,2.8713999536319936,0.5689655172413793,0.5,0.532258064516129,0.4677419354838709,0.4733200397687525,0.5689655172413793,0.5,0.532258064516129,0.4677419354838709,0.005578104284881591,-0.05335992046249505
Devin Vassell,SAS,@LAL,AST,2.5,0.5332727206653884,1.7194244604316546,2.0,29.2,2.660222464799881,1.9188487138117287,0.5815899581589958,0.5,0.5377176015473888,0.4622823984526112,0.46672727933461156,0.5815899581589958,0.5,0.5377176015473888,0.4622823984526112,0.004444880882000346,-0.06654544133077689
Taylor Hendricks,UTA,@DET,REB,3.5,0.5556759594427075,1.6493506493506491,2.1,25.25,3.825995482504368,2.3282884860417816,0.6062992125984252,0.4761904761904761,0.5600969864911673,0.4399030135088327,0.44432404055729247,0.6062992125984252,0.47619047619047616,0.5600969864911673,0.4399030135088327,0.004421027048459758,-0.06691951482968578
Isaiah Hartenstein,OKC,@POR,PTS,10.5,0.4869324074630193,1.9523809523809523,1.8264462809917357,23.0,10.346335291862488,4.690411366351626,0.5121951219512195,0.5475113122171946,0.4833368048323266,0.5166631951676735,0.5130675925369808,0.5121951219512195,0.5475113122171945,0.48333680483232666,0.5166631951676735,-0.003595602630692696,-0.06290960371344828
Toumani Camara,POR,OKC,AST,2.5,0.4795491589036438,1.9615384615384617,1.78125,31.0,2.3962784335017204,2.0224491663386805,0.5098039215686274,0.5614035087719298,0.4759152215799614,0.5240847784200385,0.5204508410963562,0.5098039215686274,0.5614035087719298,0.47591522157996147,0.5240847784200385,-0.0036339373236823347,-0.07294693929711554
Devin Vassell,SAS,@LAL,REB,4.5,0.4252295328236249,2.22,1.617283950617284,29.2,3.999801993370056,2.653109745951332,0.4504504504504504,0.6183206106870229,0.421465800141561,0.5785341998584389,0.5747704671763751,0.4504504504504504,0.6183206106870228,0.42146580014156104,0.578534199858439,-0.0037637326820638695,-0.07043294814685003
Alex Sarr,WAS,@BOS,REB,7.5,0.550672431723179,1.6993006993006992,2.05,29.4,7.861612468957901,2.8392843850581024,0.588477366255144,0.4878048780487805,0.5467686281824116,0.4532313718175883,0.44932756827682097,0.5884773662551441,0.48780487804878053,0.5467686281824117,0.4532313718175884,-0.0039038035407674143,-0.0788784850325171
Aaron Nesmith,IND,BKN,REB,4.5,0.5419455333680219,1.72992700729927,2.0,27.0,4.76406629383564,2.50688707995624,0.5780590717299579,0.5,0.5362035225048923,0.4637964774951076,0.45805446663197813,0.5780590717299579,0.5,0.5362035225048923,0.4637964774951076,-0.005742010863129476,-0.08389106673604374
Naji Marshall,DAL,NOP,REB,3.5,0.5741022300147847,1.6578947368421053,2.17,33.6,4.064828681945801,3.023255960382627,0.6031746031746031,0.4608294930875576,0.5668912415784408,0.4331087584215592,0.42589776998521534,0.6031746031746031,0.4608294930875576,0.5668912415784408,0.43310875842155927,-0.007210988436343935,-0.07580183913208277
Keyonte George,UTA,@DET,REB,3.5,0.5062807915721731,1.8849557522123892,1.869565217391304,31.4,3.5444803953170774,2.825181674879342,0.5305164319248826,0.5348837209302325,0.4979503996720639,0.502049600327936,0.4937192084278269,0.5305164319248826,0.5348837209302326,0.49795039967206395,0.5020496003279361,-0.008330391900109202,-0.07695974076536727
Julius Randle,MIN,@NYK,REB,6.5,0.4691775101274267,2.04,1.7246376811594204,32.0,6.2714457511901855,2.9552817567954235,0.4901960784313725,0.5798319327731093,0.4581151832460733,0.5418848167539267,0.5308224898725733,0.49019607843137253,0.5798319327731092,0.4581151832460733,0.5418848167539266,-0.011062326881353335,-0.08452353195889528
Zach LaVine,SAC,GSW,PTS,22.5,0.52150412932301,1.847457627118644,1.925925925925926,38.0,22.90614902973175,7.531182142112844,0.5412844036697247,0.5192307692307693,0.510397604391948,0.4896023956080519,0.47849587067698995,0.5412844036697247,0.5192307692307692,0.510397604391948,0.48960239560805185,-0.0111065249310619,-0.07845239721468594
Aaron Wiggins,OKC,@POR,REB,3.5,0.5777734108472883,1.6756756756756757,2.12,24.0,3.939014196395874,2.2375785453943733,0.5967741935483871,0.4716981132075472,0.5585303332383936,0.4414696667616063,0.4222265891527117,0.5967741935483871,0.4716981132075471,0.5585303332383936,0.4414696667616063,-0.0192430776088946,-0.10487963099625114
Draymond Green,GSW,@SAC,PTS,10.5,0.4896868570247898,2.02,1.7692307692307692,27.8,10.359872913360595,5.419918290436018,0.495049504950495,0.5652173913043478,0.4669102720259846,0.5330897279740154,0.5103131429752101,0.49504950495049505,0.5652173913043479,0.46691027202598456,0.5330897279740154,-0.022776584998805305,-0.09713828550539749
Cade Cunningham,DET,UTA,PTS,28.5,0.5214289521005049,1.8928571428571428,1.8771929824561404,34.0,28.89128053188324,7.280955395905095,0.5283018867924528,0.5327102803738317,0.4979225527671597,0.5020774472328402,0.4785710478994951,0.5283018867924528,0.5327102803738317,0.4979225527671597,0.5020774472328402,-0.023506399333345085,-0.10162978727638633
Aaron Gordon,DEN,MIA,REB,5.5,0.4549693670551846,2.18,1.6329113924050631,38.0,5.113417744636536,3.4175790830176047,0.4587155963302752,0.6124031007751938,0.4282584157758449,0.571741584224155,0.5450306329448154,0.4587155963302752,0.6124031007751939,0.42825841577584484,0.5717415842241551,-0.026710951279339756,-0.11001327025466873
Andrew Wiggins,MIA,@DEN,REB,4.5,0.5461217312160491,1.8,1.9433962264150944,30.6,4.823707705736161,2.793743930455364,0.5555555555555556,0.5145631067961165,0.5191532258064516,0.4808467741935484,0.4538782687839509,0.5555555555555556,0.5145631067961165,0.5191532258064516,0.4808467741935484,-0.0269685054095975,-0.11793468519345396
Cam Thomas,BKN,@IND,REB,2.5,0.5959250450702709,1.6493506493506491,2.16,27.0,3.093121021986008,2.442702426183675,0.6062992125984252,0.4629629629629629,0.5670257738988136,0.4329742261011864,0.4040749549297291,0.6062992125984252,0.4629629629629629,0.5670257738988136,0.43297422610118635,-0.02889927117145724,-0.12719809735178506
Quentin Grimes,PHI,@CLE,REB,4.5,0.530163217816114,1.8771929824561404,1.8771929824561404,35.6,4.742694139480591,3.206839865087455,0.5327102803738317,0.5327102803738317,0.5,0.5,0.469836782183886,0.5327102803738317,0.5327102803738317,0.5,0.5,-0.030163217816113974,-0.118025689584635
Cason Wallace,OKC,@POR,REB,3.5,0.4441312686025386,2.28,1.598802395209581,28.8,3.135380244255066,2.59510193708922,0.4385964912280701,0.6254681647940075,0.4121896998888477,0.5878103001111522,0.5558687313974614,0.4385964912280702,0.6254681647940075,0.41218969988884774,0.5878103001111522,-0.031941568713690804,-0.11127574081962754
DeMar DeRozan,SAC,GSW,REB,3.5,0.5397929449651212,1.8333333333333333,1.8849557522123892,36.8,3.829031610488892,3.2932108396791406,0.5454545454545454,0.5305164319248826,0.5069416898056327,0.4930583101943673,0.4602070550348788,0.5454545454545455,0.5305164319248826,0.5069416898056327,0.4930583101943673,-0.0328512551594885,-0.13253006440328163
D'Angelo Russell,DAL,NOP,REB,3.5,0.4550822149149409,2.22,1.617283950617284,27.2,3.222057271003723,2.463351243263248,0.4504504504504504,0.6183206106870229,0.421465800141561,0.5785341998584389,0.5449177850850591,0.4504504504504504,0.6183206106870228,0.42146580014156104,0.578534199858439,-0.033616414773379955,-0.11871321177601557
Stephon Castle,SAS,@LAL,REB,5.5,0.4762522064366604,2.1,1.6666666666666663,32.4,5.323962914943695,2.9555223182677826,0.4761904761904761,0.6,0.4424778761061947,0.5575221238938053,0.5237477935633397,0.47619047619047616,0.6000000000000001,0.4424778761061946,0.5575221238938053,-0.03377433033046562,-0.1270870107277674
Toumani Camara,POR,OKC,REB,5.5,0.4443422058202909,2.28,1.5813953488372094,31.0,5.103155240416527,2.83523138113755,0.4385964912280701,0.6323529411764706,0.4095398699108648,0.5904601300891351,0.5556577941797092,0.4385964912280702,0.6323529411764706,0.4095398699108649,0.5904601300891351,-0.03480233590942594,-0.12128534873906449
Jock Landale,MEM,HOU,REB,5.5,0.4982252447748861,2.02,1.7352941176470589,21.8,5.4901950597763065,2.204017914435318,0.495049504950495,0.576271186440678,0.4620927318295739,0.5379072681704261,0.5017747552251139,0.49504950495049505,0.576271186440678,0.46209273182957394,0.5379072681704261,-0.03613251294531217,-0.12927321887406695
Santi Aldama,MEM,HOU,REB,5.5,0.5420109548528407,1.869565217391304,1.8849557522123892,27.8,5.775955182313919,2.615658319533503,0.5348837209302325,0.5305164319248826,0.502049600327936,0.4979503996720639,0.4579890451471593,0.5348837209302326,0.5305164319248826,0.5020496003279361,0.49795039967206395,-0.039961354524904624,-0.1367109148996024
Stephon Castle,SAS,@LAL,PTS,18.5,0.5452574232800482,1.8849557522123892,1.8928571428571428,32.4,19.243735814094546,6.541904554903083,0.5305164319248826,0.5283018867924528,0.5010457625700661,0.4989542374299339,0.4547425767199518,0.5305164319248826,0.5283018867924528,0.5010457625700661,0.4989542374299339,-0.044211660709982115,-0.13923726549437704
Derrick White,BOS,WAS,PTS,19.5,0.5152692173138046,2.0,1.7575757575757576,33.8,19.759174835681915,6.769865583880801,0.5,0.5689655172413793,0.4677419354838709,0.532258064516129,0.4847307826861954,0.5,0.5689655172413793,0.4677419354838709,0.532258064516129,-0.0475272818299336,-0.14804892740002018
Yves Missi,NOP,@DAL,REB,8.5,0.5684717680049372,1.7874015748031495,1.9345794392523368,27.4,8.981784665584565,2.793201818404283,0.5594713656387665,0.5169082125603864,0.519771442128989,0.4802285578710111,0.43152823199506285,0.5594713656387665,0.5169082125603864,0.519771442128989,0.4802285578710111,-0.04870032587594825,-0.16517435492543903
Evan Mobley,CLE,PHI,REB,9.5,0.5671494091071768,1.819672131147541,1.925925925925926,33.2,10.042393791675568,3.2071276054047813,0.5495495495495496,0.5192307692307693,0.5141838223374939,0.485816177662506,0.4328505908928232,0.5495495495495495,0.5192307692307692,0.5141838223374939,0.48581617766250607,-0.05296558676968288,-0.1663618249471553
Anthony Edwards,MIN,@NYK,REB,4.5,0.5986660569153279,1.7246376811594204,2.0700000000000003,35.6,5.304430907964707,3.2190645862416947,0.5798319327731093,0.4830917874396135,0.5455066264370011,0.4544933735629988,0.4013339430846721,0.5798319327731092,0.48309178743961345,0.5455066264370011,0.4544933735629989,-0.05315943047832683,-0.1692387378147287
Jalen Brunson,NYK,MIN,REB,3.5,0.4622503858170714,2.3,1.5917159763313609,35.8,3.196989582479,3.1974625138840893,0.4347826086956521,0.6282527881040892,0.4090010643150372,0.5909989356849628,0.5377496141829285,0.4347826086956522,0.6282527881040892,0.40900106431503724,0.5909989356849628,-0.05324932150203421,-0.14405534783900725
Karl-Anthony Towns,NYK,MIN,REB,11.5,0.5815989841522277,1.7692307692307692,1.9615384615384617,35.6,12.214966213703155,3.4709496448996324,0.5652173913043478,0.5098039215686274,0.5257731958762887,0.4742268041237114,0.41840101584777234,0.5652173913043479,0.5098039215686274,0.5257731958762887,0.4742268041237113,-0.05582578827593898,-0.1792903150678311
Jarrett Allen,CLE,PHI,REB,8.5,0.5180067579536847,2.04,1.7246376811594204,25.0,8.619579672813416,2.648404738794328,0.4901960784313725,0.5798319327731093,0.4581151832460733,0.5418848167539267,0.48199324204631533,0.49019607843137253,0.5798319327731092,0.4581151832460733,0.5418848167539266,-0.059891574707611306,-0.1687362927027315
Reed Sheppard,HOU,@MEM,AST,2.5,0.5879094956829474,1.7874015748031495,1.9803921568627447,17.8,2.7937667071819305,1.3222567970884909,0.5594713656387665,0.504950495049505,0.5256105556466153,0.4743894443533846,0.41209050431705263,0.5594713656387665,0.5049504950495051,0.5256105556466153,0.47438944435338476,-0.06229894003633213,-0.18389919733289595
OG Anunoby,NYK,MIN,REB,4.5,0.5817590954584316,1.8,1.9433962264150944,35.8,5.167222934961319,3.232736199213425,0.5555555555555556,0.5145631067961165,0.5191532258064516,0.4808467741935484,0.41824090454156837,0.5555555555555556,0.5145631067961165,0.5191532258064516,0.4808467741935484,-0.06260586965198,-0.18719220438148032
Jamal Murray,DEN,MIA,REB,3.5,0.571659903167369,1.8264462809917357,1.8928571428571428,34.8,4.064457303285598,3.125425689687975,0.5475113122171946,0.5283018867924528,0.5089278628680263,0.4910721371319735,0.42834009683263097,0.5475113122171945,0.5283018867924528,0.5089278628680263,0.4910721371319737,-0.0627320402993427,-0.18921338813823424
Cason Wallace,OKC,@POR,PTS,8.5,0.5731407826372795,1.8771929824561404,1.8771929824561404,28.8,9.523689079284669,5.552179479212584,0.5327102803738317,0.5327102803738317,0.5,0.5,0.4268592173627205,0.5327102803738317,0.5327102803738317,0.5,0.5,-0.07314078263727952,-0.19870287266998082
Derrick White,BOS,WAS,REB,4.5,0.5927906980107788,1.8,1.9433962264150944,33.8,5.219999998807907,3.0673590676323985,0.5555555555555556,0.5145631067961165,0.5191532258064516,0.4808467741935484,0.40720930198922123,0.5555555555555556,0.5145631067961165,0.5191532258064516,0.4808467741935484,-0.07363747220432715,-0.20863097915302287
Kevin Durant,HOU,@MEM,REB,5.5,0.5021410453011332,2.18,1.6329113924050631,35.2,5.5171245574951175,3.19081395382836,0.4587155963302752,0.6124031007751938,0.4282584157758449,0.571741584224155,0.49785895469886676,0.4587155963302752,0.6124031007751939,0.42825841577584484,0.5717415842241551,-0.07388262952528835,-0.1870404410613442
Bilal Coulibaly,WAS,@BOS,AST,2.5,0.6175116989018636,1.7352941176470589,2.05,34.4,3.1722734570503235,2.2487665483992334,0.576271186440678,0.4878048780487805,0.5415695415695416,0.4584304584304584,0.38248830109813636,0.576271186440678,0.48780487804878053,0.5415695415695416,0.4584304584304585,-0.07594215733232212,-0.21589898274882052
Cason Wallace,OKC,@POR,AST,2.5,0.6374662116104222,1.6756756756756757,2.12,28.8,3.172222208976746,1.911382452079173,0.5967741935483871,0.4716981132075472,0.5585303332383936,0.4414696667616063,0.36253378838957784,0.5967741935483871,0.4716981132075471,0.5585303332383936,0.4414696667616063,-0.07893587837202848,-0.23142836861409494
Ausar Thompson,DET,UTA,REB,6.5,0.5287365524776412,2.08,1.6944444444444444,28.6,6.696145987510682,2.7206880327082894,0.4807692307692308,0.5901639344262295,0.4489255225198704,0.5510744774801295,0.4712634475223588,0.4807692307692307,0.5901639344262295,0.4489255225198705,0.5510744774801296,-0.07981102995777078,-0.2014702694760031
Ja Morant,MEM,HOU,PTS,21.5,0.5875842718710402,1.847457627118644,1.8928571428571428,32.6,22.99799250364304,6.76798182500693,0.5412844036697247,0.5283018867924528,0.5060689431946916,0.4939310568053083,0.41241572812895977,0.5412844036697247,0.5283018867924528,0.5060689431946916,0.4939310568053083,-0.08151532867634853,-0.21935594318446905
Anthony Edwards,MIN,@NYK,AST,3.5,0.6606695267361195,1.617283950617284,2.22,35.6,4.47459152340889,2.3524318365030554,0.6183206106870229,0.4504504504504504,0.5785341998584389,0.421465800141561,0.33933047326388055,0.6183206106870228,0.4504504504504504,0.578534199858439,0.42146580014156104,-0.08213532687768049,-0.2466863493541851
Jamal Murray,DEN,MIA,PTS,20.5,0.5967209381404448,1.819672131147541,1.925925925925926,34.8,22.22079892158508,7.027436160914791,0.5495495495495496,0.5192307692307693,0.5141838223374939,0.485816177662506,0.4032790618595552,0.5495495495495495,0.5192307692307692,0.5141838223374939,0.48581617766250607,-0.08253711580295087,-0.22331439938159736
Jaylen Wells,MEM,HOU,PTS,9.5,0.5979404810754206,1.819672131147541,1.925925925925926,28.8,10.89023895263672,5.605353263845577,0.5495495495495496,0.5192307692307693,0.5141838223374939,0.485816177662506,0.40205951892457936,0.5495495495495495,0.5192307692307692,0.5141838223374939,0.48581617766250607,-0.0837566587379267,-0.2256631487378471
Bilal Coulibaly,WAS,@BOS,REB,4.5,0.6158323706467197,1.7751937984496124,2.0,34.4,5.419635152816772,3.122136580101663,0.5633187772925764,0.5,0.5297741273100617,0.4702258726899384,0.3841676293532803,0.5633187772925764,0.5,0.5297741273100617,0.47022587268993843,-0.08605824333665812,-0.2316647412934394
Ausar Thompson,DET,UTA,AST,2.5,0.6563915048211421,1.6369426751592355,2.15,28.6,3.266259457170964,1.903113387202113,0.6108949416342413,0.4651162790697674,0.567740307795812,0.432259692204188,0.34360849517885794,0.6108949416342413,0.46511627906976744,0.567740307795812,0.43225969220418803,-0.08865119702533009,-0.2612417353654555
Jock Landale,MEM,HOU,PTS,8.5,0.5832917491416756,1.8928571428571428,1.847457627118644,21.8,9.43736708164215,4.456822671960018,0.5283018867924528,0.5412844036697247,0.4939310568053083,0.5060689431946916,0.4167082508583244,0.5283018867924528,0.5412844036697247,0.4939310568053083,0.5060689431946916,-0.08936069233636723,-0.23014916366851934
Klay Thompson,DAL,NOP,REB,2.5,0.588526441943517,1.8849557522123892,1.869565217391304,24.6,3.0015134498476983,2.24134011216894,0.5305164319248826,0.5348837209302325,0.4979503996720639,0.502049600327936,0.411473558056483,0.5305164319248826,0.5348837209302326,0.49795039967206395,0.5020496003279361,-0.0905760422714531,-0.23072334798135802
Luka Doncic,LAL,SAS,REB,9.5,0.5560183837681015,2.04,1.7352941176470589,36.0,9.97882068157196,3.398737835396758,0.4901960784313725,0.576271186440678,0.4596447491430351,0.5403552508569648,0.44398161623189847,0.49019607843137253,0.576271186440678,0.45964474914303516,0.5403552508569648,-0.09637363462506632,-0.22956131300935262
Karl-Anthony Towns,NYK,MIN,PTS,22.5,0.5646129337350637,2.0,1.7575757575757576,35.6,23.672557854652407,7.20796698849439,0.5,0.5689655172413793,0.4677419354838709,0.532258064516129,0.4353870662649363,0.5,0.5689655172413793,0.4677419354838709,0.532258064516129,-0.09687099825119272,-0.23477424717071804
Yves Missi,NOP,@DAL,PTS,7.5,0.6463317363028381,1.72992700729927,2.08,27.4,9.496365457773209,5.317464347911281,0.5780590717299579,0.4807692307692308,0.5459422177944669,0.4540577822055329,0.35366826369716187,0.5780590717299579,0.4807692307692307,0.545942217794467,0.454057782205533,-0.10038951850837113,-0.2643700115099033
OG Anunoby,NYK,MIN,AST,2.5,0.4773837335850249,2.48,1.5,35.8,2.3682941079139708,2.321996362005605,0.4032258064516129,0.6666666666666666,0.3768844221105528,0.6231155778894473,0.5226162664149752,0.40322580645161293,0.6666666666666666,0.37688442211055284,0.6231155778894473,-0.10049931147447211,-0.21607560037753726
Jaden McDaniels,MIN,@NYK,REB,4.5,0.5260265364263319,2.2,1.625,29.4,4.675741946697235,2.691911044719092,0.4545454545454545,0.6153846153846154,0.4248366013071895,0.5751633986928104,0.4739734635736681,0.45454545454545453,0.6153846153846154,0.4248366013071895,0.5751633986928104,-0.10118993511914232,-0.22979312169278931
Cameron Johnson,DEN,MIA,REB,3.5,0.6216711567206672,1.8,1.9433962264150944,30.4,4.356106090545654,2.7627661603840394,0.5555555555555556,0.5145631067961165,0.5191532258064516,0.4808467741935484,0.3783288432793328,0.5555555555555556,0.5145631067961165,0.5191532258064516,0.4808467741935484,-0.10251793091421557,-0.264757153626957
Norman Powell,MIA,@DEN,REB,3.5,0.5076507991700232,2.35,1.5681818181818183,33.4,3.557461819052696,2.996097969075908,0.425531914893617,0.6376811594202898,0.4002320185614849,0.5997679814385151,0.4923492008299768,0.425531914893617,0.6376811594202898,0.40023201856148494,0.5997679814385151,-0.10741878060853827,-0.22790693506208176
Donovan Clingan,POR,OKC,PTS,8.5,0.5884628278646482,1.9433962264150944,1.8,28.4,9.728139269351958,5.492755237868567,0.5145631067961165,0.5555555555555556,0.4808467741935484,0.5191532258064516,0.4115371721353518,0.5145631067961165,0.5555555555555556,0.4808467741935484,0.5191532258064516,-0.10761605367109983,-0.25923309015636675
Nikola Jokic,DEN,MIA,REB,12.5,0.5848175034443422,1.9615384615384617,1.78125,38.0,13.287648856639862,3.6765909639723184,0.5098039215686274,0.5614035087719298,0.4759152215799614,0.5240847784200385,0.41518249655565775,0.5098039215686274,0.5614035087719298,0.47591522157996147,0.5240847784200385,-0.10890228186438078,-0.26045617801023463
Jaylen Wells,MEM,HOU,REB,3.5,0.6149492162586135,1.869565217391304,1.8928571428571428,28.8,4.268377304077148,2.6292496910300582,0.5348837209302325,0.5283018867924528,0.5030953363598845,0.4969046636401156,0.38505078374138646,0.5348837209302326,0.5283018867924528,0.5030953363598846,0.4969046636401156,-0.11185387989872914,-0.27115387363237564
Norman Powell,MIA,@DEN,AST,2.5,0.5147492685973453,2.34,1.5714285714285714,33.4,2.580434064567089,2.175106993094424,0.4273504273504273,0.6363636363636364,0.4017531044558072,0.5982468955441929,0.48525073140265473,0.4273504273504274,0.6363636363636364,0.40175310445580714,0.5982468955441927,-0.11299616414153801,-0.23746313636725686
Stephon Castle,SAS,@LAL,AST,6.5,0.5367299073667668,2.22,1.617283950617284,32.4,6.708401030302047,2.2603471760839,0.4504504504504504,0.6183206106870229,0.421465800141561,0.5785341998584389,0.46327009263323315,0.4504504504504504,0.6183206106870228,0.42146580014156104,0.578534199858439,-0.11526410722520586,-0.25076071438328956
Terance Mann,BKN,@IND,PTS,9.5,0.6111657794584946,1.8928571428571428,1.847457627118644,24.2,10.882429826259612,4.896004903604213,0.5283018867924528,0.5412844036697247,0.4939310568053083,0.5060689431946916,0.3888342205415054,0.5283018867924528,0.5412844036697247,0.4939310568053083,0.5060689431946916,-0.11723472265318624,-0.2816452535758629
Austin Reaves,LAL,SAS,REB,4.5,0.550934581143959,2.18,1.65359477124183,37.2,4.9283844351768495,3.346154326801905,0.4587155963302752,0.6047430830039525,0.4313431309032632,0.5686568690967367,0.449065418856041,0.4587155963302752,0.6047430830039526,0.4313431309032632,0.5686568690967369,-0.11959145024069584,-0.2574277714341283
Ja Morant,MEM,HOU,REB,3.5,0.6102165488312122,1.925925925925926,1.8333333333333333,32.6,4.324182179570198,2.94473321909359,0.5192307692307693,0.5454545454545454,0.4876847290640395,0.5123152709359606,0.38978345116878776,0.5192307692307692,0.5454545454545455,0.48768472906403937,0.5123152709359607,-0.12253181976717298,-0.2853970061905558
Saddiq Bey,NOP,@DAL,PTS,10.5,0.6201187797582903,1.8928571428571428,1.847457627118644,35.8,12.592726331949232,6.843609785967949,0.5283018867924528,0.5412844036697247,0.4939310568053083,0.5060689431946916,0.37988122024170967,0.5283018867924528,0.5412844036697247,0.4939310568053083,0.5060689431946916,-0.12618772295298197,-0.298185542265316
Isaiah Hartenstein,OKC,@POR,AST,2.5,0.6957243717291729,1.6289308176100628,2.15,23.0,3.319591596722603,1.600319322282402,0.6138996138996139,0.4651162790697674,0.5689439960056586,0.4310560039943413,0.3042756282708271,0.613899613899614,0.46511627906976744,0.5689439960056587,0.43105600399434135,-0.12678037572351425,-0.34580739921772174
Deni Avdija,POR,OKC,AST,4.5,0.5526031997187952,2.21,1.6369426751592355,36.4,4.818567228317261,2.408988203610222,0.4524886877828054,0.6108949416342413,0.4255178237329668,0.5744821762670331,0.44739680028120477,0.45248868778280543,0.6108949416342413,0.42551782373296687,0.5744821762670331,-0.12708537598582836,-0.26763708489000243
Peyton Watson,DEN,MIA,REB,2.5,0.7252982800275929,1.5813953488372094,2.3200000000000003,29.0,4.07999224960804,2.639239803273991,0.6323529411764706,0.4310344827586206,0.5946590367191226,0.4053409632808775,0.2747017199724071,0.6323529411764706,0.43103448275862066,0.5946590367191226,0.4053409632808775,-0.13063924330847038,-0.36269200966401544
Darius Garland,CLE,PHI,AST,5.5,0.5928178078818707,2.02,1.7352941176470589,31.8,6.015731191635132,2.1964751713753623,0.495049504950495,0.576271186440678,0.4620927318295739,0.5379072681704261,0.40718219211812934,0.49504950495049505,0.576271186440678,0.46209273182957394,0.5379072681704261,-0.13072507605229677,-0.29341913720677554
Rui Hachimura,LAL,SAS,REB,4.5,0.5318427299922407,2.34,1.5555555555555556,32.6,4.736131516098976,2.9552334982333264,0.4273504273504273,0.6428571428571429,0.3993154592127781,0.600684540787222,0.4681572700077593,0.4273504273504274,0.6428571428571428,0.3993154592127781,0.6006845407872219,-0.13252727077946258,-0.27175535776570775
Alperen Sengun,HOU,@MEM,AST,6.5,0.561075847358621,2.18,1.6329113924050631,31.4,6.841115567088127,2.2193965783541256,0.4587155963302752,0.6124031007751938,0.4282584157758449,0.571741584224155,0.43892415264137896,0.4587155963302752,0.6124031007751939,0.42825841577584484,0.5717415842241551,-0.13281743158277615,-0.28327575075015343
Mikal Bridges,NYK,MIN,PTS,14.5,0.6397459710193074,1.869565217391304,1.900900900900901,35.8,16.99492696523666,6.973357617981462,0.5348837209302325,0.5260663507109005,0.5041554124246831,0.4958445875753168,0.3602540289806926,0.5348837209302326,0.5260663507109005,0.5041554124246832,0.4958445875753168,-0.1355905585946242,-0.31519279175742215
Shai Gilgeous-Alexander,OKC,@POR,PTS,31.5,0.6367979608355069,1.8849557522123892,1.8849557522123892,31.6,34.10291304588318,7.43874596479957,0.5305164319248826,0.5305164319248826,0.5,0.5,0.3632020391644931,0.5305164319248826,0.5305164319248826,0.5,0.5,-0.13679796083550688,-0.3153802270616192
Alex Sarr,WAS,@BOS,PTS,13.5,0.6339389476897397,1.8771929824561404,1.847457627118644,29.4,15.526079070568084,5.918946039859652,0.5327102803738317,0.5412844036697247,0.496008302730321,0.5039916972696792,0.3660610523102603,0.5327102803738317,0.5412844036697247,0.496008302730321,0.5039916972696792,-0.13793064495941887,-0.3237177169183327
Jamal Murray,DEN,MIA,AST,5.5,0.6402749495098374,1.869565217391304,1.8547008547008548,34.8,6.3507045865058895,2.3683720148789407,0.5348837209302325,0.5391705069124424,0.4980043903412492,0.5019956096587508,0.35972505049016257,0.5348837209302326,0.5391705069124424,0.49800439034124927,0.5019956096587507,-0.1422705591685881,-0.3328176413985873
Deandre Ayton,LAL,SAS,PTS,13.5,0.6240404706035984,1.9433962264150944,1.8,32.0,15.494550704956056,6.309674020438964,0.5145631067961165,0.5555555555555556,0.4808467741935484,0.5191532258064516,0.37595952939640165,0.5145631067961165,0.5555555555555556,0.4808467741935484,0.5191532258064516,-0.14319369641004998,-0.323272847086477
Deandre Ayton,LAL,SAS,REB,8.5,0.5894683295660843,2.1,1.6849315068493151,32.0,9.197619438171388,3.0843886956649365,0.4761904761904761,0.5934959349593496,0.4451682953311618,0.5548317046688382,0.4105316704339157,0.47619047619047616,0.5934959349593496,0.4451682953311618,0.5548317046688382,-0.14430003423492255,-0.308282253926416
Pelle Larsson,MIA,@DEN,AST,2.5,0.5997675483554896,2.05,1.7092198581560285,30.4,3.005780780315399,2.001146715827612,0.4878048780487805,0.5850622406639004,0.4546740873502499,0.5453259126497499,0.4002324516445104,0.48780487804878053,0.5850622406639003,0.45467408735025006,0.5453259126497499,-0.14509346100523957,-0.3159147457707304
Darius Garland,CLE,PHI,REB,2.5,0.6185543397425313,1.9803921568627447,1.7692307692307692,31.8,3.361411195993424,2.8553222294696354,0.504950495049505,0.5652173913043478,0.4718423169750604,0.5281576830249397,0.38144566025746873,0.5049504950495051,0.5652173913043479,0.4718423169750603,0.5281576830249396,-0.14671202276747086,-0.32513460108293996
Cade Cunningham,DET,UTA,REB,5.5,0.5886605735260689,2.14,1.6578947368421053,34.0,6.197263270616531,3.11138203175271,0.4672897196261682,0.6031746031746031,0.436529933481153,0.563470066518847,0.41133942647393107,0.4672897196261682,0.6031746031746031,0.43652993348115304,0.563470066518847,-0.15213064004491594,-0.3180425297932195
Herbert Jones,NOP,@DAL,AST,2.5,0.731276153936109,1.617283950617284,2.22,35.0,3.9198126271367073,2.3023596940742754,0.6183206106870229,0.4504504504504504,0.5785341998584389,0.421465800141561,0.268723846063891,0.6183206106870228,0.4504504504504504,0.578534199858439,0.42146580014156104,-0.15274195407767005,-0.40343306173816196
CJ McCollum,WAS,@BOS,REB,3.5,0.5531871901627602,2.34,1.5555555555555556,29.2,3.854171544313431,2.6486464587451506,0.4273504273504273,0.6428571428571429,0.3993154592127781,0.600684540787222,0.4468128098372398,0.4273504273504274,0.6428571428571428,0.3993154592127781,0.6006845407872219,-0.15387173094998208,-0.30495785136429365
Jrue Holiday,POR,OKC,REB,4.5,0.6202664277883179,2.02,1.7352941176470589,32.2,5.400681081414223,2.941666091162422,0.495049504950495,0.576271186440678,0.4620927318295739,0.5379072681704261,0.37973357221168214,0.49504950495049505,0.576271186440678,0.46209273182957394,0.5379072681704261,-0.15817369595874398,-0.34105056586796334
Austin Reaves,LAL,SAS,PTS,24.5,0.6450303995050003,1.9433962264150944,1.819672131147541,37.2,27.32602937221528,7.598124700395454,0.5145631067961165,0.5495495495495496,0.483560743054414,0.5164392569455861,0.3549696004949997,0.5145631067961165,0.5495495495495495,0.483560743054414,0.516439256945586,-0.1614696564505863,-0.3540717105746727
Anthony Edwards,MIN,@NYK,PTS,25.5,0.6680744617099326,1.869565217391304,1.900900900900901,35.6,28.74218339920044,7.46011445147972,0.5348837209302325,0.5260663507109005,0.5041554124246831,0.4958445875753168,0.33192553829006743,0.5348837209302326,0.5260663507109005,0.5041554124246832,0.4958445875753168,-0.16391904928524936,-0.3690424452323943
Mikal Bridges,NYK,MIN,AST,4.5,0.6326244400204741,2.0,1.7462686567164178,35.8,5.309074634313583,2.387972891070641,0.5,0.5726495726495726,0.4661354581673307,0.5338645418326693,0.36737555997952587,0.5,0.5726495726495727,0.4661354581673306,0.5338645418326693,-0.16648898185314343,-0.3584635743641116
Aaron Gordon,DEN,MIA,PTS,15.5,0.6959098784855461,1.7874015748031495,2.0,38.0,19.2971739768982,7.406623146083785,0.5594713656387665,0.5,0.528066528066528,0.4719334719334718,0.3040901215144539,0.5594713656387665,0.5,0.528066528066528,0.47193347193347185,-0.16784335041901793,-0.39181975697109217
Kevin Durant,HOU,@MEM,AST,3.5,0.5669861034768342,2.3600000000000003,1.5617977528089888,35.2,3.89033854007721,2.313718706436434,0.423728813559322,0.6402877697841727,0.3982351592940637,0.6017648407059363,0.4330138965231658,0.42372881355932196,0.6402877697841727,0.39823515929406367,0.6017648407059363,-0.16875094418277048,-0.32371986947505565
Cam Thomas,BKN,@IND,AST,3.5,0.6965682545052636,1.7936507936507935,1.970873786407767,27.0,4.463323205709457,1.8721454370112915,0.5575221238938053,0.5073891625615764,0.5235385623055511,0.4764614376944491,0.3034317454947364,0.5575221238938054,0.5073891625615764,0.5235385623055511,0.476461437694449,-0.1730296921997126,-0.40197432684047096
Quentin Grimes,PHI,@CLE,PTS,16.5,0.6690210508368035,1.900900900900901,1.869565217391304,35.6,19.57570352554321,7.0348168474099175,0.5260663507109005,0.5348837209302325,0.4958445875753168,0.5041554124246831,0.3309789491631965,0.5260663507109005,0.5348837209302326,0.4958445875753168,0.5041554124246832,-0.17317646326148672,-0.38121326895576324
Chet Holmgren,OKC,@POR,AST,1.5,0.7236023098263854,1.7142857142857144,2.08,28.0,2.5948954224586487,1.844573295952006,0.5833333333333334,0.4807692307692308,0.5481927710843374,0.4518072289156626,0.2763976901736146,0.5833333333333333,0.4807692307692307,0.5481927710843374,0.4518072289156627,-0.17540953874204812,-0.42509280443888164
Davion Mitchell,MIA,@DEN,PTS,9.5,0.63844324752813,2.02,1.7352941176470589,33.8,11.794783943891524,6.476937847317556,0.495049504950495,0.576271186440678,0.4620927318295739,0.5379072681704261,0.36155675247187,0.49504950495049505,0.576271186440678,0.46209273182957394,0.5379072681704261,-0.1763505156985561,-0.37259269423999025
Alex Sarr,WAS,@BOS,AST,3.5,0.5643765821192146,2.42,1.5208333333333337,29.4,3.8193274855613706,1.9702458279325377,0.4132231404958678,0.6575342465753424,0.3859166842884331,0.6140833157115669,0.4356234178807854,0.4132231404958678,0.6575342465753423,0.3859166842884331,0.6140833157115668,-0.17845989783078142,-0.33748938530630535
Luka Doncic,LAL,SAS,AST,8.5,0.6761740033685895,1.8928571428571428,1.862068965517241,36.0,9.678473353385924,2.5785667472007767,0.5283018867924528,0.5370370370370371,0.4959002951787471,0.5040997048212529,0.32382599663141054,0.5283018867924528,0.5370370370370371,0.4959002951787471,0.5040997048212529,-0.18027370818984234,-0.39701366144495975
Jusuf Nurkic,UTA,@DET,AST,3.5,0.5903281991507433,2.28,1.5813953488372094,21.0,3.855529770255089,1.5566830827503868,0.4385964912280701,0.6323529411764706,0.4095398699108648,0.5904601300891351,0.4096718008492567,0.4385964912280702,0.6323529411764706,0.4095398699108649,0.5904601300891351,-0.18078832923987842,-0.3521469195872219
Santi Aldama,MEM,HOU,AST,2.5,0.6448056542528297,2.02,1.7352941176470589,27.8,3.188392309844494,1.853835352827124,0.495049504950495,0.576271186440678,0.4620927318295739,0.5379072681704261,0.35519434574717035,0.49504950495049505,0.576271186440678,0.46209273182957394,0.5379072681704261,-0.18271292242325576,-0.38363334120343967
Harrison Barnes,SAS,@LAL,REB,3.5,0.5990862050391541,2.26,1.6097560975609757,29.0,4.1630859375,2.6419601727834463,0.4424778761061947,0.6212121212121212,0.4159838648682717,0.5840161351317281,0.4009137949608459,0.4424778761061947,0.6212121212121212,0.41598386486827177,0.5840161351317281,-0.18310234017088223,-0.35462657396546754
Bruce Brown,DEN,MIA,PTS,6.5,0.6905778303110439,1.869565217391304,1.9090909090909087,28.8,9.257377910614014,5.542591997221004,0.5348837209302325,0.5238095238095238,0.5052301255230125,0.4947698744769875,0.3094221696889561,0.5348837209302326,0.523809523809524,0.5052301255230125,0.4947698744769875,-0.18534770478803142,-0.40928494877562943
Miles McBride,NYK,MIN,PTS,7.5,0.6786408304409981,1.925925925925926,1.819672131147541,26.0,9.869705080986025,5.108207735616242,0.5192307692307693,0.5495495495495496,0.485816177662506,0.5141838223374939,0.3213591695590019,0.5192307692307692,0.5495495495495495,0.48581617766250607,0.5141838223374939,-0.19282465277849203,-0.41523167506476705
Jerami Grant,POR,OKC,REB,2.5,0.7515508029769186,1.6666666666666663,2.1,31.6,4.446060121059418,2.8644733249061374,0.6,0.4761904761904761,0.5575221238938053,0.4424778761061947,0.24844919702308144,0.6000000000000001,0.47619047619047616,0.5575221238938053,0.4424778761061946,-0.19402867908311316,-0.47825668625152895
Alperen Sengun,HOU,@MEM,PTS,21.5,0.6997347044606304,1.847457627118644,1.8771929824561404,31.4,25.034607398509976,6.750101742184104,0.5412844036697247,0.5327102803738317,0.5039916972696792,0.496008302730321,0.30026529553936965,0.5412844036697247,0.5327102803738317,0.5039916972696792,0.496008302730321,-0.19574300719095133,-0.43634409433837623
Keldon Johnson,SAS,@LAL,PTS,11.5,0.69193373329184,1.925925925925926,1.819672131147541,23.2,14.016243982315062,5.019046545500728,0.5192307692307693,0.5495495495495496,0.485816177662506,0.5141838223374939,0.30806626670815995,0.5192307692307692,0.5495495495495495,0.48581617766250607,0.5141838223374939,-0.20611755562933398,-0.43942039992449583
Tari Eason,HOU,@MEM,REB,5.5,0.6872294883175387,1.9433962264150944,1.8,22.2,6.639834344387054,2.3356665328410084,0.5145631067961165,0.5555555555555556,0.4808467741935484,0.5191532258064516,0.3127705116824613,0.5145631067961165,0.5555555555555556,0.4808467741935484,0.5191532258064516,-0.20638271412399034,-0.43701307897156966
Domantas Sabonis,SAC,GSW,PTS,16.5,0.6915550692655956,1.9433962264150944,1.8264462809917357,36.0,20.059597492218018,7.11545141210147,0.5145631067961165,0.5475113122171946,0.4844887491727332,0.5155112508272668,0.3084449307344044,0.5145631067961165,0.5475113122171945,0.48448874917273327,0.5155112508272667,-0.2070663200928623,-0.4366419033693936
Quentin Grimes,PHI,@CLE,AST,3.5,0.7531912211556074,1.7142857142857144,2.06,35.6,5.122948998212815,2.3707691915390394,0.5833333333333334,0.4854368932038835,0.5457986373959123,0.4542013626040878,0.24680877884439256,0.5833333333333333,0.4854368932038835,0.5457986373959122,0.45420136260408783,-0.20739258375969527,-0.4915739155805513
Kyle Filipowski,UTA,@DET,REB,5.5,0.6172523315699618,2.28,1.5813953488372094,28.8,6.309864521026611,2.7151850694498303,0.4385964912280701,0.6323529411764706,0.4095398699108648,0.5904601300891351,0.38274766843003816,0.4385964912280702,0.6323529411764706,0.4095398699108649,0.5904601300891351,-0.20771246165909696,-0.39472461736645126
Noah Clowney,BKN,@IND,PTS,7.5,0.6925852039470395,1.9433962264150944,1.8264462809917357,22.6,9.812508219480517,4.595681572859272,0.5145631067961165,0.5475113122171946,0.4844887491727332,0.5155112508272668,0.3074147960529605,0.5145631067961165,0.5475113122171945,0.48448874917273327,0.5155112508272667,-0.20809645477430616,-0.43852338902723736
Alperen Sengun,HOU,@MEM,REB,9.5,0.6416885884162542,2.16,1.6493506493506491,31.4,10.635163044929504,3.127377812611805,0.4629629629629629,0.6062992125984252,0.4329742261011864,0.5670257738988136,0.3583114115837458,0.4629629629629629,0.6062992125984252,0.43297422610118635,0.5670257738988136,-0.2087143623150678,-0.40901884063460114
Keldon Johnson,SAS,@LAL,REB,4.5,0.7053590432314303,1.8928571428571428,1.862068965517241,23.2,5.744778847694397,2.3056715234778427,0.5283018867924528,0.5370370370370371,0.4959002951787471,0.5040997048212529,0.2946409567685697,0.5283018867924528,0.5370370370370371,0.4959002951787471,0.5040997048212529,-0.20945874805268316,-0.4513582184309392
Donovan Mitchell,CLE,PHI,REB,3.5,0.7606848854359042,1.6896551724137931,2.05,34.4,5.717663836479187,3.13005042781854,0.5918367346938775,0.4878048780487805,0.5481788842784694,0.4518211157215306,0.23931511456409582,0.5918367346938775,0.48780487804878053,0.5481788842784694,0.4518211157215307,-0.2125060011574349,-0.5094040151436037
Jordan Clarkson,NYK,MIN,PTS,9.5,0.6917122157250818,1.9615384615384617,1.78125,24.0,11.976388692855837,4.945759116762706,0.5098039215686274,0.5614035087719298,0.4759152215799614,0.5240847784200385,0.3082877842749182,0.5098039215686274,0.5614035087719298,0.47591522157996147,0.5240847784200385,-0.21579699414512032,-0.45086238426030195
Jose Alvarado,NOP,@DAL,PTS,8.5,0.7009671622779016,1.9433962264150944,1.8,26.2,11.24777270555496,5.212168107468632,0.5145631067961165,0.5555555555555556,0.4808467741935484,0.5191532258064516,0.29903283772209843,0.5145631067961165,0.5555555555555556,0.4808467741935484,0.5191532258064516,-0.2201203880843532,-0.46174089210022284
Luka Doncic,LAL,SAS,PTS,32.5,0.7379613804500218,1.8264462809917357,1.9523809523809523,36.0,37.61283159255981,8.02550242828303,0.5475113122171946,0.5121951219512195,0.5166631951676735,0.4833368048323266,0.2620386195499782,0.5475113122171945,0.5121951219512195,0.5166631951676735,0.48333680483232666,-0.22129818528234846,-0.4884007904024235
Domantas Sabonis,SAC,GSW,REB,12.5,0.6826830158498253,2.04,1.7462686567164178,36.0,14.209741473197935,3.597829703263649,0.4901960784313725,0.5726495726495726,0.4612109744560075,0.5387890255439924,0.31731698415017473,0.49019607843137253,0.5726495726495727,0.46121097445600756,0.5387890255439926,-0.22147204139381782,-0.4458792963347695
Pelle Larsson,MIA,@DEN,REB,2.5,0.7417832989668094,1.8,1.9345794392523368,30.4,4.29137396812439,2.760831795113456,0.5555555555555556,0.5169082125603864,0.5180180180180181,0.481981981981982,0.2582167010331906,0.5555555555555556,0.5169082125603864,0.5180180180180181,0.481981981981982,-0.2237652809487914,-0.5004592793096219
Klay Thompson,DAL,NOP,PTS,10.5,0.710912439419491,1.9174311926605505,1.8064516129032255,24.6,13.3505077958107,5.126330631254139,0.5215311004784688,0.5535714285714286,0.485098943018358,0.5149010569816419,0.289087560580509,0.5215311004784688,0.5535714285714286,0.48509894301835804,0.5149010569816419,-0.2258134964011329,-0.47777730991908063
Bruce Brown,DEN,MIA,REB,3.5,0.7013627435707617,2.0,1.7575757575757576,28.8,4.901444721221924,2.65262388121948,0.5,0.5689655172413793,0.4677419354838709,0.532258064516129,0.29863725642923833,0.5,0.5689655172413793,0.4677419354838709,0.532258064516129,-0.23362080808689067,-0.47512239779103566
Julian Champagnie,SAS,@LAL,PTS,8.5,0.7342541390957293,1.8771929824561404,1.8771929824561404,25.6,11.723085021972658,5.150915612480088,0.5327102803738317,0.5327102803738317,0.5,0.5,0.26574586090427066,0.5327102803738317,0.5327102803738317,0.5,0.5,-0.23425413909572934,-0.5011437347937375
Shaedon Sharpe,POR,OKC,PTS,18.5,0.7503717702016162,1.819672131147541,1.925925925925926,36.2,23.420718705654146,7.28283132076497,0.5495495495495496,0.5192307692307693,0.5141838223374939,0.485816177662506,0.24962822979838384,0.5495495495495495,0.5192307692307692,0.5141838223374939,0.48581617766250607,-0.23618794786412223,-0.5192345203882978
Pelle Larsson,MIA,@DEN,PTS,7.5,0.7027529612545652,2.0,1.7352941176470589,30.4,10.619980144500731,5.8609350122588175,0.5,0.576271186440678,0.4645669291338583,0.5354330708661418,0.2972470387454348,0.5,0.576271186440678,0.4645669291338583,0.5354330708661418,-0.238186032120707,-0.4841889621770396
Harrison Barnes,SAS,@LAL,PTS,10.5,0.7113948161055164,2.0,1.7575757575757576,29.0,13.714277267456056,5.765890859972257,0.5,0.5689655172413793,0.4677419354838709,0.532258064516129,0.28860518389448364,0.5,0.5689655172413793,0.4677419354838709,0.532258064516129,-0.24365288062164536,-0.4927545252763621
Saddiq Bey,NOP,@DAL,REB,4.5,0.7198724328228743,2.02,1.7352941176470589,35.8,6.400555679202079,3.2629661004271355,0.495049504950495,0.576271186440678,0.4620927318295739,0.5379072681704261,0.2801275671771257,0.49504950495049505,0.576271186440678,0.46209273182957394,0.5379072681704261,-0.2577797009933004,-0.5138962804867524
Christian Braun,DEN,MIA,REB,3.5,0.7970682893423975,1.7352941176470589,2.02,38.0,6.361878454685211,3.443088689524342,0.576271186440678,0.495049504950495,0.5379072681704261,0.4620927318295739,0.20293171065760252,0.576271186440678,0.49504950495049505,0.5379072681704261,0.46209273182957394,-0.25916102117197143,-0.5900779444716429
Donovan Mitchell,CLE,PHI,AST,4.5,0.7554913926489706,1.8928571428571428,1.862068965517241,34.4,6.117382609844207,2.337687815611384,0.5283018867924528,0.5370370370370371,0.4959002951787471,0.5040997048212529,0.24450860735102942,0.5283018867924528,0.5370370370370371,0.4959002951787471,0.5040997048212529,-0.25959109747022346,-0.5447081104498074
Naji Marshall,DAL,NOP,PTS,9.5,0.758269577221493,1.8928571428571428,1.847457627118644,33.6,14.06420874595642,6.513346441653302,0.5283018867924528,0.5412844036697247,0.4939310568053083,0.5060689431946916,0.24173042277850698,0.5283018867924528,0.5412844036697247,0.4939310568053083,0.5060689431946916,-0.26433852041618466,-0.5534132867312329
Bam Adebayo,MIA,@DEN,REB,8.5,0.7786019912160191,1.819672131147541,1.925925925925926,34.8,11.081798779964446,3.363993669124463,0.5495495495495496,0.5192307692307693,0.5141838223374939,0.485816177662506,0.22139800878398086,0.5495495495495495,0.5192307692307692,0.5141838223374939,0.48581617766250607,-0.2644181688785252,-0.5736038349345554
Zach LaVine,SAC,GSW,AST,3.5,0.6543263811340134,2.42,1.5208333333333337,38.0,4.491307973861694,2.49682493987645,0.4132231404958678,0.6575342465753424,0.3859166842884331,0.6140833157115669,0.3456736188659866,0.4132231404958678,0.6575342465753423,0.3859166842884331,0.6140833157115668,-0.26840969684558025,-0.47428803797464525
Jalen Duren,DET,UTA,AST,2.5,0.7938952927825937,1.78125,1.9615384615384617,31.0,4.202198043465614,2.0758215523178403,0.5614035087719298,0.5098039215686274,0.5240847784200385,0.4759152215799614,0.20610470721740626,0.5614035087719298,0.5098039215686274,0.5240847784200385,0.47591522157996147,-0.2698105143625552,-0.5957176896889338
Trendon Watford,PHI,@CLE,PTS,8.5,0.7568272790451143,1.925925925925926,1.819672131147541,24.8,12.020263481140136,5.056882340332055,0.5192307692307693,0.5495495495495496,0.485816177662506,0.5141838223374939,0.24317272095488573,0.5192307692307692,0.5495495495495495,0.48581617766250607,0.5141838223374939,-0.2710111013826082,-0.5575053766230768
Christian Braun,DEN,MIA,PTS,12.5,0.7818849861071757,1.8547008547008548,1.9174311926605505,38.0,18.241102635860443,7.37385813863286,0.5391705069124424,0.5215311004784688,0.5083149711054754,0.4916850288945246,0.21811501389282428,0.5391705069124424,0.5215311004784688,0.5083149711054754,0.4916850288945246,-0.2735700150017003,-0.5817794687743094
Domantas Sabonis,SAC,GSW,AST,4.5,0.7678359835483771,1.9174311926605505,1.8403361344537816,36.0,6.278989613056183,2.4311813261435264,0.5215311004784688,0.54337899543379,0.4897419063641212,0.5102580936358787,0.23216401645162288,0.5215311004784688,0.5433789954337899,0.48974190636412124,0.5102580936358786,-0.2780940771842557,-0.5727401714041562
Deni Avdija,POR,OKC,REB,6.5,0.8058088729754702,1.78125,1.99009900990099,36.4,9.439032876491549,3.4073575934096296,0.5614035087719298,0.5024875621890548,0.5276888998277135,0.4723111001722865,0.19419112702452979,0.5614035087719298,0.5024875621890548,0.5276888998277135,0.4723111001722865,-0.2781199731477567,-0.6135404303769258
Peyton Watson,DEN,MIA,PTS,6.5,0.75257689035122,1.9803921568627447,1.7692307692307692,29.0,10.333651453256609,5.616074213584045,0.504950495049505,0.5652173913043478,0.4718423169750604,0.5281576830249397,0.24742310964878,0.5049504950495051,0.5652173913043479,0.4718423169750603,0.5281576830249396,-0.2807345733761596,-0.56225142139062
Shaedon Sharpe,POR,OKC,REB,3.5,0.807152397158553,1.7751937984496124,1.9523809523809523,36.2,6.357824456691742,3.2945100109732026,0.5633187772925764,0.5121951219512195,0.523767082590612,0.476232917409388,0.19284760284144697,0.5633187772925764,0.5121951219512195,0.523767082590612,0.47623291740938806,-0.2833853145679411,-0.6234880135000321
Josh Hart,NYK,MIN,PTS,8.5,0.7794839863961662,1.8849557522123892,1.847457627118644,37.4,14.01340920329094,7.156074267761805,0.5305164319248826,0.5412844036697247,0.4949766918501849,0.5050233081498151,0.22051601360383377,0.5305164319248826,0.5412844036697247,0.4949766918501849,0.5050233081498151,-0.28450729454598134,-0.5926060087657986
Rudy Gobert,MIN,@NYK,PTS,10.5,0.7875766144518983,1.8771929824561404,1.8928571428571428,35.0,15.932208150625229,6.806929732136102,0.5327102803738317,0.5283018867924528,0.5020774472328402,0.4979225527671597,0.2124233855481017,0.5327102803738317,0.5283018867924528,0.5020774472328402,0.4979225527671597,-0.285499167219058,-0.597912877355379
Kyle Filipowski,UTA,@DET,PTS,8.5,0.7730170036659525,1.925925925925926,1.819672131147541,28.8,12.75974292755127,5.68861095643381,0.5192307692307693,0.5495495495495496,0.485816177662506,0.5141838223374939,0.2269829963340475,0.5192307692307692,0.5495495495495495,0.48581617766250607,0.5141838223374939,-0.28720082600344643,-0.5869653673265693
DeMar DeRozan,SAC,GSW,AST,4.5,0.7122149797633132,2.21,1.6329113924050631,36.8,5.878876757621764,2.4628640887193045,0.4524886877828054,0.6124031007751938,0.424915181659475,0.575084818340525,0.28778502023668684,0.45248868778280543,0.6124031007751939,0.4249151816594749,0.575084818340525,-0.2872997981038382,-0.5300725618919924
Cameron Johnson,DEN,MIA,PTS,11.5,0.7985327803294073,1.8333333333333333,1.9090909090909087,30.4,16.61979236602783,6.1212836411257285,0.5454545454545454,0.5238095238095238,0.5101214574898786,0.4898785425101215,0.20146721967059267,0.5454545454545455,0.523809523809524,0.5101214574898785,0.4898785425101214,-0.28841132283952875,-0.6153807624470504
Naji Marshall,DAL,NOP,AST,2.5,0.6809004024963168,2.43,1.53475935828877,33.6,3.53842602968216,2.208392238193691,0.411522633744856,0.6515679442508711,0.38710025491968,0.6128997450803199,0.3190995975036832,0.4115226337448559,0.6515679442508712,0.38710025491968,0.61289974508032,-0.29380014757663675,-0.5102589065050424
Donovan Clingan,POR,OKC,REB,8.5,0.7937394560746933,1.8928571428571428,1.869565217391304,28.4,10.954277443885802,2.994974830416819,0.5283018867924528,0.5348837209302325,0.4969046636401156,0.5030953363598845,0.20626054392530668,0.5283018867924528,0.5348837209302326,0.4969046636401156,0.5030953363598846,-0.2968347924345779,-0.6143824613570354
Aaron Gordon,DEN,MIA,AST,2.5,0.8282033079988913,1.7575757575757576,1.970873786407767,38.0,4.872981995344162,2.505553091378746,0.5689655172413793,0.5073891625615764,0.528604118993135,0.471395881006865,0.1717966920011087,0.5689655172413793,0.5073891625615764,0.528604118993135,0.471395881006865,-0.29959918900575633,-0.661410403143446
Jusuf Nurkic,UTA,@DET,PTS,10.5,0.823191654203622,1.8,1.9433962264150944,21.0,15.08866935968399,4.9468354398772805,0.5555555555555556,0.5145631067961165,0.5191532258064516,0.4808467741935484,0.17680834579637805,0.5555555555555556,0.5145631067961165,0.5191532258064516,0.4808467741935484,-0.3040384283971703,-0.6563913279806237
Andrew Wiggins,MIA,@DEN,PTS,16.5,0.7948955111952454,1.9433962264150944,1.8,30.6,21.81059557199478,6.448607598510918,0.5145631067961165,0.5555555555555556,0.4808467741935484,0.5191532258064516,0.20510448880475463,0.5145631067961165,0.5555555555555556,0.4808467741935484,0.5191532258064516,-0.314048737001697,-0.6308119201514417
Rui Hachimura,LAL,SAS,PTS,11.5,0.8498235743847855,1.78125,2.0,32.6,18.25645670890808,6.523710232891896,0.5614035087719298,0.5,0.5289256198347108,0.4710743801652893,0.1501764256152145,0.5614035087719298,0.5,0.5289256198347108,0.4710743801652893,-0.3208979545500748,-0.699647148769571
Rudy Gobert,MIN,@NYK,REB,9.5,0.8510772905617949,1.7575757575757576,1.970873786407767,35.0,13.124002814292908,3.481053623476748,0.5689655172413793,0.5073891625615764,0.528604118993135,0.471395881006865,0.14892270943820507,0.5689655172413793,0.5073891625615764,0.528604118993135,0.471395881006865,-0.32247317156865996,-0.7064921357674211
Darius Garland,CLE,PHI,PTS,14.5,0.8317670781121063,1.847457627118644,1.8928571428571428,31.8,20.78582124710083,6.539748573424087,0.5412844036697247,0.5283018867924528,0.5060689431946916,0.4939310568053083,0.16823292188789374,0.5412844036697247,0.5283018867924528,0.5060689431946916,0.4939310568053083,-0.32569813491741456,-0.6815591121407726
Jonas Valanciunas,DEN,MIA,PTS,7.5,0.806724353202495,1.9523809523809523,1.7751937984496124,11.2,11.711739349365232,4.864066450009006,0.5121951219512195,0.5633187772925764,0.476232917409388,0.523767082590612,0.19327564679750497,0.5121951219512195,0.5633187772925764,0.47623291740938806,0.523767082590612,-0.330491435793107,-0.6568982704137315
Derrick White,BOS,WAS,AST,4.5,0.8956715892893582,1.6711409395973154,2.15,33.8,7.47525767982006,2.3664477897553824,0.5983935742971888,0.4651162790697674,0.5626591727408448,0.4373408272591551,0.1043284107106418,0.5983935742971888,0.46511627906976744,0.5626591727408448,0.43734082725915513,-0.3330124165485133,-0.7756939169721201
Kel'el Ware,MIA,@DEN,PTS,8.5,0.793884411159017,2.04,1.7246376811594204,28.0,13.077369570732117,5.582337981079635,0.4901960784313725,0.5798319327731093,0.4581151832460733,0.5418848167539267,0.20611558884098302,0.49019607843137253,0.5798319327731092,0.4581151832460733,0.5418848167539266,-0.3357692279129436,-0.6445252888104785
Caris LeVert,DET,UTA,PTS,10.5,0.8216934805617166,1.925925925925926,1.819672131147541,24.4,15.354105520248412,5.265681253621311,0.5192307692307693,0.5495495495495496,0.485816177662506,0.5141838223374939,0.17830651943828335,0.5192307692307692,0.5495495495495495,0.48581617766250607,0.5141838223374939,-0.3358773028992106,-0.6755405957762385
Josh Hart,NYK,MIN,REB,6.5,0.8147166601689058,1.9615384615384617,1.78125,37.4,9.6240249812603,3.4889231097496767,0.5098039215686274,0.5614035087719298,0.4759152215799614,0.5240847784200385,0.18528333983109424,0.5098039215686274,0.5614035087719298,0.47591522157996147,0.5240847784200385,-0.3388014385889443,-0.6699640509258634
Shaedon Sharpe,POR,OKC,AST,2.5,0.7653278138666741,2.3,1.5681818181818183,36.2,4.223500302433968,2.3820182719894776,0.4347826086956521,0.6376811594202898,0.4054054054054054,0.5945945945945946,0.23467218613332586,0.4347826086956522,0.6376811594202898,0.4054054054054055,0.5945945945945946,-0.3599224084612688,-0.631991344472739
Bam Adebayo,MIA,@DEN,PTS,20.5,0.8328326184666024,2.02,1.7352941176470589,34.8,27.54451432228088,7.296843167960321,0.495049504950495,0.576271186440678,0.4620927318295739,0.5379072681704261,0.1671673815333976,0.49504950495049505,0.576271186440678,0.46209273182957394,0.5379072681704261,-0.3707398866370285,-0.7099154261626336
Josh Hart,NYK,MIN,AST,3.5,0.8168635627073335,2.16,1.6493506493506491,37.4,5.752809226512909,2.4934886282202946,0.4629629629629629,0.6062992125984252,0.4329742261011864,0.5670257738988136,0.1831364372926665,0.4629629629629629,0.6062992125984252,0.43297422610118635,0.5670257738988136,-0.3838893366061471,-0.6979437982315762
CJ McCollum,WAS,@BOS,AST,3.5,0.7852516972037795,2.35,1.5681818181818183,29.2,5.094361048936844,2.018042232427121,0.425531914893617,0.6376811594202898,0.4002320185614849,0.5997679814385151,0.21474830279622048,0.425531914893617,0.6376811594202898,0.40023201856148494,0.5997679814385151,-0.3850196786422946,-0.6632356160695633
Kentavious Caldwell-Pope,MEM,HOU,AST,2.5,0.9079440201027136,1.9345794392523368,1.8,27.4,5.05990699827671,1.9273501765077288,0.5169082125603864,0.5555555555555556,0.481981981981982,0.5180180180180181,0.09205597989728642,0.5169082125603864,0.5555555555555556,0.481981981981982,0.5180180180180181,-0.42596203812073163,-0.8342992361848844
CJ McCollum,WAS,@BOS,PTS,14.5,0.9378400510230628,1.847457627118644,1.925925925925926,29.2,24.4715179681778,6.488108241644367,0.5412844036697247,0.5192307692307693,0.510397604391948,0.4896023956080519,0.06215994897693722,0.5412844036697247,0.5192307692307692,0.510397604391948,0.48960239560805185,-0.42744244663111464,-0.8802845427110839
Andrew Wiggins,MIA,@DEN,AST,2.5,0.8768199904660716,2.15,1.6711409395973154,30.6,4.914358377456665,2.082715227655347,0.4651162790697674,0.5983935742971888,0.4373408272591551,0.5626591727408448,0.12318000953392838,0.46511627906976744,0.5983935742971888,0.43734082725915513,0.5626591727408448,-0.4394791632069164,-0.7941488431278647
Bam Adebayo,MIA,@DEN,AST,3.5,0.8834244970588649,2.14,1.6711409395973154,34.8,6.3224523782730095,2.3672707346409565,0.4672897196261682,0.5983935742971888,0.4384883598069947,0.5615116401930054,0.11657550294113506,0.4672897196261682,0.5983935742971888,0.4384883598069947,0.5615116401930054,-0.4449361372518703,-0.805185904480922
Nikola Jokic,DEN,MIA,PTS,26.5,0.9417702763356992,1.9803921568627447,1.7692307692307692,38.0,39.58212685585022,8.333576292732053,0.504950495049505,0.5652173913043478,0.4718423169750604,0.5281576830249397,0.05822972366430079,0.5049504950495051,0.5652173913043479,0.4718423169750603,0.5281576830249396,-0.4699279593606388,-0.8969781812093139
Kel'el Ware,MIA,@DEN,REB,5.5,0.9053940685372736,2.18,1.6329113924050631,28.0,9.233449816703796,2.843635806130731,0.4587155963302752,0.6124031007751938,0.4282584157758449,0.571741584224155,0.09460593146272644,0.4587155963302752,0.6124031007751939,0.42825841577584484,0.5717415842241551,-0.47713565276142866,-0.8455168967254214
Kentavious Caldwell-Pope,MEM,HOU,PTS,8.5,0.9897014022083336,1.900900900900901,1.869565217391304,27.4,22.85234122276306,6.198945201725719,0.5260663507109005,0.5348837209302325,0.4958445875753168,0.5041554124246831,0.01029859779166642,0.5260663507109005,0.5348837209302326,0.4958445875753168,0.5041554124246832,-0.4938568146330168,-0.9807460997807975
Kentavious Caldwell-Pope,MEM,HOU,REB,2.5,0.9118514235376236,2.25,1.5780346820809248,27.4,6.014941161870956,2.5993387226626425,0.4444444444444444,0.6336996336996337,0.4122310305775764,0.5877689694224235,0.0881485764623764,0.4444444444444444,0.6336996336996338,0.4122310305775764,0.5877689694224235,-0.4996203929600471,-0.8608984891663077
Nikola Jovic,MIA,@DEN,PTS,9.5,0.981643781966781,2.02,1.7352941176470589,29.6,22.88754496574402,6.40875082810069,0.495049504950495,0.576271186440678,0.4620927318295739,0.5379072681704261,0.018356218033218963,0.49504950495049505,0.576271186440678,0.46209273182957394,0.5379072681704261,-0.5195510501372071,-0.9681465628247082
