Player,Team,Opponent,Market,Line,OverOdds_American,UnderOdds_American,POverImp,PUnderImp,POverFair,PUnderFair,ProjMins,ProjMean,ProjSD,POverModel,PUnderModel,OverDecimal,UnderDecimal
Ace Bailey,UTA,CHI,PTS,12.5,-106,-121,0.5145631067961165,0.5475113122171946,0.4844887491727332,0.5155112508272668,23.0,9.089529037475586,4.613518324310262,0.2298823698858482,0.7701176301141518,1.9433962264150944,1.8264462809917354
Ace Bailey,UTA,CHI,REB,4.5,-151,115,0.601593625498008,0.4651162790697674,0.563971163033093,0.4360288369669069,23.0,4.207448095083237,2.196448937560975,0.4470203226658064,0.5529796773341936,1.6622516556291391,2.15
Alex Sarr,WAS,BKN,AST,3.5,-143,109,0.588477366255144,0.4784688995215311,0.5515529555059332,0.4484470444940668,31.2,4.057594978809356,2.102296222356459,0.604584397995056,0.3954156020049439,1.6993006993006992,2.09
Alex Sarr,WAS,BKN,PTS,19.5,100,-132,0.5,0.5689655172413793,0.4677419354838709,0.532258064516129,31.2,21.32660565376281,6.506852841869429,0.6105375296281279,0.3894624703718721,2.0,1.7575757575757576
Alex Sarr,WAS,BKN,REB,9.5,-106,-125,0.5145631067961165,0.5555555555555556,0.4808467741935484,0.5191532258064516,31.2,8.35429172515869,3.0093362283124616,0.3517062795486013,0.6482937204513987,1.9433962264150944,1.8
Alperen Sengun,HOU,ORL,AST,6.5,-112,-118,0.5283018867924528,0.5412844036697247,0.4939310568053083,0.5060689431946916,35.8,6.152906814217567,2.438689469506482,0.4434105640538122,0.5565894359461878,1.8928571428571428,1.847457627118644
Alperen Sengun,HOU,ORL,PTS,21.5,-112,-118,0.5283018867924528,0.5412844036697247,0.4939310568053083,0.5060689431946916,35.8,39.10750868320465,8.120506556772138,0.9849311964411828,0.0150688035588171,1.8928571428571428,1.847457627118644
Alperen Sengun,HOU,ORL,REB,9.5,-128,-103,0.5614035087719298,0.5073891625615764,0.5252688606776097,0.4747311393223902,35.8,14.886479854583738,3.648050281093008,0.9301000548366484,0.0698999451633517,1.78125,1.970873786407767
Amen Thompson,HOU,ORL,AST,5.5,-114,-116,0.5327102803738317,0.5370370370370371,0.4979776735156123,0.5020223264843877,37.8,7.267056700587272,2.588691581243153,0.7525721151674587,0.2474278848325413,1.8771929824561404,1.8620689655172413
Amen Thompson,HOU,ORL,PTS,18.5,-106,-125,0.5145631067961165,0.5555555555555556,0.4808467741935484,0.5191532258064516,37.8,23.39227738380432,7.536854277063639,0.741867642871024,0.258132357128976,1.9433962264150944,1.8
Amen Thompson,HOU,ORL,REB,5.5,-130,-102,0.5652173913043478,0.504950495049505,0.5281576830249397,0.4718423169750604,37.8,5.881093508005142,3.4443191885486297,0.5440507020787035,0.4559492979212964,1.7692307692307692,1.9803921568627452
Anfernee Simons,BOS,LAC,AST,2.5,-162,122,0.6183206106870229,0.4504504504504504,0.5785341998584389,0.421465800141561,24.6,2.98262270539999,1.6797047024767513,0.6130686126079451,0.3869313873920549,1.617283950617284,2.2199999999999998
Anfernee Simons,BOS,LAC,PTS,14.5,-108,-122,0.5192307692307693,0.5495495495495496,0.485816177662506,0.5141838223374939,24.6,16.035399663448334,5.356537905368861,0.6128061253871587,0.3871938746128412,1.925925925925926,1.819672131147541
Anfernee Simons,BOS,LAC,REB,2.5,140,-188,0.4166666666666667,0.6527777777777778,0.3896103896103896,0.6103896103896104,24.6,2.153257293999195,2.2313242544755223,0.4382538899992549,0.561746110000745,2.4,1.5319148936170213
Anthony Black,ORL,@HOU,AST,2.5,-129,-102,0.5633187772925764,0.504950495049505,0.5273190869354056,0.4726809130645945,26.8,1.927972960472107,1.7697847911560975,0.3732649168563532,0.6267350831436468,1.7751937984496124,1.9803921568627452
Anthony Black,ORL,@HOU,PTS,9.5,-120,-106,0.5454545454545454,0.5145631067961165,0.5145711906744379,0.485428809325562,26.8,10.318832790851593,5.270031566803754,0.5617372764150688,0.4382627235849312,1.8333333333333335,1.9433962264150944
Anthony Black,ORL,@HOU,REB,2.5,-138,104,0.5798319327731093,0.4901960784313725,0.5418848167539267,0.4581151832460733,26.8,3.221202674508095,2.4502202480746025,0.6157517006366866,0.3842482993633134,1.7246376811594204,2.04
Ayo Dosunmu,CHI,@UTA,AST,3.5,116,-153,0.4629629629629629,0.6047430830039525,0.4336052649619524,0.5663947350380476,25.2,2.8992865473032,1.7094136468787833,0.3626385469681159,0.6373614530318841,2.16,1.65359477124183
Ayo Dosunmu,CHI,@UTA,PTS,14.5,-114,-114,0.5327102803738317,0.5327102803738317,0.5,0.5,25.2,13.288195824623108,5.210444335745103,0.4080468326431494,0.5919531673568506,1.8771929824561404,1.8771929824561404
Ayo Dosunmu,CHI,@UTA,REB,2.5,-102,-130,0.504950495049505,0.5652173913043478,0.4718423169750604,0.5281576830249397,25.2,2.9766771286726,2.3084501172710743,0.5817968028800149,0.4182031971199851,1.9803921568627452,1.7692307692307692
Bilal Coulibaly,WAS,BKN,AST,3.5,122,-164,0.4504504504504504,0.6212121212121212,0.4203286205578907,0.5796713794421093,31.0,4.13000576198101,2.093257348848863,0.6182809679948684,0.3817190320051316,2.2199999999999998,1.6097560975609757
Bilal Coulibaly,WAS,BKN,PTS,11.5,-104,-128,0.5098039215686274,0.5614035087719298,0.4759152215799614,0.5240847784200385,31.0,12.67129796743393,6.050507439002976,0.576750256352168,0.4232497436478319,1.9615384615384617,1.78125
Bilal Coulibaly,WAS,BKN,REB,4.5,-118,-110,0.5412844036697247,0.5238095238095238,0.5082034454470877,0.4917965545529122,31.0,5.392160877585411,2.8680095251810505,0.6221275097422582,0.3778724902577418,1.847457627118644,1.9090909090909092
Bogdan Bogdanovic,LAC,@BOS,AST,2.5,-173,131,0.6336996336996337,0.4329004329004329,0.5941305026537621,0.4058694973462379,22.2,3.395020008087158,1.580857572357076,0.7143578528249027,0.2856421471750973,1.5780346820809248,2.31
Bogdan Bogdanovic,LAC,@BOS,PTS,8.5,-121,-105,0.5475113122171946,0.5121951219512195,0.5166631951676735,0.4833368048323266,22.2,22.2353618144989,5.91262829304636,0.9899119059817696,0.0100880940182304,1.8264462809917354,1.9523809523809523
Bogdan Bogdanovic,LAC,@BOS,REB,2.5,-171,129,0.6309963099630996,0.4366812227074236,0.5909989586320349,0.4090010413679651,22.2,10.012303984165191,2.7445808052250107,0.9969012115547382,0.0030987884452617,1.5847953216374269,2.29
Brandon Williams,DAL,POR,AST,4.5,-101,-130,0.5024875621890548,0.5652173913043478,0.4706239870340357,0.5293760129659644,26.6,4.680636793375015,1.881972900285647,0.5382328338401878,0.4617671661598121,1.99009900990099,1.7692307692307692
Brandon Williams,DAL,POR,PTS,13.5,-112,-114,0.5283018867924528,0.5327102803738317,0.4979225527671597,0.5020774472328402,26.6,13.442040300369264,5.411906010170206,0.4957275435509169,0.504272456449083,1.8928571428571428,1.8771929824561404
Brandon Williams,DAL,POR,REB,2.5,-148,112,0.5967741935483871,0.4716981132075472,0.5585303332383936,0.4414696667616063,26.6,3.5118183195590973,2.443506990588922,0.6605938804328967,0.3394061195671033,1.6756756756756757,2.12
Brice Sensabaugh,UTA,CHI,PTS,7.5,-129,-104,0.5633187772925764,0.5098039215686274,0.5249341737812177,0.4750658262187824,11.8,7.309124958515167,3.4125211975790264,0.4776972998563227,0.5223027001436773,1.7751937984496124,1.9615384615384617
Brice Sensabaugh,UTA,CHI,REB,2.5,-182,136,0.6453900709219859,0.423728813559322,0.6036653923993704,0.3963346076006296,11.8,2.274791902303696,1.3304266642653937,0.4327901329704495,0.5672098670295505,1.5494505494505495,2.3600000000000003
Brook Lopez,LAC,@BOS,PTS,7.5,-121,-110,0.5475113122171946,0.5238095238095238,0.5110619469026548,0.488938053097345,16.0,5.769558429718018,3.355706639476153,0.3030420050580941,0.6969579949419059,1.8264462809917354,1.9090909090909092
Brook Lopez,LAC,@BOS,REB,2.5,109,-145,0.4784688995215311,0.5918367346938775,0.4470395036949183,0.5529604963050816,16.0,2.0195541381835938,1.526448932217686,0.3764767187157961,0.6235232812842039,2.09,1.6896551724137931
CJ McCollum,WAS,BKN,AST,3.5,110,-145,0.4761904761904761,0.5918367346938775,0.4458598726114649,0.554140127388535,28.8,3.5755054235458377,1.945128869964348,0.515482132440233,0.484517867559767,2.1,1.6896551724137931
CJ McCollum,WAS,BKN,PTS,17.5,-110,-116,0.5238095238095238,0.5370370370370371,0.4937655860349127,0.5062344139650873,28.8,15.126865768432618,5.824054977034495,0.3418309989082773,0.6581690010917227,1.9090909090909092,1.8620689655172413
CJ McCollum,WAS,BKN,REB,3.5,-122,-108,0.5495495495495496,0.5192307692307693,0.5141838223374939,0.485816177662506,28.8,3.4959146261215213,2.626536650199522,0.4993794765003319,0.5006205234996681,1.819672131147541,1.925925925925926
Collin Gillespie,PHX,ATL,AST,4.5,-143,108,0.588477366255144,0.4807692307692308,0.5503663681444749,0.4496336318555252,21.0,4.382879331707954,1.6234123774868603,0.471243359717008,0.528756640282992,1.6993006993006992,2.08
Collin Gillespie,PHX,ATL,PTS,11.5,-118,-112,0.5412844036697247,0.5283018867924528,0.5060689431946916,0.4939310568053083,21.0,10.369005471467972,4.4438451855935694,0.399551529356917,0.6004484706430829,1.847457627118644,1.8928571428571428
Collin Gillespie,PHX,ATL,REB,4.5,122,-162,0.4504504504504504,0.6183206106870229,0.421465800141561,0.5785341998584389,21.0,3.513726532459259,2.005887054955367,0.3114694549575435,0.6885305450424565,2.2199999999999998,1.617283950617284
Cooper Flagg,DAL,POR,AST,3.5,105,-138,0.4878048780487805,0.5798319327731093,0.4569015166058743,0.5430984833941255,33.0,2.7785076275467877,2.176144216560358,0.3701159702416157,0.6298840297583843,2.05,1.7246376811594204
Cooper Flagg,DAL,POR,PTS,16.5,-113,-113,0.5305164319248826,0.5305164319248826,0.5,0.5,33.0,15.52004125714302,6.484336913124187,0.4399377453068956,0.5600622546931043,1.8849557522123894,1.8849557522123894
Cooper Flagg,DAL,POR,REB,6.5,116,-154,0.4629629629629629,0.6062992125984252,0.4329742261011864,0.5670257738988136,33.0,6.436052575707436,3.063863128750527,0.4916740800367949,0.5083259199632051,2.16,1.6493506493506493
D'Angelo Russell,DAL,POR,PTS,14.5,-101,-126,0.5024875621890548,0.5575221238938053,0.4740405382953979,0.5259594617046021,16.8,9.694513607025147,3.969902302262153,0.1130474259978313,0.8869525740021686,1.99009900990099,1.7936507936507935
Daniel Gafford,DAL,POR,PTS,9.5,-136,106,0.576271186440678,0.4854368932038835,0.5427774333539988,0.4572225666460012,21.2,8.798367536067962,4.333710161037631,0.4356918663079481,0.5643081336920519,1.7352941176470589,2.06
Daniel Gafford,DAL,POR,REB,7.5,114,-150,0.4672897196261682,0.6,0.4378283712784588,0.5621716287215411,21.2,6.252132725715637,2.2652791267702965,0.2908624620696367,0.7091375379303633,2.1399999999999997,1.6666666666666665
Day'Ron Sharpe,BKN,@WAS,PTS,6.5,106,-136,0.4854368932038835,0.576271186440678,0.4572225666460012,0.5427774333539988,14.6,6.60254373550415,3.327766317332162,0.5122912952975169,0.487708704702483,2.06,1.7352941176470589
Day'Ron Sharpe,BKN,@WAS,REB,5.5,-118,-112,0.5412844036697247,0.5283018867924528,0.5060689431946916,0.4939310568053083,14.6,4.925995898246765,1.9272251785181211,0.3829127696267382,0.6170872303732617,1.847457627118644,1.8928571428571428
De'Aaron Fox,SAS,SAC,AST,6.5,120,-160,0.4545454545454545,0.6153846153846154,0.4248366013071895,0.5751633986928104,29.0,3.470534898340702,1.9527461440916571,0.0604044770440743,0.9395955229559256,2.2,1.625
De'Aaron Fox,SAS,SAC,PTS,23.5,-105,-122,0.5121951219512195,0.5495495495495496,0.4824089403973509,0.517591059602649,29.0,17.94707155227661,6.017814756858609,0.17806918962417,0.8219308103758299,1.9523809523809523,1.819672131147541
De'Aaron Fox,SAS,SAC,REB,4.5,118,-158,0.4587155963302752,0.6124031007751938,0.4282584157758449,0.571741584224155,29.0,4.775986313819885,2.685096687180239,0.5409329953654111,0.4590670046345889,2.1799999999999997,1.6329113924050633
DeMar DeRozan,SAC,@SAS,AST,2.5,-171,129,0.6309963099630996,0.4366812227074236,0.5909989586320349,0.4090010413679651,28.8,2.257067942619324,1.9026252367160137,0.4492000968500896,0.5507999031499103,1.5847953216374269,2.29
DeMar DeRozan,SAC,@SAS,PTS,18.5,-104,-122,0.5098039215686274,0.5495495495495496,0.4812406203101549,0.5187593796898449,28.8,13.574460697174072,5.742127315954464,0.1955042205008179,0.804495779499182,1.9615384615384617,1.819672131147541
DeMar DeRozan,SAC,@SAS,REB,3.5,134,-180,0.4273504273504273,0.6428571428571429,0.3993154592127781,0.600684540787222,28.8,3.9524487018585206,2.6402675970702822,0.5680315007882573,0.4319684992117427,2.34,1.5555555555555556
Deni Avdija,POR,@DAL,AST,4.5,-114,-114,0.5327102803738317,0.5327102803738317,0.5,0.5,36.0,4.34613561630249,2.396671698294951,0.4744058108488705,0.5255941891511294,1.8771929824561404,1.8771929824561404
Deni Avdija,POR,@DAL,PTS,24.5,-106,-125,0.5145631067961165,0.5555555555555556,0.4808467741935484,0.5191532258064516,36.0,26.253867387771606,7.401165828029658,0.5936606557090965,0.4063393442909034,1.9433962264150944,1.8
Deni Avdija,POR,@DAL,REB,7.5,-108,-122,0.5192307692307693,0.5495495495495496,0.485816177662506,0.5141838223374939,36.0,6.072600066661835,3.297729444841046,0.332564324887462,0.667435675112538,1.925925925925926,1.819672131147541
Dennis Schroder,SAC,@SAS,AST,3.5,-172,128,0.6323529411764706,0.4385964912280701,0.5904601300891351,0.4095398699108648,26.4,3.4684864640235897,1.8042285998273253,0.49303223400197,0.50696776599803,1.5813953488372094,2.2800000000000002
Dennis Schroder,SAC,@SAS,PTS,9.5,101,-129,0.4975124378109453,0.5633187772925764,0.468983595813963,0.5310164041860369,26.4,22.63681240081787,6.114096681690448,0.9841673561459224,0.0158326438540776,2.01,1.7751937984496124
Dennis Schroder,SAC,@SAS,REB,2.5,-128,-102,0.5614035087719298,0.504950495049505,0.5264701091382962,0.4735298908617039,26.4,11.431778240203856,2.9809491408995523,0.9986335531828618,0.0013664468171381,1.78125,1.9803921568627452
Derrick White,BOS,LAC,AST,5.5,122,-161,0.4504504504504504,0.6168582375478927,0.4220432715630154,0.5779567284369846,34.0,7.974417269229889,2.421690456289506,0.8465557605556326,0.1534442394443673,2.2199999999999998,1.62111801242236
Derrick White,BOS,LAC,PTS,17.5,-114,-117,0.5327102803738317,0.5391705069124424,0.4969864995178399,0.5030135004821601,34.0,19.907273650169373,6.821955777962224,0.6379076045835684,0.3620923954164315,1.8771929824561404,1.8547008547008548
Derrick White,BOS,LAC,REB,3.5,-157,118,0.6108949416342413,0.4587155963302752,0.5711377365417348,0.4288622634582652,34.0,4.858493268489838,3.1004419231212474,0.6693652736975908,0.3306347263024092,1.6369426751592355,2.1799999999999997
Desmond Bane,ORL,@HOU,AST,4.5,-143,108,0.588477366255144,0.4807692307692308,0.5503663681444749,0.4496336318555252,32.2,4.930357357859612,2.191639412319044,0.577837056462595,0.422162943537405,1.6993006993006992,2.08
Desmond Bane,ORL,@HOU,PTS,18.5,-112,-118,0.5283018867924528,0.5412844036697247,0.4939310568053083,0.5060689431946916,32.2,14.750489598512653,6.3261012551300775,0.276689373671059,0.7233106263289409,1.8928571428571428,1.847457627118644
Desmond Bane,ORL,@HOU,REB,4.5,116,-158,0.4629629629629629,0.6124031007751938,0.4305166199439327,0.5694833800560672,32.2,4.346109631657601,2.936009074173388,0.4790990853992533,0.5209009146007467,2.16,1.6329113924050633
Devin Booker,PHX,ATL,AST,7.5,120,-160,0.4545454545454545,0.6153846153846154,0.4248366013071895,0.5751633986928104,35.8,7.72246598303318,2.4993906002174486,0.5354622595518048,0.4645377404481952,2.2,1.625
Devin Booker,PHX,ATL,PTS,28.5,-116,-110,0.5370370370370371,0.5238095238095238,0.5062344139650873,0.4937655860349127,35.8,33.26358654499054,7.753809829537202,0.7305093918485184,0.2694906081514816,1.8620689655172413,1.9090909090909092
Devin Booker,PHX,ATL,REB,4.5,134,-180,0.4273504273504273,0.6428571428571429,0.3993154592127781,0.600684540787222,35.8,4.025865100324154,3.237472529321991,0.4417822200285819,0.5582177799714181,2.34,1.5555555555555556
Devin Vassell,SAS,SAC,PTS,14.5,-112,-118,0.5283018867924528,0.5412844036697247,0.4939310568053083,0.5060689431946916,31.8,12.016155856847764,6.1595341701601205,0.3433814442995566,0.6566185557004434,1.8928571428571428,1.847457627118644
Devin Vassell,SAS,SAC,REB,3.5,-128,-103,0.5614035087719298,0.5073891625615764,0.5252688606776097,0.4747311393223902,31.8,3.9365192636847497,2.8920936641209622,0.559986655530568,0.4400133444694319,1.78125,1.970873786407767
Dillon Brooks,PHX,ATL,AST,2.5,145,-192,0.4081632653061224,0.6575342465753424,0.3830010493179434,0.6169989506820567,28.6,2.7492031052708628,1.9042145563576824,0.5520606245013631,0.4479393754986369,2.45,1.5208333333333335
Dillon Brooks,PHX,ATL,PTS,17.5,-102,-130,0.504950495049505,0.5652173913043478,0.4718423169750604,0.5281576830249397,28.6,22.71535258293152,6.307040672247858,0.7958558537723903,0.2041441462276096,1.9803921568627452,1.7692307692307692
Dillon Brooks,PHX,ATL,REB,3.5,129,-171,0.4366812227074236,0.6309963099630996,0.4090010413679651,0.5909989586320349,28.6,2.848736284673214,2.5926638102022865,0.4008317451876495,0.5991682548123505,2.29,1.5847953216374269
Domantas Sabonis,SAC,@SAS,AST,3.5,-125,-106,0.5555555555555556,0.5145631067961165,0.5191532258064516,0.4808467741935484,31.2,3.1685919284820554,2.074424329610658,0.4365354393688705,0.5634645606311295,1.8,1.9433962264150944
Domantas Sabonis,SAC,@SAS,PTS,17.5,-102,-130,0.504950495049505,0.5652173913043478,0.4718423169750604,0.5281576830249397,31.2,16.014173412322997,6.224500368979462,0.4056667195009983,0.5943332804990017,1.9803921568627452,1.7692307692307692
Domantas Sabonis,SAC,@SAS,REB,12.5,104,-138,0.4901960784313725,0.5798319327731093,0.4581151832460733,0.5418848167539267,31.2,8.777517986297607,3.0310881628786315,0.1097045520081689,0.890295447991831,2.04,1.7246376811594204
Donovan Clingan,POR,@DAL,PTS,8.5,-101,-126,0.5024875621890548,0.5575221238938053,0.4740405382953979,0.5259594617046021,24.0,7.367659091949463,4.673137543070887,0.4042705673171755,0.5957294326828245,1.99009900990099,1.7936507936507935
Donovan Clingan,POR,@DAL,REB,8.5,-107,-123,0.5169082125603864,0.5515695067264574,0.4837800575807955,0.5162199424192044,24.0,9.188685894012451,2.682534349677267,0.6013062291305479,0.3986937708694521,1.9345794392523366,1.8130081300813008
Draymond Green,GSW,@NOP,AST,5.5,119,-159,0.45662100456621,0.6138996138996139,0.4265410648704731,0.5734589351295268,26.6,3.751908886432648,1.8293648757504832,0.1696440825219707,0.8303559174780293,2.19,1.6289308176100628
Draymond Green,GSW,@NOP,PTS,8.5,-102,-130,0.504950495049505,0.5652173913043478,0.4718423169750604,0.5281576830249397,26.6,8.296193301677704,5.147808517527388,0.4842096159991869,0.5157903840008131,1.9803921568627452,1.7692307692307692
Draymond Green,GSW,@NOP,REB,5.5,-113,-117,0.5305164319248826,0.5391705069124424,0.4959548561951377,0.5040451438048622,26.6,3.740014192461968,2.451934492743387,0.2364419127298291,0.7635580872701708,1.8849557522123894,1.8547008547008548
Dyson Daniels,ATL,@PHX,AST,5.5,-144,109,0.5901639344262295,0.4784688995215311,0.5522607163828538,0.4477392836171462,34.4,6.342271482944488,2.36847219228125,0.6389366911084711,0.3610633088915289,1.6944444444444444,2.09
Dyson Daniels,ATL,@PHX,PTS,12.5,-128,100,0.5614035087719298,0.5,0.5289256198347108,0.4710743801652893,34.4,8.225439119338988,6.5160301382083885,0.255909834944219,0.744090165055781,1.78125,2.0
Dyson Daniels,ATL,@PHX,REB,5.5,-135,103,0.574468085106383,0.4926108374384236,0.538355760730773,0.4616442392692269,34.4,6.0451131939888,3.1648489725048616,0.5683755250321114,0.4316244749678886,1.7407407407407407,2.0300000000000002
Egor Demin,BKN,@WAS,AST,4.5,-120,-110,0.5454545454545454,0.5238095238095238,0.5101214574898786,0.4898785425101215,22.0,3.1078265011310577,1.5495654839794175,0.1844786246427228,0.8155213753572772,1.8333333333333335,1.9090909090909092
Egor Demin,BKN,@WAS,PTS,8.5,-102,-130,0.504950495049505,0.5652173913043478,0.4718423169750604,0.5281576830249397,22.0,6.797009646892548,4.317068904795866,0.3466139426071435,0.6533860573928565,1.9803921568627452,1.7692307692307692
Egor Demin,BKN,@WAS,REB,3.5,-162,122,0.6183206106870229,0.4504504504504504,0.5785341998584389,0.421465800141561,22.0,2.7492959946393967,2.0370038526324588,0.3562377635383543,0.6437622364616457,1.617283950617284,2.2199999999999998
Franz Wagner,ORL,@HOU,AST,4.5,-130,-101,0.5652173913043478,0.5024875621890548,0.5293760129659644,0.4706239870340357,36.2,3.590434062480927,2.391987041488802,0.35187792750287,0.6481220724971299,1.7692307692307692,1.99009900990099
Franz Wagner,ORL,@HOU,PTS,24.5,-105,-122,0.5121951219512195,0.5495495495495496,0.4824089403973509,0.517591059602649,36.2,21.85087975263596,7.233847194823324,0.3571035165481294,0.6428964834518706,1.9523809523809523,1.819672131147541
Franz Wagner,ORL,@HOU,REB,5.5,-129,-105,0.5633187772925764,0.5121951219512195,0.523767082590612,0.476232917409388,36.2,6.8258550643920906,3.3340442845395875,0.6545639002673649,0.3454360997326351,1.7751937984496124,1.9523809523809523
Harrison Barnes,SAS,SAC,PTS,9.5,-118,-112,0.5412844036697247,0.5283018867924528,0.5060689431946916,0.4939310568053083,29.6,9.855368399620057,5.713595341361987,0.5247970179802899,0.4752029820197101,1.847457627118644,1.8928571428571428
Harrison Barnes,SAS,SAC,REB,3.5,134,-180,0.4273504273504273,0.6428571428571429,0.3993154592127781,0.600684540787222,29.6,3.2654760241508485,2.688384108891509,0.4652419475359933,0.5347580524640067,2.34,1.5555555555555556
Herbert Jones,NOP,GSW,AST,2.5,-148,112,0.5967741935483871,0.4716981132075472,0.5585303332383936,0.4414696667616063,34.4,2.8386495769023896,2.2649866040052857,0.5594263811972424,0.4405736188027576,1.6756756756756757,2.12
Herbert Jones,NOP,GSW,PTS,11.5,-105,-121,0.5121951219512195,0.5475113122171946,0.4833368048323266,0.5166631951676735,34.4,10.717489886283872,6.569805608314642,0.4525952758042554,0.5474047241957446,1.9523809523809523,1.8264462809917354
Herbert Jones,NOP,GSW,REB,3.5,111,-147,0.4739336492890995,0.5951417004048583,0.4433117360949082,0.5566882639050917,34.4,3.958549231290817,3.115303699715114,0.5585099461247927,0.4414900538752073,2.1100000000000003,1.6802721088435373
Isaac Okoro,CHI,@UTA,PTS,6.5,-123,-103,0.5515695067264574,0.5073891625615764,0.520860277858901,0.4791397221410989,25.2,8.652238082885741,4.931867347970238,0.6687246104210055,0.3312753895789945,1.8130081300813008,1.970873786407767
Isaac Okoro,CHI,@UTA,REB,2.5,-102,-130,0.504950495049505,0.5652173913043478,0.4718423169750604,0.5281576830249397,25.2,2.7132908016443253,2.2994156884651784,0.5369523674923413,0.4630476325076587,1.9803921568627452,1.7692307692307692
Isaiah Collier,UTA,CHI,AST,6.5,107,-142,0.4830917874396135,0.5867768595041323,0.4515430831809531,0.548456916819047,22.5,4.479770511388779,1.6860026082234274,0.1154125231089897,0.8845874768910102,2.0700000000000003,1.704225352112676
Isaiah Collier,UTA,CHI,PTS,8.5,-124,-103,0.5535714285714286,0.5073891625615764,0.5217643644805572,0.4782356355194428,22.5,9.872312173247336,4.596594282535612,0.6173582026108219,0.3826417973891781,1.8064516129032258,1.970873786407767
Isaiah Collier,UTA,CHI,REB,3.5,128,-172,0.4385964912280701,0.6323529411764706,0.4095398699108648,0.5904601300891351,22.5,3.435857780277729,2.112659693088341,0.4878896195283917,0.5121103804716083,2.2800000000000002,1.5813953488372094
Ivica Zubac,LAC,@BOS,AST,2.5,128,-169,0.4385964912280701,0.6282527881040892,0.4111138280963443,0.5888861719036558,30.0,1.6529634967446327,1.965686990141419,0.3332664764764823,0.6667335235235177,2.2800000000000002,1.5917159763313609
Ivica Zubac,LAC,@BOS,PTS,17.5,-124,-108,0.5535714285714286,0.5192307692307693,0.5160051216389244,0.4839948783610755,30.0,15.787233710289,6.034049428695279,0.3882625812929317,0.6117374187070683,1.8064516129032258,1.925925925925926
Ivica Zubac,LAC,@BOS,REB,11.5,102,-136,0.495049504950495,0.576271186440678,0.4620927318295739,0.5379072681704261,30.0,10.65711110830307,3.070763000862049,0.391854649830158,0.608145350169842,2.02,1.7352941176470589
Jalen Johnson,ATL,@PHX,AST,6.5,-118,-111,0.5412844036697247,0.5260663507109005,0.5071288903372982,0.4928711096627016,32.0,6.969166278839111,2.2742117009760205,0.581721093363861,0.418278906636139,1.847457627118644,1.900900900900901
Jalen Johnson,ATL,@PHX,PTS,21.5,-102,-130,0.504950495049505,0.5652173913043478,0.4718423169750604,0.5281576830249397,32.0,23.446386337280277,6.733359321903028,0.6137346262782247,0.3862653737217753,1.9803921568627452,1.7692307692307692
Jalen Johnson,ATL,@PHX,REB,8.5,-152,114,0.6031746031746031,0.4672897196261682,0.563470066518847,0.436529933481153,32.0,10.381937980651855,3.1706119790143394,0.7235956751812556,0.2764043248187444,1.6578947368421053,2.1399999999999997
Jalen Smith,CHI,@UTA,PTS,9.5,-107,-120,0.5169082125603864,0.5454545454545454,0.486564696155436,0.5134353038445638,18.0,10.607726812362673,4.180334415396861,0.6044895740964428,0.3955104259035572,1.9345794392523366,1.8333333333333335
Jalen Smith,CHI,@UTA,REB,5.5,-129,-104,0.5633187772925764,0.5098039215686274,0.5249341737812177,0.4750658262187824,18.0,5.924863994121552,2.12237859200857,0.5793312469138834,0.4206687530861166,1.7751937984496124,1.9615384615384617
Jalen Suggs,ORL,@HOU,AST,3.5,-160,121,0.6153846153846154,0.4524886877828054,0.576271186440678,0.423728813559322,23.0,3.184755712747574,1.6055743693347977,0.4221706101474156,0.5778293898525844,1.625,2.21
Jalen Suggs,ORL,@HOU,PTS,13.5,-103,-124,0.5073891625615764,0.5535714285714286,0.4782356355194428,0.5217643644805572,23.0,12.214922428131104,4.848183524225365,0.3954801866757736,0.6045198133242263,1.970873786407767,1.8064516129032258
Jalen Suggs,ORL,@HOU,REB,3.5,118,-155,0.4587155963302752,0.6078431372549019,0.4300893911283522,0.5699106088716478,23.0,3.720950961112976,2.166972055188294,0.5406069762199042,0.4593930237800958,2.1799999999999997,1.6451612903225805
James Harden,LAC,@BOS,AST,9.5,-103,-128,0.5073891625615764,0.5614035087719298,0.4747311393223902,0.5252688606776097,35.8,7.566741082072258,2.4928263976753717,0.2190135971384237,0.7809864028615763,1.970873786407767,1.78125
James Harden,LAC,@BOS,PTS,24.5,-109,-117,0.5215311004784688,0.5391705069124424,0.4916850288945246,0.5083149711054754,35.8,26.389631199836728,7.380904208006576,0.6010308437991259,0.3989691562008741,1.9174311926605505,1.8547008547008548
James Harden,LAC,@BOS,REB,6.5,112,-150,0.4716981132075472,0.6,0.4401408450704225,0.5598591549295775,35.8,7.684832936525344,3.3273091968606825,0.6391147004510589,0.3608852995489411,2.12,1.6666666666666665
Jaylen Brown,BOS,LAC,AST,4.5,-103,-128,0.5073891625615764,0.5614035087719298,0.4747311393223902,0.5252688606776097,33.8,6.244436362385749,2.332140365920974,0.7727693223125376,0.2272306776874624,1.970873786407767,1.78125
Jaylen Brown,BOS,LAC,PTS,26.5,-111,-115,0.5260663507109005,0.5348837209302325,0.4958445875753168,0.5041554124246831,33.8,30.02441917657852,7.344111513712161,0.68434978407981,0.31565021592019,1.900900900900901,1.8695652173913042
Jaylen Brown,BOS,LAC,REB,5.5,-122,-109,0.5495495495495496,0.5215311004784688,0.5130795235028978,0.4869204764971024,33.8,5.218983110785484,3.0926647740760056,0.4637996858675202,0.5362003141324798,1.819672131147541,1.9174311926605505
Jerami Grant,POR,@DAL,PTS,15.5,-102,-130,0.504950495049505,0.5652173913043478,0.4718423169750604,0.5281576830249397,25.0,14.962196350097656,5.311364473583123,0.4596739110492566,0.5403260889507434,1.9803921568627452,1.7692307692307692
Jerami Grant,POR,@DAL,REB,3.5,132,-176,0.4310344827586206,0.6376811594202898,0.4033200841711479,0.5966799158288519,25.0,3.240768238902092,2.3019294762536173,0.455167900839256,0.5448320991607439,2.3200000000000003,1.5681818181818183
Jeremiah Fears,NOP,GSW,AST,3.5,110,-145,0.4761904761904761,0.5918367346938775,0.4458598726114649,0.554140127388535,26.0,2.70085509121418,1.7471015450623495,0.3236875327149525,0.6763124672850475,2.1,1.6896551724137931
Jeremiah Fears,NOP,GSW,PTS,14.5,-114,-112,0.5327102803738317,0.5283018867924528,0.5020774472328402,0.4979225527671597,26.0,12.482022881507874,5.26727020896,0.3508167640144652,0.6491832359855347,1.8771929824561404,1.8928571428571428
Jeremiah Fears,NOP,GSW,REB,3.5,110,-144,0.4761904761904761,0.5901639344262295,0.4465592972181552,0.5534407027818449,26.0,3.493611454963684,2.3935640176032646,0.4989352038715259,0.5010647961284741,2.1,1.6944444444444444
John Collins,LAC,@BOS,PTS,13.5,-123,-103,0.5515695067264574,0.5073891625615764,0.520860277858901,0.4791397221410989,25.6,12.297032165527344,5.1986371395293824,0.4085017934723876,0.5914982065276124,1.8130081300813008,1.970873786407767
John Collins,LAC,@BOS,REB,5.5,102,-136,0.495049504950495,0.576271186440678,0.4620927318295739,0.5379072681704261,25.6,4.900410461425782,2.4273086605335927,0.4024470499312703,0.5975529500687297,2.02,1.7352941176470589
Jordan Walsh,BOS,LAC,PTS,6.5,-120,-110,0.5454545454545454,0.5238095238095238,0.5101214574898786,0.4898785425101215,23.4,8.711792081594467,4.650231387944559,0.6828311942208587,0.3171688057791413,1.8333333333333335,1.9090909090909092
Jordan Walsh,BOS,LAC,REB,5.5,-113,-118,0.5305164319248826,0.5412844036697247,0.4949766918501849,0.5050233081498151,23.4,5.775482761859894,2.3360697816912404,0.5469367517177293,0.4530632482822707,1.8849557522123894,1.847457627118644
Josh Giddey,CHI,@UTA,AST,9.5,110,-145,0.4761904761904761,0.5918367346938775,0.4458598726114649,0.554140127388535,35.8,8.935636013746262,2.554428265996165,0.4125713124178259,0.587428687582174,2.1,1.6896551724137931
Josh Giddey,CHI,@UTA,PTS,21.5,-110,-116,0.5238095238095238,0.5370370370370371,0.4937655860349127,0.5062344139650873,35.8,23.647642993927,7.251851972867562,0.6164426046938387,0.3835573953061613,1.9090909090909092,1.8620689655172413
Josh Giddey,CHI,@UTA,REB,8.5,-114,-114,0.5327102803738317,0.5327102803738317,0.5,0.5,35.8,8.998698639869689,3.372340991968217,0.558780895708126,0.441219104291874,1.8771929824561404,1.8771929824561404
Josh Okogie,HOU,ORL,PTS,7.5,-130,-102,0.5652173913043478,0.504950495049505,0.5281576830249397,0.4718423169750604,23.4,10.071029072999954,4.7378399371026285,0.7063175207315925,0.2936824792684075,1.7692307692307692,1.9803921568627452
Josh Okogie,HOU,ORL,REB,3.5,142,-192,0.4132231404958678,0.6575342465753424,0.3859166842884331,0.6140833157115669,23.4,2.90043830126524,2.1572310764491616,0.3905326083612516,0.6094673916387484,2.42,1.5208333333333335
Jrue Holiday,POR,@DAL,AST,7.5,-118,-112,0.5412844036697247,0.5283018867924528,0.5060689431946916,0.4939310568053083,35.8,8.52579616010189,2.5350751443489554,0.6571294104590361,0.3428705895409639,1.847457627118644,1.8928571428571428
Jrue Holiday,POR,@DAL,PTS,16.5,-102,-130,0.504950495049505,0.5652173913043478,0.4718423169750604,0.5281576830249397,35.8,17.674265736341475,7.013705530005762,0.5664819527596316,0.4335180472403683,1.9803921568627452,1.7692307692307692
Jrue Holiday,POR,@DAL,REB,5.5,119,-159,0.45662100456621,0.6138996138996139,0.4265410648704731,0.5734589351295268,35.8,5.795556911826133,3.2742101729383037,0.5359629373317198,0.4640370626682801,2.19,1.6289308176100628
Julian Champagnie,SAS,SAC,PTS,7.5,-124,-103,0.5535714285714286,0.5073891625615764,0.5217643644805572,0.4782356355194428,26.4,8.83881139755249,5.137126065000134,0.6028052360585727,0.3971947639414273,1.8064516129032258,1.970873786407767
Julian Champagnie,SAS,SAC,REB,3.5,-125,-107,0.5555555555555556,0.5169082125603864,0.5180180180180181,0.481981981981982,26.4,4.061684954166412,2.448665360522272,0.5907148120594954,0.4092851879405046,1.8,1.9345794392523366
Jusuf Nurkic,UTA,CHI,AST,3.5,-114,-114,0.5327102803738317,0.5327102803738317,0.5,0.5,27.8,4.363339576125145,1.925244519102526,0.6730789604684322,0.3269210395315678,1.8771929824561404,1.8771929824561404
Jusuf Nurkic,UTA,CHI,PTS,10.5,-119,-107,0.54337899543379,0.5169082125603864,0.512482836100362,0.487517163899638,27.8,27.89325315952301,6.695458375172994,0.9953084181984218,0.0046915818015782,1.8403361344537816,1.9345794392523366
Jusuf Nurkic,UTA,CHI,REB,10.5,-114,-114,0.5327102803738317,0.5327102803738317,0.5,0.5,27.8,12.725687575340272,3.1435794331886986,0.7605306640025662,0.2394693359974338,1.8771929824561404,1.8771929824561404
Keldon Johnson,SAS,SAC,PTS,9.5,-108,-122,0.5192307692307693,0.5495495495495496,0.485816177662506,0.5141838223374939,22.8,9.802228045463565,4.633479365881018,0.5260033754593978,0.4739966245406022,1.925925925925926,1.819672131147541
Keldon Johnson,SAS,SAC,REB,4.5,-136,102,0.576271186440678,0.495049504950495,0.5379072681704261,0.4620927318295739,22.8,6.151055574417114,2.33337794535502,0.760397475240401,0.2396025247595989,1.7352941176470589,2.02
Kevin Durant,HOU,ORL,AST,3.5,-126,-105,0.5575221238938053,0.5121951219512195,0.521186440677966,0.4788135593220339,35.4,4.862617027759552,2.3745315562634497,0.7169642181823436,0.2830357818176564,1.7936507936507935,1.9523809523809523
Kevin Durant,HOU,ORL,PTS,25.5,-112,-118,0.5283018867924528,0.5412844036697247,0.4939310568053083,0.5060689431946916,35.4,28.485772919654845,7.437550993878326,0.6559539983594793,0.3440460016405207,1.8928571428571428,1.847457627118644
Kevin Durant,HOU,ORL,REB,4.5,106,-141,0.4854368932038835,0.5850622406639004,0.4534678056674068,0.5465321943325933,35.4,4.848008412122726,3.2188572664671806,0.5430479695767321,0.4569520304232679,2.06,1.7092198581560285
Kevin Huerter,CHI,@UTA,AST,2.5,-162,120,0.6183206106870229,0.4545454545454545,0.5763260025873221,0.4236739974126778,26.2,2.795105555653572,1.7626628931689077,0.5664803244251924,0.4335196755748076,1.617283950617284,2.2
Kevin Huerter,CHI,@UTA,PTS,14.5,100,-132,0.5,0.5689655172413793,0.4677419354838709,0.532258064516129,26.2,14.333974909782407,5.415181621924186,0.4877706681679356,0.5122293318320644,2.0,1.7575757575757576
Kevin Huerter,CHI,@UTA,REB,3.5,-148,111,0.5967741935483871,0.4739336492890995,0.5573641750553295,0.4426358249446706,26.2,3.863813877105713,2.4244297961626065,0.559642002403805,0.440357997596195,1.6756756756756757,2.1100000000000003
Keyonte George,UTA,CHI,AST,6.5,112,-148,0.4716981132075472,0.5967741935483871,0.4414696667616063,0.5585303332383936,32.4,5.011863702535629,2.206016868655892,0.2499711144386535,0.7500288855613465,2.12,1.6756756756756757
Keyonte George,UTA,CHI,PTS,20.5,-110,-116,0.5238095238095238,0.5370370370370371,0.4937655860349127,0.5062344139650873,32.4,20.72226490974426,6.632209282130891,0.5133672311890449,0.4866327688109551,1.9090909090909092,1.8620689655172413
Keyonte George,UTA,CHI,REB,3.5,-144,108,0.5901639344262295,0.4807692307692308,0.5510744774801295,0.4489255225198704,32.4,4.013041600584984,2.944965228366011,0.5691496809238159,0.4308503190761841,1.6944444444444444,2.08
Khris Middleton,WAS,BKN,AST,2.5,-128,-104,0.5614035087719298,0.5098039215686274,0.5240847784200385,0.4759152215799614,23.8,2.0424230083823205,1.589991136794236,0.3867553248893579,0.6132446751106421,1.78125,1.9615384615384617
Khris Middleton,WAS,BKN,PTS,8.5,-125,-106,0.5555555555555556,0.5145631067961165,0.5191532258064516,0.4808467741935484,23.8,8.40330268740654,4.694683372556689,0.4917834887142895,0.5082165112857104,1.8,1.9433962264150944
Khris Middleton,WAS,BKN,REB,3.5,-136,102,0.576271186440678,0.495049504950495,0.5379072681704261,0.4620927318295739,23.8,3.73677106499672,2.229034038287532,0.5422966447611393,0.4577033552388607,1.7352941176470589,2.02
Klay Thompson,DAL,POR,PTS,10.5,-110,-120,0.5238095238095238,0.5454545454545454,0.4898785425101215,0.5101214574898786,20.8,8.220893001556396,4.232001870538599,0.295101764669605,0.704898235330395,1.9090909090909092,1.8333333333333335
Kris Dunn,LAC,@BOS,AST,2.5,108,-144,0.4807692307692308,0.5901639344262295,0.4489255225198704,0.5510744774801295,27.8,2.119471672177315,1.836992741011944,0.4179473602183901,0.5820526397816099,2.08,1.6944444444444444
Kris Dunn,LAC,@BOS,PTS,7.5,-114,-114,0.5327102803738317,0.5327102803738317,0.5,0.5,27.8,8.151702785491944,5.346713167966866,0.5485063336792825,0.4514936663207175,1.8771929824561404,1.8771929824561404
Kris Dunn,LAC,@BOS,REB,2.5,102,-136,0.495049504950495,0.576271186440678,0.4620927318295739,0.5379072681704261,27.8,2.706930288672447,2.520516613442234,0.5327157526912321,0.4672842473087679,2.02,1.7352941176470589
Kristaps Porzingis,ATL,@PHX,AST,2.5,-148,112,0.5967741935483871,0.4716981132075472,0.5585303332383936,0.4414696667616063,26.6,4.998385533690453,1.9022345839060408,0.9054750718707524,0.0945249281292477,1.6756756756756757,2.12
Kristaps Porzingis,ATL,@PHX,PTS,16.5,-122,-109,0.5495495495495496,0.5215311004784688,0.5130795235028978,0.4869204764971024,26.6,32.59278852939606,7.160147248760202,0.9876975486796918,0.0123024513203081,1.819672131147541,1.9174311926605505
Kristaps Porzingis,ATL,@PHX,REB,5.5,-109,-122,0.5215311004784688,0.5495495495495496,0.4869204764971024,0.5130795235028978,26.6,11.129932808876038,2.9583044786695423,0.9714858884200666,0.0285141115799334,1.9174311926605505,1.819672131147541
Kyle Filipowski,UTA,CHI,PTS,8.5,-104,-128,0.5098039215686274,0.5614035087719298,0.4759152215799614,0.5240847784200385,21.4,8.194961160421371,4.316015145306494,0.4718277970203711,0.5281722029796289,1.9615384615384617,1.78125
Kyle Filipowski,UTA,CHI,REB,5.5,-120,-109,0.5454545454545454,0.5215311004784688,0.5112107623318386,0.4887892376681614,21.4,5.175234839320183,2.1672853145550417,0.4404419431990575,0.5595580568009425,1.8333333333333335,1.9174311926605505
Kyshawn George,WAS,BKN,AST,3.5,-155,117,0.6078431372549019,0.4608294930875576,0.5687832924663905,0.4312167075336096,28.0,3.428412914276123,1.893072412862952,0.4849174759928711,0.5150825240071288,1.6451612903225805,2.17
Kyshawn George,WAS,BKN,PTS,13.5,-111,-115,0.5260663507109005,0.5348837209302325,0.4958445875753168,0.5041554124246831,28.0,14.576092958450316,5.678198051657666,0.5751546585762737,0.4248453414237263,1.900900900900901,1.8695652173913042
Kyshawn George,WAS,BKN,REB,5.5,-125,-105,0.5555555555555556,0.5121951219512195,0.5203045685279188,0.4796954314720812,28.0,4.404535472393036,2.590671239853031,0.3362024659544027,0.6637975340455973,1.8,1.9523809523809523
Lauri Markkanen,UTA,CHI,AST,1.5,-124,-106,0.5535714285714286,0.5145631067961165,0.5182600227235838,0.4817399772764161,33.6,2.64735506772995,2.211162339200876,0.6980820692188873,0.3019179307811127,1.8064516129032258,1.9433962264150944
Lauri Markkanen,UTA,CHI,PTS,27.5,-102,-130,0.504950495049505,0.5652173913043478,0.4718423169750604,0.5281576830249397,33.6,26.41268463134766,7.102469032296193,0.4391637405671396,0.5608362594328604,1.9803921568627452,1.7692307692307692
Lauri Markkanen,UTA,CHI,REB,5.5,-138,104,0.5798319327731093,0.4901960784313725,0.5418848167539267,0.4581151832460733,33.6,5.948561882972718,3.096612729891288,0.5575875826371075,0.4424124173628925,1.7246376811594204,2.04
Luke Kennard,ATL,@PHX,AST,2.5,130,-174,0.4347826086956521,0.635036496350365,0.4064075941857016,0.5935924058142985,24.0,1.759683609008789,1.5916872462900231,0.32092482735725,0.67907517264275,2.3,1.5747126436781609
Luke Kennard,ATL,@PHX,PTS,7.5,-126,-101,0.5575221238938053,0.5024875621890548,0.5259594617046021,0.4740405382953979,24.0,10.48789930343628,4.852261800640062,0.7309783351405976,0.2690216648594024,1.7936507936507935,1.99009900990099
Luke Kennard,ATL,@PHX,REB,2.5,-113,-118,0.5305164319248826,0.5412844036697247,0.4949766918501849,0.5050233081498151,24.0,2.612465500831604,2.195285173492582,0.5204290656603053,0.4795709343396946,1.8849557522123894,1.847457627118644
Malik Monk,SAC,@SAS,AST,2.5,-102,-130,0.504950495049505,0.5652173913043478,0.4718423169750604,0.5281576830249397,25.0,2.299133688211441,1.671910439511957,0.4521854145128142,0.5478145854871858,1.9803921568627452,1.7692307692307692
Malik Monk,SAC,@SAS,PTS,11.5,-122,-108,0.5495495495495496,0.5192307692307693,0.5141838223374939,0.485816177662506,25.0,12.01392188668251,5.095670064119003,0.5401670677842503,0.4598329322157497,1.819672131147541,1.925925925925926
Mark Williams,PHX,ATL,PTS,12.5,-130,-103,0.5652173913043478,0.5073891625615764,0.5269568690095846,0.4730431309904154,25.8,11.664542376995088,5.188585432558339,0.4360394620283124,0.5639605379716875,1.7692307692307692,1.970873786407767
Mark Williams,PHX,ATL,REB,8.5,-138,105,0.5798319327731093,0.4878048780487805,0.5430984833941255,0.4569015166058743,25.8,8.856442219018936,2.721464094156928,0.5521022340104758,0.4478977659895242,1.7246376811594204,2.05
Matas Buzelis,CHI,@UTA,PTS,14.5,-114,-114,0.5327102803738317,0.5327102803738317,0.5,0.5,28.0,13.60503101348877,5.623718234777116,0.4367785540114397,0.5632214459885603,1.8771929824561404,1.8771929824561404
Matas Buzelis,CHI,@UTA,REB,4.5,-150,113,0.6,0.4694835680751174,0.5610184372256365,0.4389815627743635,28.0,5.3099876046180725,2.628590553229172,0.6210140817969947,0.3789859182030053,1.6666666666666665,2.13
Max Christie,DAL,POR,AST,2.5,108,-144,0.4807692307692308,0.5901639344262295,0.4489255225198704,0.5510744774801295,30.0,2.234402596950531,1.9769235106796297,0.4465633627444508,0.5534366372555491,2.08,1.6944444444444444
Max Christie,DAL,POR,PTS,10.5,-117,-109,0.5391705069124424,0.5215311004784688,0.5083149711054754,0.4916850288945246,30.0,10.403999090194702,5.800541286101871,0.4933976724527981,0.5066023275472019,1.8547008547008548,1.9174311926605505
Max Christie,DAL,POR,REB,3.5,-109,-121,0.5215311004784688,0.5475113122171946,0.4878488395641783,0.5121511604358217,30.0,3.785140067338944,2.735753890893296,0.5415054898950706,0.4584945101049293,1.9174311926605505,1.8264462809917354
Moses Moody,GSW,@NOP,PTS,11.5,-126,-101,0.5575221238938053,0.5024875621890548,0.5259594617046021,0.4740405382953979,25.4,11.88386840224266,5.143902507160544,0.5297438205439933,0.4702561794560067,1.7936507936507935,1.99009900990099
Moses Moody,GSW,@NOP,REB,3.5,134,-180,0.4273504273504273,0.6428571428571429,0.3993154592127781,0.600684540787222,25.4,2.6911606043577194,2.315563499154407,0.363429931444482,0.636570068555518,2.34,1.5555555555555556
Naji Marshall,DAL,POR,AST,2.5,-133,101,0.5708154506437768,0.4975124378109453,0.5343073571442848,0.4656926428557152,26.6,1.8907559230923652,1.7563475042777026,0.3643402540479785,0.6356597459520215,1.7518796992481203,2.01
Naji Marshall,DAL,POR,PTS,11.5,-109,-122,0.5215311004784688,0.5495495495495496,0.4869204764971024,0.5130795235028978,26.6,10.524943202733994,5.248401442178239,0.4263079888175903,0.5736920111824096,1.9174311926605505,1.819672131147541
Naji Marshall,DAL,POR,REB,4.5,-145,109,0.5918367346938775,0.4784688995215311,0.5529604963050816,0.4470395036949183,26.6,4.65990818142891,2.490908188482456,0.5255932128020959,0.4744067871979041,1.6896551724137931,2.09
Neemias Queta,BOS,LAC,PTS,7.5,-128,-104,0.5614035087719298,0.5098039215686274,0.5240847784200385,0.4759152215799614,27.0,12.248589366674423,5.400492824859668,0.8103774714012391,0.1896225285987609,1.78125,1.9615384615384617
Neemias Queta,BOS,LAC,REB,7.5,-132,100,0.5689655172413793,0.5,0.532258064516129,0.4677419354838709,27.0,8.724017053842545,2.7706497736199367,0.6706757149585071,0.3293242850414929,1.7575757575757576,2.0
Nic Claxton,BKN,@WAS,AST,3.5,-136,102,0.576271186440678,0.495049504950495,0.5379072681704261,0.4620927318295739,30.4,3.4182257533073424,2.0336382376031934,0.4839625285751116,0.5160374714248884,1.7352941176470589,2.02
Nic Claxton,BKN,@WAS,PTS,15.5,-117,-109,0.5391705069124424,0.5215311004784688,0.5083149711054754,0.4916850288945246,30.4,13.973611259460448,6.008165782862971,0.3997275508019711,0.6002724491980289,1.8547008547008548,1.9174311926605505
Nic Claxton,BKN,@WAS,REB,8.5,-104,-128,0.5098039215686274,0.5614035087719298,0.4759152215799614,0.5240847784200385,30.4,8.7302921295166,2.975185449576628,0.5308490375787247,0.4691509624212753,1.9615384615384617,1.78125
Nickeil Alexander-Walker,ATL,@PHX,AST,3.5,114,-151,0.4672897196261682,0.601593625498008,0.4371756017696032,0.5628243982303968,30.0,3.9711347222328186,2.029645963153561,0.5917801393149333,0.4082198606850666,2.1399999999999997,1.6622516556291391
Nickeil Alexander-Walker,ATL,@PHX,PTS,16.5,-122,-104,0.5495495495495496,0.5098039215686274,0.5187593796898449,0.4812406203101549,30.0,19.958817958831787,6.271559535287325,0.7093574056067906,0.2906425943932094,1.819672131147541,1.9615384615384617
Nickeil Alexander-Walker,ATL,@PHX,REB,3.5,122,-162,0.4504504504504504,0.6183206106870229,0.421465800141561,0.5785341998584389,30.0,2.995744049549103,2.716511440855206,0.4263689162786228,0.5736310837213772,2.2199999999999998,1.617283950617284
Nikola Vucevic,CHI,@UTA,AST,3.5,-104,-126,0.5098039215686274,0.5575221238938053,0.4776459112339457,0.5223540887660543,30.4,4.569632220268249,2.076352179986762,0.6967757954440149,0.3032242045559851,1.9615384615384617,1.7936507936507935
Nikola Vucevic,CHI,@UTA,PTS,18.5,-114,-112,0.5327102803738317,0.5283018867924528,0.5020774472328402,0.4979225527671597,30.4,28.04270668029785,6.883410618758263,0.9171775414370138,0.0828224585629862,1.8771929824561404,1.8928571428571428
Nikola Vucevic,CHI,@UTA,REB,10.5,108,-142,0.4807692307692308,0.5867768595041323,0.4503498585678129,0.5496501414321869,30.4,12.631393432617188,3.2314666542714745,0.7452365813062194,0.2547634186937806,2.08,1.704225352112676
Noah Clowney,BKN,@WAS,AST,1.5,-154,116,0.6062992125984252,0.4629629629629629,0.5670257738988136,0.4329742261011864,30.0,2.300250604748726,1.978403164956685,0.6570749571950697,0.3429250428049303,1.6493506493506493,2.16
Noah Clowney,BKN,@WAS,PTS,13.5,100,-132,0.5,0.5689655172413793,0.4677419354838709,0.532258064516129,30.0,10.00310093164444,5.786702706552874,0.2728224120167647,0.7271775879832353,2.0,1.7575757575757576
Noah Clowney,BKN,@WAS,REB,4.5,-120,-110,0.5454545454545454,0.5238095238095238,0.5101214574898786,0.4898785425101215,30.0,3.94857868552208,2.740277998559588,0.4202600560010544,0.5797399439989456,1.8333333333333335,1.9090909090909092
Onyeka Okongwu,ATL,@PHX,AST,2.5,146,-198,0.4065040650406504,0.6644295302013423,0.3795791511693075,0.6204208488306925,26.4,2.2480128049850463,1.7546104076672795,0.4429025128281751,0.5570974871718248,2.46,1.5050505050505052
Onyeka Okongwu,ATL,@PHX,PTS,12.5,-108,-122,0.5192307692307693,0.5495495495495496,0.485816177662506,0.5141838223374939,26.4,15.57772707939148,5.527620018010818,0.7111647596540104,0.2888352403459896,1.925925925925926,1.819672131147541
Onyeka Okongwu,ATL,@PHX,REB,7.5,120,-160,0.4545454545454545,0.6153846153846154,0.4248366013071895,0.5751633986928104,26.4,7.107450342178344,2.618581504102387,0.4404180965565869,0.5595819034434131,2.2,1.625
P.J. Washington,DAL,POR,AST,2.5,128,-169,0.4385964912280701,0.6282527881040892,0.4111138280963443,0.5888861719036558,31.6,2.568872511386872,2.0842808638211205,0.5131801610249109,0.486819838975089,2.2800000000000002,1.5917159763313609
P.J. Washington,DAL,POR,PTS,15.5,-109,-122,0.5215311004784688,0.5495495495495496,0.4869204764971024,0.5130795235028978,31.6,15.564011669158935,6.265482215595388,0.5040757464701013,0.4959242535298986,1.9174311926605505,1.819672131147541
P.J. Washington,DAL,POR,REB,6.5,-123,-107,0.5515695067264574,0.5169082125603864,0.5162199424192044,0.4837800575807955,31.6,7.134418535232545,2.98187376557585,0.5842422731793799,0.41575772682062,1.8130081300813008,1.9345794392523366
Payton Pritchard,BOS,LAC,AST,4.5,-127,-104,0.5594713656387665,0.5098039215686274,0.5232248162210195,0.4767751837789805,31.0,5.544116109609604,2.1524032684417973,0.6861948691733144,0.3138051308266856,1.7874015748031495,1.9615384615384617
Payton Pritchard,BOS,LAC,PTS,16.5,-102,-130,0.504950495049505,0.5652173913043478,0.4718423169750604,0.5281576830249397,31.0,18.02812767028809,6.295021354306022,0.595901155793114,0.404098844206886,1.9803921568627452,1.7692307692307692
Payton Pritchard,BOS,LAC,REB,3.5,-150,114,0.6,0.4672897196261682,0.5621716287215411,0.4378283712784588,31.0,3.6905872970819473,2.818118018600292,0.5269596272983312,0.4730403727016687,1.6666666666666665,2.1399999999999997
Precious Achiuwa,SAC,@SAS,PTS,5.5,-103,-123,0.5073891625615764,0.5515695067264574,0.4791397221410989,0.520860277858901,18.6,5.944593000411988,3.730943905897744,0.5474271590725946,0.4525728409274053,1.970873786407767,1.8130081300813008
Precious Achiuwa,SAC,@SAS,REB,3.5,-150,114,0.6,0.4672897196261682,0.5621716287215411,0.4378283712784588,18.6,4.899208188056946,1.9982187634277893,0.7581074515874304,0.2418925484125695,1.6666666666666665,2.1399999999999997
Reed Sheppard,HOU,ORL,AST,2.5,-176,132,0.6376811594202898,0.4310344827586206,0.5966799158288519,0.4033200841711479,22.8,3.5881892502307893,1.6241208876608892,0.7485766500732522,0.2514233499267477,1.5681818181818183,2.3200000000000003
Reed Sheppard,HOU,ORL,PTS,11.5,-121,-106,0.5475113122171946,0.5145631067961165,0.5155112508272668,0.4844887491727332,22.8,13.996940517425536,4.985653124024214,0.6917529111130994,0.3082470888869005,1.8264462809917354,1.9433962264150944
Reed Sheppard,HOU,ORL,REB,2.5,116,-154,0.4629629629629629,0.6062992125984252,0.4329742261011864,0.5670257738988136,22.8,2.845695412158966,2.106075634950934,0.5651903102950632,0.4348096897049368,2.16,1.6493506493506493
Royce O'Neale,PHX,ATL,AST,2.5,-173,129,0.6336996336996337,0.4366812227074236,0.5920319201398747,0.4079680798601252,27.2,3.378862190246582,1.8451298221125456,0.6830748512465088,0.3169251487534912,1.5780346820809248,2.29
Royce O'Neale,PHX,ATL,PTS,10.5,-126,-101,0.5575221238938053,0.5024875621890548,0.5259594617046021,0.4740405382953979,27.2,13.443410301208496,5.497612784763606,0.7038126265865453,0.2961873734134547,1.7936507936507935,1.99009900990099
Royce O'Neale,PHX,ATL,REB,4.5,-146,111,0.5934959349593496,0.4739336492890995,0.5560047648269141,0.4439952351730859,27.2,4.594039416313171,2.5347261506297487,0.5147975332405841,0.4852024667594159,1.6849315068493151,2.1100000000000003
Russell Westbrook,SAC,@SAS,AST,7.5,100,-132,0.5,0.5689655172413793,0.4677419354838709,0.532258064516129,27.8,6.352907532453537,2.0477327599373703,0.287679411145016,0.712320588854984,2.0,1.7575757575757576
Russell Westbrook,SAC,@SAS,PTS,15.5,-114,-114,0.5327102803738317,0.5327102803738317,0.5,0.5,27.8,14.280220627784727,5.632511259297511,0.4142754415016276,0.5857245584983723,1.8771929824561404,1.8771929824561404
Russell Westbrook,SAC,@SAS,REB,7.5,-106,-127,0.5145631067961165,0.5594713656387665,0.4790936604014018,0.5209063395985983,27.8,5.932370215654373,2.6436778189201164,0.2765995834397636,0.7234004165602363,1.9433962264150944,1.7874015748031495
Ryan Dunn,PHX,ATL,PTS,8.5,-110,-120,0.5238095238095238,0.5454545454545454,0.4898785425101215,0.5101214574898786,24.8,10.003662300109864,4.941001435737584,0.6195592359439281,0.3804407640560718,1.9090909090909092,1.8333333333333335
Ryan Dunn,PHX,ATL,REB,4.5,-133,101,0.5708154506437768,0.4975124378109453,0.5343073571442848,0.4656926428557152,24.8,4.476189005374908,2.344652825965616,0.4959486329442103,0.5040513670557897,1.7518796992481203,2.01
Sam Hauser,BOS,LAC,PTS,6.5,-110,-120,0.5238095238095238,0.5454545454545454,0.4898785425101215,0.5101214574898786,21.8,8.315745079517365,4.383289287605432,0.6606517708574278,0.3393482291425722,1.9090909090909092,1.8333333333333335
Sam Hauser,BOS,LAC,REB,2.5,-162,121,0.6183206106870229,0.4524886877828054,0.5774329860327087,0.4225670139672914,21.8,3.3996423214674,2.0573724073755093,0.6690448844288946,0.3309551155711053,1.617283950617284,2.21
Shaedon Sharpe,POR,@DAL,AST,2.5,141,-187,0.4149377593360996,0.6515679442508711,0.3890628600864885,0.6109371399135114,27.6,2.468188539147377,1.8347125287941148,0.4930832211110751,0.5069167788889248,2.41,1.53475935828877
Shaedon Sharpe,POR,@DAL,PTS,20.5,-130,-102,0.5652173913043478,0.504950495049505,0.5281576830249397,0.4718423169750604,27.6,20.096293759346008,6.002889751790748,0.4731905510811391,0.5268094489188608,1.7692307692307692,1.9803921568627452
Shaedon Sharpe,POR,@DAL,REB,5.5,122,-162,0.4504504504504504,0.6183206106870229,0.421465800141561,0.5785341998584389,27.6,4.9258608520030975,2.58049473305759,0.4119654933016751,0.5880345066983249,2.2199999999999998,1.617283950617284
Stephen Curry,GSW,@NOP,AST,4.5,108,-143,0.4807692307692308,0.588477366255144,0.4496336318555252,0.5503663681444749,30.4,3.782652997970581,2.045916449226682,0.3629352990735132,0.6370647009264868,2.08,1.6993006993006992
Stephen Curry,GSW,@NOP,PTS,27.5,-122,-109,0.5495495495495496,0.5215311004784688,0.5130795235028978,0.4869204764971024,30.4,30.816828155517577,7.106196741030951,0.6796611688840399,0.32033883111596,1.819672131147541,1.9174311926605505
Stephen Curry,GSW,@NOP,REB,3.5,-162,122,0.6183206106870229,0.4504504504504504,0.5785341998584389,0.421465800141561,30.4,4.023093390464783,2.775940857423156,0.5747334346042756,0.4252665653957244,1.617283950617284,2.2199999999999998
Stephon Castle,SAS,SAC,AST,7.5,-118,-113,0.5412844036697247,0.5305164319248826,0.5050233081498151,0.4949766918501849,34.2,6.967863178253174,2.384153276121604,0.4116909361825678,0.5883090638174322,1.847457627118644,1.8849557522123894
Stephon Castle,SAS,SAC,PTS,20.5,-104,-128,0.5098039215686274,0.5614035087719298,0.4759152215799614,0.5240847784200385,34.2,19.250244569778445,6.82336577009606,0.4273369433551639,0.5726630566448361,1.9615384615384617,1.78125
Stephon Castle,SAS,SAC,REB,5.5,-121,-109,0.5475113122171946,0.5215311004784688,0.5121511604358217,0.4878488395641783,34.2,5.907165679335595,3.1445156581504534,0.5515128104553849,0.4484871895446151,1.8264462809917354,1.9174311926605505
Steven Adams,HOU,ORL,PTS,5.5,102,-136,0.495049504950495,0.576271186440678,0.4620927318295739,0.5379072681704261,19.2,6.78764705657959,3.888077512688612,0.6297451099571245,0.3702548900428755,2.02,1.7352941176470589
Steven Adams,HOU,ORL,REB,7.5,106,-140,0.4854368932038835,0.5833333333333334,0.4542013626040878,0.5457986373959123,19.2,8.841041564941406,2.586665436723041,0.6979257913752387,0.3020742086247613,2.06,1.7142857142857144
Svi Mykhailiuk,UTA,CHI,PTS,9.5,102,-130,0.495049504950495,0.5652173913043478,0.4669102720259846,0.5330897279740154,27.6,9.06331729888916,5.346467112125989,0.4674518358426865,0.5325481641573134,2.02,1.7692307692307692
Svi Mykhailiuk,UTA,CHI,REB,2.5,-101,-130,0.5024875621890548,0.5652173913043478,0.4706239870340357,0.5293760129659644,27.6,3.121611401438713,2.514502549514231,0.5976273354028145,0.4023726645971854,1.99009900990099,1.7692307692307692
Terance Mann,BKN,@WAS,AST,3.5,-110,-120,0.5238095238095238,0.5454545454545454,0.4898785425101215,0.5101214574898786,27.0,2.994691863656044,1.817528406498368,0.390498737654918,0.609501262345082,1.9090909090909092,1.8333333333333335
Terance Mann,BKN,@WAS,PTS,10.5,-117,-109,0.5391705069124424,0.5215311004784688,0.5083149711054754,0.4916850288945246,27.0,9.015259891748428,5.244203394135443,0.3885423345196535,0.6114576654803465,1.8547008547008548,1.9174311926605505
Terance Mann,BKN,@WAS,REB,3.5,113,-152,0.4694835680751174,0.6031746031746031,0.4376823676531888,0.5623176323468112,27.0,2.9655367210507397,2.4592002642815824,0.4139747521472812,0.5860252478527188,2.13,1.6578947368421053
Toumani Camara,POR,@DAL,AST,2.5,-130,-103,0.5652173913043478,0.5073891625615764,0.5269568690095846,0.4730431309904154,36.4,3.233002546429634,2.397645432705034,0.620090186262982,0.379909813737018,1.7692307692307692,1.970873786407767
Toumani Camara,POR,@DAL,PTS,12.5,-130,-102,0.5652173913043478,0.504950495049505,0.5281576830249397,0.4718423169750604,36.4,12.536828911304474,6.964374259724829,0.5021096714267866,0.4978903285732133,1.7692307692307692,1.9803921568627452
Toumani Camara,POR,@DAL,REB,5.5,128,-172,0.4385964912280701,0.6323529411764706,0.4095398699108648,0.5904601300891351,36.4,4.8578875958919525,3.3044019608740016,0.4229625429268473,0.5770374570731527,2.2800000000000002,1.5813953488372094
Tre Johnson,WAS,BKN,PTS,11.5,-105,-122,0.5121951219512195,0.5495495495495496,0.4824089403973509,0.517591059602649,24.6,10.33381492495537,4.930517822682621,0.4065130999494657,0.5934869000505343,1.9523809523809523,1.819672131147541
Tre Jones,CHI,@UTA,AST,5.5,116,-153,0.4629629629629629,0.6047430830039525,0.4336052649619524,0.5663947350380476,30.6,4.518785011768341,2.0854234809181595,0.3189949370543461,0.6810050629456539,2.16,1.65359477124183
Tre Jones,CHI,@UTA,PTS,12.5,100,-132,0.5,0.5689655172413793,0.4677419354838709,0.532258064516129,30.6,13.081466549634934,6.001842612049375,0.5385896858569161,0.4614103141430838,2.0,1.7575757575757576
Tre Jones,CHI,@UTA,REB,3.5,-111,-118,0.5260663507109005,0.5412844036697247,0.4928711096627016,0.5071288903372982,30.6,4.548961472511292,2.807915918968429,0.6456389742359808,0.3543610257640192,1.900900900900901,1.847457627118644
Tristan da Silva,ORL,@HOU,PTS,11.5,-128,100,0.5614035087719298,0.5,0.5289256198347108,0.4710743801652893,21.0,9.587274670600891,4.373070136846781,0.3309152473079653,0.6690847526920347,1.78125,2.0
Tristan da Silva,ORL,@HOU,REB,4.5,-118,-112,0.5412844036697247,0.5283018867924528,0.5060689431946916,0.4939310568053083,21.0,3.3226511478424072,1.9928202036377043,0.2773287851821179,0.7226712148178821,1.847457627118644,1.8928571428571428
Tyrese Martin,BKN,@WAS,PTS,7.5,-108,-122,0.5192307692307693,0.5495495495495496,0.485816177662506,0.5141838223374939,21.4,6.062951904535293,4.178169049143453,0.3654449276908522,0.6345550723091478,1.925925925925926,1.819672131147541
Victor Wembanyama,SAS,SAC,AST,4.5,122,-162,0.4504504504504504,0.6183206106870229,0.421465800141561,0.5785341998584389,34.8,4.275260925292969,2.322385056306401,0.4614542041013783,0.5385457958986217,2.2199999999999998,1.617283950617284
Victor Wembanyama,SAS,SAC,PTS,27.5,-106,-125,0.5145631067961165,0.5555555555555556,0.4808467741935484,0.5191532258064516,34.8,23.507905268669127,7.104163258652236,0.2870793498137369,0.712920650186263,1.9433962264150944,1.8
Victor Wembanyama,SAS,SAC,REB,12.5,-102,-129,0.504950495049505,0.5633187772925764,0.4726809130645945,0.5273190869354056,34.8,12.080042088031767,3.4378268914743586,0.4513869609601445,0.5486130390398555,1.9803921568627452,1.7751937984496124
Will Richard,GSW,@NOP,PTS,8.5,-113,-113,0.5305164319248826,0.5305164319248826,0.5,0.5,23.2,11.15417079925537,4.788602024481549,0.7103024146288638,0.2896975853711362,1.8849557522123894,1.8849557522123894
Zaccharie Risacher,ATL,@PHX,PTS,13.5,-108,-122,0.5192307692307693,0.5495495495495496,0.485816177662506,0.5141838223374939,27.0,15.06635159254074,5.570254440910801,0.6107212253069472,0.3892787746930528,1.925925925925926,1.819672131147541
Zaccharie Risacher,ATL,@PHX,REB,3.5,134,-180,0.4273504273504273,0.6428571428571429,0.3993154592127781,0.600684540787222,27.0,3.4398811608552933,2.474103291176135,0.4903069581432562,0.5096930418567438,2.34,1.5555555555555556
Zach LaVine,SAC,@SAS,AST,2.5,140,-188,0.4166666666666667,0.6527777777777778,0.3896103896103896,0.6103896103896104,34.0,2.465132415294647,2.2331462092774177,0.4937713041210558,0.5062286958789441,2.4,1.5319148936170213
Zach LaVine,SAC,@SAS,PTS,21.5,-128,-104,0.5614035087719298,0.5098039215686274,0.5240847784200385,0.4759152215799614,34.0,20.100424885749817,6.830592881030023,0.4188258920984662,0.5811741079015338,1.78125,1.9615384615384617
Zach LaVine,SAC,@SAS,REB,3.5,-136,102,0.576271186440678,0.495049504950495,0.5379072681704261,0.4620927318295739,34.0,4.008406937122345,3.0818370402895874,0.5655157275194703,0.4344842724805297,1.7352941176470589,2.02
Ziaire Williams,BKN,@WAS,PTS,9.5,-112,-114,0.5283018867924528,0.5327102803738317,0.4979225527671597,0.5020774472328402,21.8,8.305450081825256,4.38256472600539,0.3925923920211956,0.6074076079788043,1.8928571428571428,1.8771929824561404
Zion Williamson,NOP,GSW,AST,3.5,-159,120,0.6138996138996139,0.4545454545454545,0.5745729303547964,0.4254270696452037,32.25,4.674611147493124,2.1849445714529074,0.7045710060321811,0.2954289939678188,1.6289308176100628,2.2
Zion Williamson,NOP,GSW,PTS,17.5,-132,100,0.5689655172413793,0.5,0.532258064516129,0.4677419354838709,32.25,23.198069974780083,6.749670854279007,0.8007210833074223,0.1992789166925777,1.7575757575757576,2.0
Zion Williamson,NOP,GSW,REB,5.5,-106,-125,0.5145631067961165,0.5555555555555556,0.4808467741935484,0.5191532258064516,32.25,6.193672891706228,2.995866646916997,0.5915536300972566,0.4084463699027434,1.9433962264150944,1.8
