Player,Team,Opponent,Market,Line,OverOdds,UnderOdds,POverImp,PUnderImp,POverFair,PUnderFair,ProjMins,ProjMean,ProjSD,POverModel,PUnderModel
AJ Green,MIL,@MIA,AST,1.5,-135,100,0.574468085106383,0.5,0.5346534653465347,0.4653465346534653,30.4,1.4011432290077208,1.9923305722259415,0.48021313866440407,0.5197868613355959
AJ Green,MIL,@MIA,PTS,9.5,103,-131,0.49261083743842365,0.5670995670995671,0.46485420481757994,0.53514579518242,30.4,10.040180587768555,5.875915021042988,0.5366236940148332,0.46337630598516677
AJ Green,MIL,@MIA,REB,2.5,107,-141,0.4830917874396135,0.5850622406639004,0.4522679077448533,0.5477320922551466,30.4,2.7829150199890136,2.755878732108201,0.5408830867346741,0.4591169132653259
Aaron Holiday,HOU,@GSW,AST,1.5,-165,125,0.6226415094339622,0.4444444444444444,0.5834970530451867,0.4165029469548134,20.12,1.8293207690119744,1.3667973897593082,0.5952004960857916,0.4047995039142084
Aaron Holiday,HOU,@GSW,PTS,10.5,-110,-121,0.5238095238095238,0.5475113122171946,0.48893805309734506,0.5110619469026548,20.12,12.231121163368226,4.56068385466057,0.6478695058580559,0.3521304941419441
Aaron Holiday,HOU,@GSW,REB,1.5,-175,130,0.6363636363636364,0.43478260869565216,0.5940959409594095,0.4059040590405904,20.12,1.1034620183706285,1.8207480273869778,0.41379695261636185,0.5862030473836382
Ajay Mitchell,OKC,MIN,AST,3.5,-136,102,0.576271186440678,0.49504950495049505,0.5379072681704261,0.46209273182957394,27.4,4.215254935622215,1.9004352220005278,0.6466767559788947,0.35332324402110526
Ajay Mitchell,OKC,MIN,PTS,16.5,-117,-114,0.5391705069124424,0.5327102803738317,0.5030135004821601,0.4969864995178399,27.4,16.696845602989196,5.747649059489642,0.5136603129325512,0.4863396870674488
Ajay Mitchell,OKC,MIN,REB,3.5,-105,-130,0.5121951219512195,0.5652173913043478,0.4753937007874017,0.5246062992125985,27.4,4.041851359605789,2.5364544473143167,0.5845804454059458,0.4154195545940542
Alex Caruso,OKC,MIN,AST,2.5,-155,115,0.6078431372549019,0.46511627906976744,0.5665108372290693,0.43348916277093075,14.6,2.9018612325191495,1.2663989324811866,0.6245018520483947,0.3754981479516053
Alex Caruso,OKC,MIN,PTS,7.5,-105,-130,0.5121951219512195,0.5652173913043478,0.4753937007874017,0.5246062992125985,14.6,4.207093304395675,2.9974197132748057,0.1359755546095751,0.8640244453904249
Alex Caruso,OKC,MIN,REB,2.5,100,-130,0.5,0.5652173913043478,0.4693877551020409,0.5306122448979592,14.6,1.8796170204877853,1.4177621115098318,0.3308457350535401,0.6691542649464599
Alperen Sengun,HOU,@GSW,AST,6.5,100,-135,0.5,0.574468085106383,0.4653465346534653,0.5346534653465347,36.239999999999995,6.4324696612358085,2.478596661419125,0.48913200559513514,0.5108679944048649
Alperen Sengun,HOU,@GSW,PTS,23.5,-105,-125,0.5121951219512195,0.5555555555555556,0.4796954314720812,0.5203045685279188,36.239999999999995,32.7291415643692,7.7922553225203615,0.8818724767097689,0.11812752329023113
Alperen Sengun,HOU,@GSW,REB,10.5,-118,-110,0.5412844036697247,0.5238095238095238,0.5082034454470877,0.49179655455291227,36.239999999999995,14.772385790348052,3.676160173768446,0.8774202554755888,0.12257974452441123
Amen Thompson,HOU,@GSW,AST,4.5,-160,120,0.6153846153846154,0.45454545454545453,0.5751633986928104,0.4248366013071895,37.92,5.108061332702637,2.5372933567931617,0.5946990443123188,0.4053009556876812
Amen Thompson,HOU,@GSW,PTS,18.5,-130,-105,0.5652173913043478,0.5121951219512195,0.5246062992125985,0.4753937007874017,37.92,18.39251259326935,7.407881597111263,0.4942116020669086,0.5057883979330914
Amen Thompson,HOU,@GSW,REB,7.5,107,-145,0.4830917874396135,0.5918367346938775,0.4494175914885811,0.5505824085114189,37.92,6.580588624477387,3.4811349975724997,0.39584660408314565,0.6041533959168544
Andrew Nembhard,IND,@TOR,AST,5.5,-148,112,0.5967741935483871,0.4716981132075472,0.5585303332383936,0.44146966676160637,32.96,6.279719071388245,2.293978713658154,0.6330333769329864,0.36696662306701355
Andrew Nembhard,IND,@TOR,PTS,15.5,-122,-104,0.5495495495495496,0.5098039215686274,0.5187593796898449,0.48124062031015497,32.96,17.983706722259523,6.601199796160909,0.6466347748517002,0.3533652251482998
Andrew Nembhard,IND,@TOR,REB,2.5,125,-167,0.4444444444444444,0.6254681647940075,0.41540256709451573,0.5845974329054843,32.96,3.0427828097343443,2.984028667630402,0.5721678191182895,0.4278321808817105
Andrew Wiggins,MIA,MIL,AST,2.5,154,-210,0.3937007874015748,0.6774193548387096,0.3675598766895898,0.6324401233104102,34.4,3.117841237783432,2.2758737446799615,0.6069868693208773,0.3930131306791227
Andrew Wiggins,MIA,MIL,PTS,13.5,100,-132,0.5,0.5689655172413793,0.4677419354838709,0.532258064516129,34.4,15.697328639030456,6.739386680193805,0.6278040210282941,0.37219597897170587
Andrew Wiggins,MIA,MIL,REB,4.5,114,-152,0.4672897196261682,0.6031746031746031,0.43652993348115304,0.563470066518847,34.4,5.051492536067962,3.1489844346377533,0.5695126159300644,0.4304873840699356
Anfernee Simons,BOS,DET,AST,2.5,-112,-120,0.5283018867924528,0.5454545454545454,0.4920127795527157,0.5079872204472844,23.8,4.299554306268692,1.727904924553527,0.8511703476989188,0.14882965230108125
Anfernee Simons,BOS,DET,PTS,13.5,-120,-110,0.5454545454545454,0.5238095238095238,0.5101214574898786,0.48987854251012153,23.8,16.791555547714236,5.3631476249236245,0.730305027087954,0.269694972912046
Anfernee Simons,BOS,DET,REB,2.5,102,-136,0.49504950495049505,0.576271186440678,0.46209273182957394,0.5379072681704261,23.8,2.280143141746521,2.174023891961094,0.4597240294047723,0.5402759705952277
Anthony Edwards,MIN,@OKC,AST,4.5,125,-165,0.4444444444444444,0.6226415094339622,0.4165029469548134,0.5834970530451867,36.519999999999996,3.9979144144058223,2.4260607613414096,0.41802247211372767,0.5819775278862723
Anthony Edwards,MIN,@OKC,PTS,25.5,-106,-125,0.5145631067961165,0.5555555555555556,0.4808467741935484,0.5191532258064516,36.519999999999996,28.97832201004028,7.6260676528075955,0.6758443854520731,0.32415561454792685
Anthony Edwards,MIN,@OKC,REB,4.5,-129,-104,0.5633187772925764,0.5098039215686274,0.5249341737812177,0.47506582621878246,36.519999999999996,5.4059412449598305,3.3367343899388096,0.6069988080125195,0.3930011919874805
Ausar Thompson,DET,@BOS,AST,2.5,134,-178,0.42735042735042733,0.6402877697841727,0.4002764499222484,0.5997235500777516,29.479999999999997,3.0033092555403704,1.9699255394065007,0.6008302110312558,0.3991697889687442
Ausar Thompson,DET,@BOS,PTS,11.5,-110,-118,0.5238095238095238,0.5412844036697247,0.49179655455291227,0.5082034454470877,29.479999999999997,12.733225399255751,5.826641935351374,0.5838110644030836,0.4161889355969164
Ausar Thompson,DET,@BOS,REB,5.5,120,-155,0.45454545454545453,0.6078431372549019,0.4278523489932886,0.5721476510067114,29.479999999999997,5.6811992239952085,2.7673532703254904,0.5261030683141977,0.47389693168580227
Bam Adebayo,MIA,MIL,AST,2.5,-174,128,0.635036496350365,0.43859649122807015,0.5914837786259541,0.40851622137404575,25.8,2.594117617607117,1.7350363881511017,0.5216301462661834,0.4783698537338166
Bam Adebayo,MIA,MIL,PTS,17.5,-102,-130,0.504950495049505,0.5652173913043478,0.4718423169750604,0.5281576830249397,25.8,14.625320684909822,5.3991460088689625,0.29721333603411293,0.7027866639658871
Bam Adebayo,MIA,MIL,REB,8.5,118,-158,0.45871559633027525,0.6124031007751938,0.4282584157758449,0.571741584224155,25.8,6.707477670907974,2.5604922771245935,0.24194197782174443,0.7580580221782556
Ben Sheppard,IND,@TOR,AST,1.5,-165,125,0.6226415094339622,0.4444444444444444,0.5834970530451867,0.4165029469548134,25.16,2.052543942630291,1.6765003665147589,0.6291419969545473,0.3708580030454527
Ben Sheppard,IND,@TOR,PTS,5.5,-130,-102,0.5652173913043478,0.504950495049505,0.5281576830249397,0.4718423169750604,25.16,5.399954901337623,4.810847802747452,0.49170430143079025,0.5082956985692098
Ben Sheppard,IND,@TOR,REB,3.5,-134,101,0.5726495726495726,0.4975124378109453,0.5351054952914531,0.46489450470854693,25.16,3.737762913107872,2.3431484539807594,0.5404119308980695,0.4595880691019305
Bennedict Mathurin,IND,@TOR,AST,2.5,158,-215,0.3875968992248062,0.6825396825396826,0.3621938599517075,0.6378061400482925,33.92,2.5202134943008425,2.2344013758852315,0.5036089789452154,0.4963910210547846
Bennedict Mathurin,IND,@TOR,PTS,20.5,-110,-118,0.5238095238095238,0.5412844036697247,0.49179655455291227,0.5082034454470877,33.92,22.450246353149414,6.9510193565699705,0.6104798223533389,0.38952017764666114
Bennedict Mathurin,IND,@TOR,REB,5.5,-110,-120,0.5238095238095238,0.5454545454545454,0.48987854251012153,0.5101214574898786,33.92,6.146753263473511,3.1385872589724557,0.5816299658495234,0.4183700341504766
Bobby Portis,MIL,@MIA,AST,1.5,110,-150,0.47619047619047616,0.6,0.4424778761061947,0.5575221238938053,21.36,0.9598469924926758,1.4059760923373643,0.35042117294078723,0.6495788270592128
Bobby Portis,MIL,@MIA,PTS,12.5,-120,-110,0.5454545454545454,0.5238095238095238,0.5101214574898786,0.48987854251012153,21.36,10.425330126285553,4.505289202568396,0.32257994440665927,0.6774200555933407
Bobby Portis,MIL,@MIA,REB,5.5,-158,118,0.6124031007751938,0.45871559633027525,0.571741584224155,0.4282584157758449,21.36,5.154272754192352,2.168797192009143,0.43667306018031427,0.5633269398196857
Brandin Podziemski,GSW,HOU,AST,2.5,-140,105,0.5833333333333334,0.4878048780487805,0.5445920303605313,0.4554079696394686,29.4,2.9482813373208043,1.9633847900305161,0.5903015230220958,0.4096984769779042
Brandin Podziemski,GSW,HOU,PTS,10.5,-120,-110,0.5454545454545454,0.5238095238095238,0.5101214574898786,0.48987854251012153,29.4,13.982044315338134,5.872170488485784,0.7234007175653976,0.2765992824346024
Brandin Podziemski,GSW,HOU,REB,4.5,110,-150,0.47619047619047616,0.6,0.4424778761061947,0.5575221238938053,29.4,4.673900198936463,2.7223126166344995,0.5254669458749927,0.47453305412500735
Brandon Ingram,TOR,IND,AST,3.5,-150,110,0.6,0.47619047619047616,0.5575221238938053,0.4424778761061947,32.8,3.4729052901268003,2.185177680372048,0.49505351511081963,0.5049464848891804
Brandon Ingram,TOR,IND,PTS,23.5,-110,-120,0.5238095238095238,0.5454545454545454,0.48987854251012153,0.5101214574898786,32.8,20.83836722373962,6.713653359121253,0.34588627402698435,0.6541137259730156
Brandon Ingram,TOR,IND,REB,5.5,-135,105,0.574468085106383,0.4878048780487805,0.5407914020517831,0.4592085979482169,32.8,5.271926057338714,3.020764165506174,0.46990762594323454,0.5300923740567655
Brandon Miller,CHA,NYK,AST,2.5,-135,100,0.574468085106383,0.5,0.5346534653465347,0.4653465346534653,26.5,3.8046825528144836,1.8306807708405897,0.7619769158758211,0.23802308412417894
Brandon Miller,CHA,NYK,PTS,18.5,-102,-130,0.504950495049505,0.5652173913043478,0.4718423169750604,0.5281576830249397,26.5,18.323522925376892,5.762603573040579,0.4877844862410592,0.5122155137589408
Brandon Miller,CHA,NYK,REB,2.5,-135,100,0.574468085106383,0.5,0.5346534653465347,0.4653465346534653,26.5,3.432817406952381,2.4402588897803894,0.648866353905091,0.35113364609490905
Buddy Hield,GSW,HOU,AST,1.5,115,-155,0.46511627906976744,0.6078431372549019,0.43348916277093075,0.5665108372290693,19.2,1.7377574443817139,1.3087814273745726,0.5720764828989287,0.42792351710107135
Buddy Hield,GSW,HOU,PTS,7.5,-110,-120,0.5238095238095238,0.5454545454545454,0.48987854251012153,0.5101214574898786,19.2,9.763468551635741,4.191209817725081,0.7054191925297355,0.2945808074702645
Buddy Hield,GSW,HOU,REB,2.5,-115,-115,0.5348837209302325,0.5348837209302325,0.5,0.5,19.2,2.211925506591797,1.7901631872994954,0.43607788962816896,0.563922110371831
Cade Cunningham,DET,@BOS,AST,8.5,-146,110,0.5934959349593496,0.47619047619047616,0.5548317046688382,0.4451682953311618,35.28,9.365482928752899,2.55708147644101,0.6324936519665221,0.3675063480334779
Cade Cunningham,DET,@BOS,PTS,25.5,-118,-112,0.5412844036697247,0.5283018867924528,0.5060689431946916,0.4939310568053083,35.28,27.48086729049683,7.3900150677275,0.6056682169964797,0.39433178300352034
Cade Cunningham,DET,@BOS,REB,5.5,-118,-115,0.5412844036697247,0.5348837209302325,0.5029738302934179,0.4970261697065821,35.28,6.158821510076523,3.250754721709148,0.5803024375035406,0.4196975624964594
Cam Spencer,MEM,@NOP,AST,3.5,-172,128,0.6323529411764706,0.43859649122807015,0.5904601300891351,0.40953986991086483,24.68,3.870994995832443,1.7393779939366325,0.5844503003658467,0.41554969963415334
Cam Spencer,MEM,@NOP,PTS,10.5,-112,-118,0.5283018867924528,0.5412844036697247,0.4939310568053083,0.5060689431946916,24.68,11.740976729393005,5.047769587182391,0.5970994888415052,0.4029005111584948
Cam Spencer,MEM,@NOP,REB,2.5,108,-144,0.4807692307692308,0.5901639344262295,0.44892552251987045,0.5510744774801295,24.68,2.5788750943541525,2.25850797583971,0.5139296451997151,0.48607035480028493
Caris LeVert,DET,@BOS,PTS,8.5,105,-140,0.4878048780487805,0.5833333333333334,0.4554079696394686,0.5445920303605313,18.4,9.291787147521973,4.054880504726574,0.5774083049131744,0.4225916950868256
Caris LeVert,DET,@BOS,REB,2.5,125,-165,0.4444444444444444,0.6226415094339622,0.4165029469548134,0.5834970530451867,18.4,2.051194256544113,1.7167973955053304,0.39688419005742903,0.603115809942571
Cason Wallace,OKC,MIN,AST,2.5,-125,-106,0.5555555555555556,0.5145631067961165,0.5191532258064516,0.4808467741935484,27.0,2.724774196743965,1.8114186093312015,0.5493769565079618,0.4506230434920382
Cason Wallace,OKC,MIN,PTS,8.5,-126,-101,0.5575221238938053,0.5024875621890548,0.5259594617046021,0.47404053829539794,27.0,9.198704481124878,5.2692458371440525,0.5527453201446353,0.4472546798553647
Cason Wallace,OKC,MIN,REB,2.5,-125,-105,0.5555555555555556,0.5121951219512195,0.5203045685279188,0.4796954314720812,27.0,3.002159133553505,2.468298946627031,0.5806057602144565,0.41939423978554347
Cedric Coward,MEM,@NOP,AST,3.5,125,-165,0.4444444444444444,0.6226415094339622,0.4165029469548134,0.5834970530451867,25.759999999999998,2.4060705983638764,1.7254377792070417,0.2630400612650816,0.7369599387349184
Cedric Coward,MEM,@NOP,PTS,13.5,-105,-122,0.5121951219512195,0.5495495495495496,0.48240894039735094,0.517591059602649,25.759999999999998,12.598192114830017,5.256294418865707,0.43188888515692037,0.5681111148430796
Cedric Coward,MEM,@NOP,REB,5.5,104,-138,0.49019607843137253,0.5798319327731093,0.4581151832460733,0.5418848167539267,25.759999999999998,6.109158999919891,2.5178077558247125,0.5955867634418562,0.40441323655814376
Chet Holmgren,OKC,MIN,AST,1.5,-120,-110,0.5454545454545454,0.5238095238095238,0.5101214574898786,0.48987854251012153,28.6,2.2543742433190346,1.894643609312803,0.6547444481366758,0.34525555186332424
Chet Holmgren,OKC,MIN,PTS,19.5,-110,-120,0.5238095238095238,0.5454545454545454,0.48987854251012153,0.5101214574898786,28.6,17.98710230588913,5.986073754617249,0.4002360257587462,0.5997639742412538
Chet Holmgren,OKC,MIN,REB,7.5,102,-136,0.49504950495049505,0.576271186440678,0.46209273182957394,0.5379072681704261,28.6,7.356184303760529,2.785366361970538,0.47941072303662435,0.5205892769633756
Clint Capela,HOU,@GSW,AST,0.5,110,-145,0.47619047619047616,0.5918367346938775,0.4458598726114649,0.554140127388535,13.0,0.5539257489144802,0.8666314826460566,0.524807991504936,0.47519200849506404
Clint Capela,HOU,@GSW,PTS,5.5,-110,-118,0.5238095238095238,0.5412844036697247,0.49179655455291227,0.5082034454470877,13.0,4.4922581017017365,2.8404814520425123,0.3613777485403902,0.6386222514596098
Clint Capela,HOU,@GSW,REB,6.5,102,-134,0.49504950495049505,0.5726495726495726,0.46366014107949594,0.5363398589205041,13.0,5.006245464086533,1.994447756570693,0.2269417236025224,0.7730582763974776
Collin Gillespie,PHX,@SAC,AST,5.5,105,-140,0.4878048780487805,0.5833333333333334,0.4554079696394686,0.5445920303605313,30.36,4.418766734004021,2.07249745248023,0.3009377063524047,0.6990622936475953
Collin Gillespie,PHX,@SAC,PTS,14.5,100,-132,0.5,0.5689655172413793,0.4677419354838709,0.532258064516129,30.36,11.370076253414155,5.915288162091666,0.2983595518476132,0.7016404481523868
Collin Gillespie,PHX,@SAC,REB,4.5,122,-162,0.45045045045045046,0.6183206106870229,0.421465800141561,0.5785341998584389,30.36,4.8400119656324385,2.80638141386206,0.5482165478078106,0.4517834521921894
Collin Murray-Boyles,TOR,IND,AST,0.5,-200,145,0.6666666666666666,0.40816326530612246,0.6202531645569621,0.37974683544303806,18.2,1.0984106279909611,1.2138934487121618,0.6889824016151889,0.31101759838481113
Collin Murray-Boyles,TOR,IND,PTS,5.5,-130,-105,0.5652173913043478,0.5121951219512195,0.5246062992125985,0.4753937007874017,18.2,6.043606615066528,3.691952892533223,0.5585290764357836,0.44147092356421636
Collin Murray-Boyles,TOR,IND,REB,3.5,125,-160,0.4444444444444444,0.6153846153846154,0.4193548387096774,0.5806451612903226,18.2,3.1194302916526793,1.7853291103635267,0.41559912717149383,0.5844008728285062
Collin Sexton,CHA,NYK,AST,3.5,-124,-107,0.5535714285714286,0.5169082125603864,0.5171246675799823,0.48287533242001773,24.4,3.6239532709121702,1.7094222458296138,0.5289026893782951,0.4710973106217049
Collin Sexton,CHA,NYK,PTS,12.5,-124,-108,0.5535714285714286,0.5192307692307693,0.5160051216389244,0.4839948783610755,24.4,14.60254225730896,5.226938100784383,0.6562504269196279,0.34374957308037213
Collin Sexton,CHA,NYK,REB,2.5,140,-188,0.4166666666666667,0.6527777777777778,0.38961038961038963,0.6103896103896104,24.4,2.126298931241035,2.2206917196897176,0.43318096050051935,0.5668190394994806
Davion Mitchell,MIA,MIL,AST,5.5,-122,-108,0.5495495495495496,0.5192307692307693,0.5141838223374939,0.48581617766250607,29.0,5.160050302743912,2.033858749876334,0.43362790673912,0.56637209326088
Davion Mitchell,MIA,MIL,PTS,8.5,-110,-120,0.5238095238095238,0.5454545454545454,0.48987854251012153,0.5101214574898786,29.0,8.123332649469376,5.572491749121251,0.47305439137470773,0.5269456086252923
Davion Mitchell,MIA,MIL,REB,2.5,120,-155,0.45454545454545453,0.6078431372549019,0.4278523489932886,0.5721476510067114,29.0,2.933463394641876,2.6376918335897495,0.565266032296589,0.434733967703411
De'Aaron Fox,SAS,@POR,AST,6.5,-135,105,0.574468085106383,0.4878048780487805,0.5407914020517831,0.4592085979482169,33.84,5.6878660976886755,2.317425428063127,0.3630017730644528,0.6369982269355472
De'Aaron Fox,SAS,@POR,PTS,24.5,-102,-130,0.504950495049505,0.5652173913043478,0.4718423169750604,0.5281576830249397,33.84,21.797282266616822,6.9077462492087935,0.34780290905692746,0.6521970909430725
De'Aaron Fox,SAS,@POR,REB,3.5,-132,100,0.5689655172413793,0.5,0.532258064516129,0.4677419354838709,33.84,3.9437678021192553,3.076908705410633,0.5573386825558302,0.4426613174441698
DeMar DeRozan,SAC,PHX,AST,3.5,-110,-120,0.5238095238095238,0.5454545454545454,0.48987854251012153,0.5101214574898786,30.8,3.807648479938507,2.075007148273075,0.558932715184908,0.44106728481509205
DeMar DeRozan,SAC,PHX,PTS,18.5,-105,-125,0.5121951219512195,0.5555555555555556,0.4796954314720812,0.5203045685279188,30.8,15.985410928726196,6.18203032278475,0.3420929408842277,0.6579070591157723
DeMar DeRozan,SAC,PHX,REB,3.5,-108,-122,0.5192307692307693,0.5495495495495496,0.48581617766250607,0.5141838223374939,30.8,4.248218935728073,2.8248711422968054,0.6044445564967689,0.39555544350323113
Deni Avdija,POR,SAS,AST,6.5,-141,107,0.5850622406639004,0.4830917874396135,0.5477320922551466,0.4522679077448533,34.0,5.877677112817764,2.333551120348483,0.39485588392175197,0.605144116078248
Deni Avdija,POR,SAS,PTS,26.5,-110,-120,0.5238095238095238,0.5454545454545454,0.48987854251012153,0.5101214574898786,34.0,23.84541881084442,7.032613513556332,0.35291320404360293,0.6470867959563971
Deni Avdija,POR,SAS,REB,6.5,-132,100,0.5689655172413793,0.5,0.532258064516129,0.4677419354838709,34.0,5.988382399082184,3.1404562730483567,0.43529391278799,0.56470608721201
Dennis Schroder,SAC,PHX,AST,4.5,-106,-125,0.5145631067961165,0.5555555555555556,0.4808467741935484,0.5191532258064516,27.6,4.3783343732357025,1.919603778418699,0.47473172015964193,0.5252682798403581
Dennis Schroder,SAC,PHX,PTS,10.5,-103,-124,0.5073891625615764,0.5535714285714286,0.47823563551944287,0.5217643644805572,27.6,24.70212779045105,6.403387691247084,0.9867194630235177,0.013280536976482349
Dennis Schroder,SAC,PHX,REB,2.5,-107,-125,0.5169082125603864,0.5555555555555556,0.481981981981982,0.5180180180180181,27.6,13.00606645345688,3.1710508364257217,0.9995386902148179,0.00046130978518210686
Derik Queen,NOP,MEM,AST,3.5,-150,110,0.6,0.47619047619047616,0.5575221238938053,0.4424778761061947,29.0,5.486591249704361,2.0517072083176884,0.8335433680270642,0.1664566319729358
Derik Queen,NOP,MEM,PTS,13.5,-118,-112,0.5412844036697247,0.5283018867924528,0.5060689431946916,0.4939310568053083,29.0,18.929551661014557,6.097908812778386,0.8133732692672762,0.18662673073272384
Derik Queen,NOP,MEM,REB,7.5,105,-140,0.4878048780487805,0.5833333333333334,0.4554079696394686,0.5445920303605313,29.0,7.570178210735321,2.8247039431383634,0.5099104812660649,0.49008951873393514
Derrick White,BOS,DET,AST,5.5,130,-175,0.43478260869565216,0.6363636363636364,0.4059040590405904,0.5940959409594095,33.2,7.427431249618531,2.3606014120969365,0.7928929120470518,0.2071070879529482
Derrick White,BOS,DET,PTS,16.5,-114,-114,0.5327102803738317,0.5327102803738317,0.5,0.5,33.2,17.70551588535309,6.625816867048844,0.5721859679420191,0.42781403205798085
Derrick White,BOS,DET,REB,4.5,132,-180,0.43103448275862066,0.6428571428571429,0.4013761467889908,0.5986238532110092,33.2,4.9310052514076235,3.044859550290973,0.5562829664631834,0.4437170335368166
Devin Booker,PHX,@SAC,AST,7.5,-115,-115,0.5348837209302325,0.5348837209302325,0.5,0.5,36.32,5.327793107032776,2.447849898910747,0.18743345254302912,0.8125665474569709
Devin Booker,PHX,@SAC,PTS,28.5,-105,-130,0.5121951219512195,0.5652173913043478,0.4753937007874017,0.5246062992125985,36.32,21.670875864028933,7.267483996822161,0.17369034196745803,0.826309658032542
Devin Booker,PHX,@SAC,REB,3.5,-148,111,0.5967741935483871,0.47393364928909953,0.5573641750553295,0.4426358249446706,36.32,4.409177323579788,3.2999768677054577,0.6085378590429391,0.3914621409570609
Devin Vassell,SAS,@POR,AST,3.5,130,-175,0.43478260869565216,0.6363636363636364,0.4059040590405904,0.5940959409594095,33.32,2.998504449427128,2.2059874458510076,0.41008208886947006,0.5899179111305299
Devin Vassell,SAS,@POR,PTS,16.5,-110,-122,0.5238095238095238,0.5495495495495496,0.48800959232613905,0.511990407673861,33.32,12.213507517576218,6.444859742594258,0.25299246016355514,0.7470075398364449
Devin Vassell,SAS,@POR,REB,3.5,-138,105,0.5798319327731093,0.4878048780487805,0.5430984833941255,0.45690151660587436,33.32,3.4913173788785934,3.0232493548469623,0.49885425927478566,0.5011457407252143
Dillon Brooks,PHX,@SAC,AST,1.5,-140,105,0.5833333333333334,0.4878048780487805,0.5445920303605313,0.4554079696394686,33.36,2.183268511891365,2.1932685995265153,0.6223010511510042,0.3776989488489958
Dillon Brooks,PHX,@SAC,PTS,20.5,-114,-117,0.5327102803738317,0.5391705069124424,0.4969864995178399,0.5030135004821601,33.36,20.36052679538727,6.769866299535899,0.49178154782560923,0.5082184521743908
Dillon Brooks,PHX,@SAC,REB,3.5,120,-155,0.45454545454545453,0.6078431372549019,0.4278523489932886,0.5721476510067114,33.36,3.5699522566795348,3.0281787468030075,0.5092149220159401,0.4907850779840599
Donovan Clingan,POR,SAS,AST,1.5,-164,122,0.6212121212121212,0.45045045045045046,0.5796713794421093,0.4203286205578907,26.4,1.9604361712932585,1.7500121830340356,0.6037650022082908,0.39623499779170923
Donovan Clingan,POR,SAS,PTS,10.5,-115,-115,0.5348837209302325,0.5348837209302325,0.5,0.5,26.4,10.062130451202393,5.210536583471374,0.4665141413468783,0.5334858586531217
Donovan Clingan,POR,SAS,REB,10.5,-105,-125,0.5121951219512195,0.5555555555555556,0.4796954314720812,0.5203045685279188,26.4,10.183535528182983,2.8707097008173097,0.456109874464411,0.543890125535589
Donte DiVincenzo,MIN,@OKC,AST,3.5,116,-154,0.46296296296296297,0.6062992125984252,0.4329742261011864,0.5670257738988136,31.84,2.8736703217029573,2.111141179520113,0.38335608051743586,0.6166439194825641
Donte DiVincenzo,MIN,@OKC,PTS,12.5,-115,-118,0.5348837209302325,0.5412844036697247,0.4970261697065821,0.5029738302934179,31.84,13.1835298538208,6.228022988483299,0.5436964529389763,0.4563035470610237
Donte DiVincenzo,MIN,@OKC,REB,3.5,-110,-118,0.5238095238095238,0.5412844036697247,0.49179655455291227,0.5082034454470877,31.84,4.385822401046753,2.9161548551218717,0.6193460919350617,0.38065390806493826
Draymond Green,GSW,HOU,AST,5.5,-137,103,0.5780590717299579,0.49261083743842365,0.5399040981537924,0.4600959018462076,27.6,4.665070366859436,1.9351811612647005,0.33307140414457614,0.6669285958554239
Draymond Green,GSW,HOU,PTS,8.5,-110,-120,0.5238095238095238,0.5454545454545454,0.48987854251012153,0.5101214574898786,27.6,10.192471289634705,5.410992127602788,0.6227775808342083,0.3772224191657917
Draymond Green,GSW,HOU,REB,5.5,-125,-105,0.5555555555555556,0.5121951219512195,0.5203045685279188,0.4796954314720812,27.6,4.7071344494819645,2.5790471403854998,0.379259658198293,0.620740341801707
Drew Eubanks,SAC,PHX,AST,0.5,-150,110,0.6,0.47619047619047616,0.5575221238938053,0.4424778761061947,18.0,0.793811559677124,1.1886083603078157,0.5976192318832856,0.4023807681167144
Drew Eubanks,SAC,PHX,PTS,7.5,-106,-125,0.5145631067961165,0.5555555555555556,0.4808467741935484,0.5191532258064516,18.0,6.7976043820381165,3.734396228820781,0.42540378142858026,0.5745962185714197
Drew Eubanks,SAC,PHX,REB,4.5,-106,-125,0.5145631067961165,0.5555555555555556,0.4808467741935484,0.5191532258064516,18.0,3.2067147195339203,1.780646353474323,0.2338271240595159,0.7661728759404841
Duncan Robinson,DET,@BOS,PTS,10.5,100,-132,0.5,0.5689655172413793,0.4677419354838709,0.532258064516129,30.759999999999998,11.429901783466338,5.984530494129258,0.5617408000494376,0.4382591999505624
Duncan Robinson,DET,@BOS,REB,2.5,100,-135,0.5,0.574468085106383,0.4653465346534653,0.5346534653465347,30.759999999999998,3.3233261370658873,2.7982799004823065,0.6157073156961224,0.38429268430387764
Dylan Harper,SAS,@POR,AST,3.5,106,-140,0.4854368932038835,0.5833333333333334,0.45420136260408783,0.5457986373959123,22.4,3.291021919250488,1.5860475700925043,0.44758695006887395,0.552413049931126
Dylan Harper,SAS,@POR,PTS,12.5,-102,-130,0.504950495049505,0.5652173913043478,0.4718423169750604,0.5281576830249397,22.4,14.163503074645995,4.975284522542281,0.6309435335728775,0.36905646642712253
Dylan Harper,SAS,@POR,REB,2.5,-155,115,0.6078431372549019,0.46511627906976744,0.5665108372290693,0.43348916277093075,22.4,3.5872516632080074,2.1203001747845174,0.695948072185915,0.30405192781408497
Giannis Antetokounmpo,MIL,@MIA,AST,5.5,-133,101,0.5708154506437768,0.4975124378109453,0.5343073571442848,0.46569264285571527,32.56,7.6751977682113655,2.343222208308797,0.8233723080029193,0.17662769199708073
Giannis Antetokounmpo,MIL,@MIA,PTS,28.5,-102,-130,0.504950495049505,0.5652173913043478,0.4718423169750604,0.5281576830249397,32.56,29.557357282638552,7.206686291617606,0.5583230608019192,0.4416769391980808
Giannis Antetokounmpo,MIL,@MIA,REB,9.5,-133,101,0.5708154506437768,0.4975124378109453,0.5343073571442848,0.46569264285571527,32.56,9.897722477912904,3.189506113987895,0.549618362429885,0.45038163757011496
Harrison Barnes,SAS,@POR,AST,2.5,125,-170,0.4444444444444444,0.6296296296296297,0.41379310344827586,0.5862068965517242,31.720000000000002,1.8522437343001368,2.083488818042512,0.37793839664394857,0.6220616033560514
Harrison Barnes,SAS,@POR,PTS,12.5,-123,-104,0.5515695067264574,0.5098039215686274,0.519675254742772,0.480324745257228,31.720000000000002,11.522132674455644,6.1500005890862,0.4368333331477189,0.5631666668522811
Harrison Barnes,SAS,@POR,REB,3.5,-115,-115,0.5348837209302325,0.5348837209302325,0.5,0.5,31.720000000000002,4.590269873738289,2.9115646586138015,0.6459696307896738,0.35403036921032616
Immanuel Quickley,TOR,IND,AST,5.5,-150,114,0.6,0.4672897196261682,0.5621716287215411,0.43782837127845886,31.6,4.728564476966858,2.15486331113581,0.3601726191712864,0.6398273808287136
Immanuel Quickley,TOR,IND,PTS,16.5,-120,-112,0.5454545454545454,0.5283018867924528,0.5079872204472844,0.4920127795527157,31.6,13.267524373531343,6.191648112050786,0.30081069003321204,0.699189309966788
Immanuel Quickley,TOR,IND,REB,4.5,132,-178,0.43103448275862066,0.6402877697841727,0.4023387750376288,0.5976612249623713,31.6,5.241291278600693,2.9209346326400656,0.6001694178061527,0.39983058219384726
Isaiah Hartenstein,OKC,MIN,AST,3.5,112,-148,0.4716981132075472,0.5967741935483871,0.44146966676160637,0.5585303332383936,25.6,3.580633926391602,1.770133694216459,0.5181665153526016,0.4818334846473984
Isaiah Hartenstein,OKC,MIN,PTS,11.5,-115,-115,0.5348837209302325,0.5348837209302325,0.5,0.5,25.6,12.596870422363281,5.233616402891966,0.5830029330166573,0.4169970669833427
Isaiah Hartenstein,OKC,MIN,REB,9.5,-117,-112,0.5391705069124424,0.5283018867924528,0.5050908202329559,0.494909179767044,25.6,9.89853515625,2.813949236629606,0.5563132374092479,0.4436867625907521
Isaiah Jackson,IND,@TOR,AST,1.5,115,-152,0.46511627906976744,0.6031746031746031,0.43538355217691777,0.5646164478230822,19.759999999999998,0.9096760967373847,1.3033097575119967,0.32529520492804076,0.6747047950719592
Isaiah Jackson,IND,@TOR,PTS,7.5,-101,-126,0.5024875621890548,0.5575221238938053,0.47404053829539794,0.5259594617046021,19.759999999999998,7.96497124671936,4.079284380841579,0.5453745765239477,0.4546254234760523
Isaiah Jackson,IND,@TOR,REB,5.5,-101,-131,0.5024875621890548,0.5670995670995671,0.46979581974145224,0.5302041802585478,19.759999999999998,6.09274094581604,2.1962333427834464,0.6063774771686865,0.3936225228313135
Isaiah Stewart,DET,@BOS,AST,0.5,-235,170,0.7014925373134329,0.37037037037037035,0.6544610624033007,0.34553893759669935,21.28,1.4657714569568634,1.4178602943502658,0.7521107981163861,0.24788920188361385
Isaiah Stewart,DET,@BOS,PTS,7.5,105,-140,0.4878048780487805,0.5833333333333334,0.4554079696394686,0.5445920303605313,21.28,9.401358098983765,4.40659698970515,0.6669402735563487,0.33305972644365134
Isaiah Stewart,DET,@BOS,REB,5.5,102,-136,0.49504950495049505,0.576271186440678,0.46209273182957394,0.5379072681704261,21.28,5.506539750099183,2.197776527402563,0.5011870992956611,0.4988129007043389
Ja'Kobe Walter,TOR,IND,AST,1.5,100,-135,0.5,0.574468085106383,0.4653465346534653,0.5346534653465347,15.0,0.7238751277327538,0.9991799934136816,0.21864965252979363,0.7813503474702064
Ja'Kobe Walter,TOR,IND,PTS,8.5,-125,-106,0.5555555555555556,0.5145631067961165,0.5191532258064516,0.4808467741935484,15.0,4.084521532058716,3.0406342166881393,0.07322896853882832,0.9267710314611717
Ja'Kobe Walter,TOR,IND,REB,2.5,-165,125,0.6226415094339622,0.4444444444444444,0.5834970530451867,0.4165029469548134,15.0,1.6236726567149162,1.4211882058458782,0.26874402935295805,0.731255970647042
Jaden Ivey,DET,@BOS,PTS,8.5,-122,-108,0.5495495495495496,0.5192307692307693,0.5141838223374939,0.48581617766250607,14.7,13.260777515172958,4.688082378770452,0.8450677440045341,0.1549322559954659
Jaden McDaniels,MIN,@OKC,AST,1.5,-155,115,0.6078431372549019,0.46511627906976744,0.5665108372290693,0.43348916277093075,33.96,2.7812726560235026,2.2416603769493437,0.7161943707388773,0.28380562926112274
Jaden McDaniels,MIN,@OKC,PTS,13.5,-108,-122,0.5192307692307693,0.5495495495495496,0.48581617766250607,0.5141838223374939,33.96,16.376558386087417,6.692327945235515,0.6663400776275531,0.3336599223724469
Jaden McDaniels,MIN,@OKC,REB,4.5,-111,-118,0.5260663507109005,0.5412844036697247,0.4928711096627016,0.5071288903372982,33.96,5.051314426660538,3.1118514006627995,0.5703110197524623,0.42968898024753766
Jakob Poeltl,TOR,IND,AST,1.5,-135,100,0.574468085106383,0.5,0.5346534653465347,0.4653465346534653,27.8,1.4484261624515058,1.8264695984616948,0.4887366039076665,0.5112633960923335
Jakob Poeltl,TOR,IND,PTS,12.5,-112,-118,0.5283018867924528,0.5412844036697247,0.4939310568053083,0.5060689431946916,27.8,10.050163823366166,5.437781897957083,0.32616732569333706,0.6738326743066629
Jakob Poeltl,TOR,IND,REB,9.5,100,-135,0.5,0.574468085106383,0.4653465346534653,0.5346534653465347,27.8,9.179083240032197,2.85496131236569,0.4552504743301109,0.5447495256698891
Jalen Brunson,NYK,@CHA,AST,6.5,100,-135,0.5,0.574468085106383,0.4653465346534653,0.5346534653465347,34.92,6.693155445456505,2.4158045091662843,0.5318634433421315,0.46813655665786846
Jalen Brunson,NYK,@CHA,PTS,28.5,-110,-118,0.5238095238095238,0.5412844036697247,0.49179655455291227,0.5082034454470877,34.92,26.471564762592315,7.290738011414041,0.39042141994154744,0.6095785800584526
Jalen Brunson,NYK,@CHA,REB,3.5,142,-192,0.4132231404958678,0.6575342465753424,0.3859166842884331,0.6140833157115669,34.92,3.5392453587055206,3.1634464766975543,0.5049491057975509,0.4950508942024491
Jalen Duren,DET,@BOS,AST,2.5,135,-185,0.425531914893617,0.6491228070175439,0.3959708232025009,0.6040291767974991,30.36,2.7545615646243093,2.0166256795751236,0.5502256377792534,0.4497743622207466
Jalen Duren,DET,@BOS,PTS,19.5,-110,-120,0.5238095238095238,0.5454545454545454,0.48987854251012153,0.5101214574898786,30.36,19.076189045906066,6.283376584471316,0.4731119099237676,0.5268880900762324
Jalen Duren,DET,@BOS,REB,12.5,104,-138,0.49019607843137253,0.5798319327731093,0.4581151832460733,0.5418848167539267,30.36,11.411078102588654,3.14951727306275,0.3647681300133909,0.6352318699866091
Jamal Shead,TOR,IND,AST,5.5,-145,109,0.5918367346938775,0.4784688995215311,0.5529604963050816,0.44703950369491835,19.4,4.71591976583004,1.6259263229276466,0.3148191468092658,0.6851808531907342
Jamal Shead,TOR,IND,PTS,7.5,-104,-128,0.5098039215686274,0.5614035087719298,0.47591522157996147,0.5240847784200385,19.4,6.378384524583816,3.896661171847952,0.38673455701864257,0.6132654429813574
Jamal Shead,TOR,IND,REB,1.5,-145,105,0.5918367346938775,0.4878048780487805,0.5481788842784694,0.45182111572153066,19.4,1.8054986014962195,1.7848143193737005,0.5679531754693479,0.43204682453065213
Jarace Walker,IND,@TOR,AST,1.5,-145,105,0.5918367346938775,0.4878048780487805,0.5481788842784694,0.45182111572153066,26.36,1.8834444549679756,1.7453784927255989,0.5869442062606398,0.4130557937393602
Jarace Walker,IND,@TOR,PTS,8.5,-115,-115,0.5348837209302325,0.5348837209302325,0.5,0.5,26.36,10.475360870361328,5.224794245591531,0.6473123317837297,0.3526876682162703
Jarace Walker,IND,@TOR,REB,3.5,-163,123,0.6197718631178707,0.4484304932735426,0.5802008012897253,0.4197991987102747,26.36,3.61585663318634,2.4353923718672514,0.5189713503380388,0.48102864966196124
Jay Huff,IND,@TOR,AST,0.5,-225,170,0.6923076923076923,0.37037037037037035,0.6514745308310992,0.34852546916890076,19.28,1.520640432238579,1.3004756813559817,0.7837206937305354,0.21627930626946457
Jay Huff,IND,@TOR,PTS,7.5,-115,-115,0.5348837209302325,0.5348837209302325,0.5,0.5,19.28,7.767431268692017,3.99706043740603,0.5266721244559607,0.4733278755440393
Jay Huff,IND,@TOR,REB,3.5,-105,-125,0.5121951219512195,0.5555555555555556,0.4796954314720812,0.5203045685279188,19.28,3.3868043661117557,1.8814102092076854,0.4760119859800329,0.5239880140199671
Jaylen Brown,BOS,DET,AST,4.5,134,-180,0.42735042735042733,0.6428571428571429,0.3993154592127781,0.600684540787222,32.6,6.050745975971222,2.2647916422156995,0.7532393864215794,0.2467606135784206
Jaylen Brown,BOS,DET,PTS,26.5,-121,-106,0.5475113122171946,0.5145631067961165,0.5155112508272668,0.48448874917273327,32.6,30.59132217168808,7.281819806066853,0.7128923725630595,0.2871076274369405
Jaylen Brown,BOS,DET,REB,5.5,-125,-106,0.5555555555555556,0.5145631067961165,0.5191532258064516,0.4808467741935484,32.6,5.616921091079712,3.014560837622914,0.5154692763381357,0.48453072366186434
Jaylen Wells,MEM,@NOP,AST,2.5,145,-200,0.40816326530612246,0.6666666666666666,0.37974683544303806,0.6202531645569621,28.0,2.3956472873687744,1.8613751219891572,0.47764614364301616,0.5223538563569838
Jaylen Wells,MEM,@NOP,PTS,13.5,107,-145,0.4830917874396135,0.5918367346938775,0.4494175914885811,0.5505824085114189,28.0,10.50711965560913,5.490146953575183,0.2928297671785858,0.7071702328214142
Jaylen Wells,MEM,@NOP,REB,3.5,-120,-110,0.5454545454545454,0.5238095238095238,0.5101214574898786,0.48987854251012153,28.0,3.541277229785919,2.5690022111975,0.5064096961846971,0.4935903038153029
Jerami Grant,POR,SAS,AST,2.5,-132,100,0.5689655172413793,0.5,0.532258064516129,0.4677419354838709,32.0,3.538498640060425,2.1383120414096197,0.6863968730291641,0.3136031269708359
Jerami Grant,POR,SAS,PTS,19.5,-107,-120,0.5169082125603864,0.5454545454545454,0.48656469615543607,0.5134353038445638,32.0,19.87383270263672,6.551971901484398,0.5227499132077746,0.47725008679222536
Jerami Grant,POR,SAS,REB,3.5,-113,-116,0.5305164319248826,0.5370370370370371,0.49694600537503053,0.5030539946249695,32.0,4.388906478881836,2.9297433529726793,0.6192103830794894,0.3807896169205106
Jeremiah Fears,NOP,MEM,AST,2.5,-138,105,0.5798319327731093,0.4878048780487805,0.5430984833941255,0.45690151660587436,27.6,2.7816027224063875,1.8493613633867985,0.5605131069546936,0.4394868930453064
Jeremiah Fears,NOP,MEM,PTS,14.5,-118,-110,0.5412844036697247,0.5238095238095238,0.5082034454470877,0.49179655455291227,27.6,18.973055505752566,5.933725215109299,0.7745261389949212,0.22547386100507882
Jeremiah Fears,NOP,MEM,REB,3.5,104,-138,0.49019607843137253,0.5798319327731093,0.4581151832460733,0.5418848167539267,27.6,3.971145021915436,2.550211408142914,0.5732864314640983,0.4267135685359017
Jeremy Sochan,SAS,@POR,AST,2.5,135,-185,0.425531914893617,0.6491228070175439,0.3959708232025009,0.6040291767974991,20.0,1.6899529099464417,1.3519530693117314,0.27453041169364156,0.7254695883063584
Jeremy Sochan,SAS,@POR,PTS,8.5,-105,-125,0.5121951219512195,0.5555555555555556,0.4796954314720812,0.5203045685279188,20.0,6.62635862827301,4.005927350912989,0.3199933975532121,0.6800066024467879
Jeremy Sochan,SAS,@POR,REB,5.5,105,-140,0.4878048780487805,0.5833333333333334,0.4554079696394686,0.5445920303605313,20.0,3.527693450450897,1.942183594127579,0.1549314293651921,0.8450685706348079
Jock Landale,MEM,@NOP,AST,1.5,105,-140,0.4878048780487805,0.5833333333333334,0.4554079696394686,0.5445920303605313,17.880000000000003,1.3141380357742312,1.206421773213367,0.4387810090140186,0.5612189909859814
Jock Landale,MEM,@NOP,PTS,8.5,-110,-118,0.5238095238095238,0.5412844036697247,0.49179655455291227,0.5082034454470877,17.880000000000003,8.572936116456987,3.9157864316716307,0.507430338386124,0.49256966161387605
Jock Landale,MEM,@NOP,REB,4.5,-115,-115,0.5348837209302325,0.5348837209302325,0.5,0.5,17.880000000000003,4.051656335592271,1.86599717891675,0.4050603667344653,0.5949396332655347
Jordan Clarkson,NYK,@CHA,AST,1.5,-165,125,0.6226415094339622,0.4444444444444444,0.5834970530451867,0.4165029469548134,21.92,1.8383054876327516,1.47252557607445,0.5908550636128287,0.4091449363871713
Jordan Clarkson,NYK,@CHA,PTS,11.5,-127,-106,0.5594713656387665,0.5145631067961165,0.5209063395985983,0.4790936604014018,21.92,11.34650013923645,4.65585408684543,0.4868495680350279,0.5131504319649721
Jordan Clarkson,NYK,@CHA,REB,1.5,-190,140,0.6551724137931034,0.4166666666666667,0.6112600536193029,0.38873994638069703,21.92,1.98986700296402,2.0042977783103524,0.596542691020475,0.40345730897952503
Jordan Goodwin,PHX,@SAC,AST,3.5,136,-182,0.423728813559322,0.6453900709219859,0.39633460760062966,0.6036653923993704,27.72,2.6415488183498383,1.8518630149253765,0.32148120677323455,0.6785187932267654
Jordan Goodwin,PHX,@SAC,PTS,9.5,-120,-110,0.5454545454545454,0.5238095238095238,0.5101214574898786,0.48987854251012153,27.72,10.145546343326568,5.428658304201311,0.5473284643720406,0.45267153562795936
Jordan Goodwin,PHX,@SAC,REB,5.5,105,-140,0.4878048780487805,0.5833333333333334,0.4554079696394686,0.5445920303605313,27.72,5.9986888897418975,2.6491456308108527,0.5746577705574618,0.4253422294425382
Jordan Walsh,BOS,DET,AST,0.5,-250,180,0.7142857142857143,0.35714285714285715,0.6666666666666667,0.33333333333333337,23.0,1.8240756765007973,1.5367565359284676,0.8055472830213104,0.1944527169786896
Jordan Walsh,BOS,DET,PTS,5.5,-108,-122,0.5192307692307693,0.5495495495495496,0.48581617766250607,0.5141838223374939,23.0,8.10464832186699,4.566426005460198,0.7157937357261464,0.28420626427385365
Jordan Walsh,BOS,DET,REB,4.5,-114,-116,0.5327102803738317,0.5370370370370371,0.49797767351561234,0.5020223264843877,23.0,5.250135153532028,2.2763827277936217,0.6291222319075445,0.37087776809245554
Jose Alvarado,NOP,MEM,AST,3.5,135,-185,0.425531914893617,0.6491228070175439,0.3959708232025009,0.6040291767974991,20.8,2.9139436721801757,1.478818838080429,0.34594175830010787,0.6540582416998921
Jose Alvarado,NOP,MEM,PTS,7.5,-125,-106,0.5555555555555556,0.5145631067961165,0.5191532258064516,0.4808467741935484,20.8,9.12911491394043,4.319790935451421,0.6469608267091564,0.35303917329084356
Jose Alvarado,NOP,MEM,REB,2.5,-125,-105,0.5555555555555556,0.5121951219512195,0.5203045685279188,0.4796954314720812,20.8,2.9357386350631716,1.9590028287384793,0.5880099502817749,0.41199004971822506
Josh Hart,NYK,@CHA,AST,4.5,-108,-124,0.5192307692307693,0.5535714285714286,0.4839948783610755,0.5160051216389244,32.6,6.125319191813469,2.268116528056308,0.7631877436835065,0.2368122563164935
Josh Hart,NYK,@CHA,PTS,11.5,-112,-118,0.5283018867924528,0.5412844036697247,0.4939310568053083,0.5060689431946916,32.6,11.505456125736236,6.299916269248192,0.5003455091906359,0.4996544908093641
Josh Hart,NYK,@CHA,REB,7.5,-119,-110,0.54337899543379,0.5238095238095238,0.5091687041564792,0.49083129584352075,32.6,7.075120311975479,3.065088957734147,0.44487559851751746,0.5551244014824825
Josh Okogie,HOU,@GSW,AST,1.5,125,-165,0.4444444444444444,0.6226415094339622,0.4165029469548134,0.5834970530451867,25.04,1.5952007436752318,1.6550579635686844,0.5229349480821273,0.47706505191787274
Josh Okogie,HOU,@GSW,PTS,9.5,-117,-114,0.5391705069124424,0.5327102803738317,0.5030135004821601,0.4969864995178399,25.04,7.690446619987488,4.876792194017506,0.35529864602942784,0.6447013539705722
Josh Okogie,HOU,@GSW,REB,4.5,135,-185,0.425531914893617,0.6491228070175439,0.3959708232025009,0.6040291767974991,25.04,3.611178740262985,2.327954207474291,0.3513035300912095,0.6486964699087905
Julian Champagnie,SAS,@POR,AST,1.5,-105,-130,0.5121951219512195,0.5652173913043478,0.4753937007874017,0.5246062992125985,25.520000000000003,1.4107780179381373,1.6807102991498521,0.47883174161540154,0.5211682583845985
Julian Champagnie,SAS,@POR,PTS,11.5,-114,-111,0.5327102803738317,0.5260663507109005,0.5031375502008032,0.4968624497991968,25.520000000000003,8.246817889213563,4.981707941277242,0.256869933098528,0.743130066901472
Julian Champagnie,SAS,@POR,REB,4.5,-140,105,0.5833333333333334,0.4878048780487805,0.5445920303605313,0.4554079696394686,25.520000000000003,3.159350573420525,2.3491283044386075,0.2841012347540459,0.7158987652459541
Julius Randle,MIN,@OKC,AST,4.5,-154,117,0.6062992125984252,0.4608294930875576,0.5681594069842565,0.43184059301574346,32.92,4.210509350299835,2.213450600331936,0.44797188820227796,0.552028111797722
Julius Randle,MIN,@OKC,PTS,20.5,-115,-110,0.5348837209302325,0.5238095238095238,0.5052301255230125,0.4947698744769875,32.92,21.882388105392458,6.784211575521961,0.5807316137824241,0.4192683862175759
Julius Randle,MIN,@OKC,REB,6.5,-113,-117,0.5305164319248826,0.5391705069124424,0.4959548561951377,0.5040451438048622,32.92,8.015104942917825,3.127064383955139,0.6859892608983698,0.31401073910163024
Karl-Anthony Towns,NYK,@CHA,AST,2.5,-155,115,0.6078431372549019,0.46511627906976744,0.5665108372290693,0.43348916277093075,35.24,4.241147242188454,2.353524621734625,0.770290574568683,0.229709425431317
Karl-Anthony Towns,NYK,@CHA,PTS,24.5,100,-132,0.5,0.5689655172413793,0.4677419354838709,0.532258064516129,35.24,24.066845729351044,7.21369103359089,0.4760594449928959,0.5239405550071041
Karl-Anthony Towns,NYK,@CHA,REB,11.5,-116,-113,0.5370370370370371,0.5305164319248826,0.5030539946249695,0.49694600537503053,35.24,11.002856752872468,3.4244334365891236,0.44228622250443517,0.5577137774955648
Keegan Murray,SAC,PHX,AST,1.5,105,-140,0.4878048780487805,0.5833333333333334,0.4554079696394686,0.5445920303605313,24.5,2.068142034113407,1.6369198046917441,0.6357343697843796,0.3642656302156204
Keegan Murray,SAC,PHX,PTS,14.5,-102,-130,0.504950495049505,0.5652173913043478,0.4718423169750604,0.5281576830249397,24.5,10.787481129169464,4.959363889793372,0.22705287011666198,0.772947129883338
Keegan Murray,SAC,PHX,REB,5.5,-137,104,0.5780590717299579,0.49019607843137253,0.5411245353159851,0.4588754646840148,24.5,3.266528107225895,2.269469520840597,0.16252375702470434,0.8374762429752957
Kel'el Ware,MIA,MIL,AST,0.5,-190,140,0.6551724137931034,0.4166666666666667,0.6112600536193029,0.38873994638069703,27.8,1.0352416165173055,1.8200461469099618,0.6156521267796939,0.38434787322030606
Kel'el Ware,MIA,MIL,PTS,12.5,-124,-103,0.5535714285714286,0.5073891625615764,0.5217643644805572,0.47823563551944287,27.8,11.193178659677505,5.488505609467092,0.40590119119442114,0.5940988088055789
Kel'el Ware,MIA,MIL,REB,11.5,-109,-122,0.5215311004784688,0.5495495495495496,0.4869204764971024,0.5130795235028978,27.8,12.757883262634278,3.1532113924682323,0.6550244117083678,0.3449755882916322
Keldon Johnson,SAS,@POR,AST,2.5,135,-185,0.425531914893617,0.6491228070175439,0.3959708232025009,0.6040291767974991,24.64,1.6072970509529114,1.6303799363419182,0.29200290490104586,0.7079970950989541
Keldon Johnson,SAS,@POR,PTS,13.5,-124,-103,0.5535714285714286,0.5073891625615764,0.5217643644805572,0.47823563551944287,24.64,11.424556741714477,5.0209941051174045,0.33967398153928896,0.660326018460711
Keldon Johnson,SAS,@POR,REB,6.5,-124,-108,0.5535714285714286,0.5192307692307693,0.5160051216389244,0.4839948783610755,24.64,7.3179556751251225,2.5393521560835697,0.6263160572713337,0.37368394272866634
Kentavious Caldwell-Pope,MEM,@NOP,AST,2.5,-135,100,0.574468085106383,0.5,0.5346534653465347,0.4653465346534653,20.32,2.364278531074524,1.4126330437040897,0.4617297304331952,0.5382702695668048
Kentavious Caldwell-Pope,MEM,@NOP,PTS,7.5,-110,-120,0.5238095238095238,0.5454545454545454,0.48987854251012153,0.5101214574898786,20.32,6.52020884513855,4.047529425645124,0.40436241551094143,0.5956375844890586
Kentavious Caldwell-Pope,MEM,@NOP,REB,1.5,-150,110,0.6,0.47619047619047616,0.5575221238938053,0.4424778761061947,20.32,2.4938156521320343,1.8955030837789133,0.6999656725529187,0.30003432744708125
Kon Knueppel,CHA,NYK,AST,2.5,-146,111,0.5934959349593496,0.47393364928909953,0.5560047648269141,0.4439952351730859,36.0,3.1176618933677673,2.376179084206207,0.6025446315179019,0.39745536848209806
Kon Knueppel,CHA,NYK,PTS,17.5,-108,-122,0.5192307692307693,0.5495495495495496,0.48581617766250607,0.5141838223374939,36.0,19.315855264663696,7.127288861406888,0.6005515706103306,0.3994484293896694
Kon Knueppel,CHA,NYK,REB,4.5,-139,106,0.5815899581589958,0.4854368932038835,0.545056534815548,0.45494346518445195,36.0,5.43284010887146,3.2931952165819776,0.6115123522025172,0.3884876477974828
Kris Murray,POR,SAS,AST,1.5,-120,-110,0.5454545454545454,0.5238095238095238,0.5101214574898786,0.48987854251012153,27.2,1.2408950567245483,1.7844940167826422,0.4422772766822314,0.5577227233177686
Kris Murray,POR,SAS,PTS,5.5,-104,-128,0.5098039215686274,0.5614035087719298,0.47591522157996147,0.5240847784200385,27.2,5.967798042297363,5.191244442488415,0.5359012471429643,0.4640987528570357
Kris Murray,POR,SAS,REB,3.5,101,-133,0.4975124378109453,0.5708154506437768,0.46569264285571527,0.5343073571442848,27.2,4.43918890953064,2.5360635705479746,0.6444329348936861,0.35556706510631386
Kyle Kuzma,MIL,@MIA,AST,1.5,-150,110,0.6,0.47619047619047616,0.5575221238938053,0.4424778761061947,25.36,1.7610178554058074,1.6796736953496707,0.5617462014216437,0.43825379857835634
Kyle Kuzma,MIL,@MIA,PTS,12.5,-105,-121,0.5121951219512195,0.5475113122171946,0.4833368048323266,0.5166631951676735,25.36,12.446936483383178,5.190136152717373,0.4959213186495658,0.5040786813504342
Kyle Kuzma,MIL,@MIA,REB,4.5,100,-135,0.5,0.574468085106383,0.4653465346534653,0.5346534653465347,25.36,3.8815370845794677,2.3655220813485793,0.3968732131995819,0.6031267868004181
LaMelo Ball,CHA,NYK,AST,6.5,-148,112,0.5967741935483871,0.4716981132075472,0.5585303332383936,0.44146966676160637,30.2,8.719962674379348,2.313224680980224,0.8313926388315138,0.16860736116848618
LaMelo Ball,CHA,NYK,PTS,19.5,-104,-128,0.5098039215686274,0.5614035087719298,0.47591522157996147,0.5240847784200385,30.2,21.480778050422668,6.410865641827959,0.621328591142174,0.378671408857826
LaMelo Ball,CHA,NYK,REB,4.5,105,-145,0.4878048780487805,0.5918367346938775,0.45182111572153066,0.5481788842784694,30.2,5.853039079904556,2.830542420682209,0.6836799017202608,0.31632009827973917
Luguentz Dort,OKC,MIN,AST,0.5,-155,115,0.6078431372549019,0.46511627906976744,0.5665108372290693,0.43348916277093075,23.8,1.072598971426487,1.563901965125851,0.6428677635785454,0.35713223642145464
Luguentz Dort,OKC,MIN,PTS,8.5,-120,-110,0.5454545454545454,0.5238095238095238,0.5101214574898786,0.48987854251012153,23.8,7.156274354457856,4.6451642368380766,0.38618582014346914,0.6138141798565309
Luguentz Dort,OKC,MIN,REB,3.5,-120,-110,0.5454545454545454,0.5238095238095238,0.5101214574898786,0.48987854251012153,23.8,3.042685920000076,2.202902889861014,0.4177721693262233,0.5822278306737767
Luka Garza,BOS,DET,PTS,9.5,-101,-127,0.5024875621890548,0.5594713656387665,0.47317042968588763,0.5268295703141123,17.4,7.7658149778842915,3.767553006694118,0.32265231995725574,0.6773476800427443
Luka Garza,BOS,DET,REB,5.5,-109,-121,0.5215311004784688,0.5475113122171946,0.48784883956417835,0.5121511604358217,17.4,5.354026293754577,2.0272799775667214,0.471299079895931,0.528700920104069
Luke Kornet,SAS,@POR,AST,2.5,148,-200,0.4032258064516129,0.6666666666666666,0.3768844221105528,0.6231155778894473,25.4,1.683749121427536,1.6799990506939262,0.3135318350915116,0.6864681649084884
Luke Kornet,SAS,@POR,PTS,9.5,-110,-118,0.5238095238095238,0.5412844036697247,0.49179655455291227,0.5082034454470877,25.4,7.369758945703506,4.923901389054336,0.3326407924333755,0.6673592075666245
Luke Kornet,SAS,@POR,REB,6.5,-114,-117,0.5327102803738317,0.5391705069124424,0.4969864995178399,0.5030135004821601,25.4,5.785604035854339,2.47265798836044,0.3863219772323647,0.6136780227676353
Malik Monk,SAC,PHX,AST,2.5,-145,110,0.5918367346938775,0.47619047619047616,0.554140127388535,0.4458598726114649,22.2,2.0258077785372732,1.4979031376931367,0.3757846914807996,0.6242153085192004
Malik Monk,SAC,PHX,PTS,11.5,-120,-110,0.5454545454545454,0.5238095238095238,0.5101214574898786,0.48987854251012153,22.2,11.48137936592102,4.701543787665923,0.4984199788118564,0.5015800211881436
Malik Monk,SAC,PHX,REB,2.5,115,-155,0.46511627906976744,0.6078431372549019,0.43348916277093075,0.5665108372290693,22.2,2.5497397899627683,2.050386225698159,0.5096768886293228,0.4903231113706772
Mark Williams,PHX,@SAC,AST,1.5,160,-220,0.38461538461538464,0.6875,0.3587443946188341,0.641255605381166,26.48,1.1769257122278214,1.7372719878909664,0.4262355394086115,0.5737644605913885
Mark Williams,PHX,@SAC,PTS,13.5,-105,-125,0.5121951219512195,0.5555555555555556,0.4796954314720812,0.5203045685279188,26.48,11.954046931266785,5.322719021752455,0.38573820236116085,0.6142617976388391
Mark Williams,PHX,@SAC,REB,8.5,-130,-102,0.5652173913043478,0.504950495049505,0.5281576830249397,0.4718423169750604,26.48,8.63475371837616,2.7433574386086095,0.5195881676692791,0.48041183233072093
Mikal Bridges,NYK,@CHA,AST,3.5,-138,105,0.5798319327731093,0.4878048780487805,0.5430984833941255,0.45690151660587436,35.56,4.855882593393326,2.3893313494517594,0.7148037896241233,0.2851962103758767
Mikal Bridges,NYK,@CHA,PTS,15.5,-120,-110,0.5454545454545454,0.5238095238095238,0.5101214574898786,0.48987854251012153,35.56,15.978235280513765,6.9405071978265696,0.5274673596216897,0.47253264037831033
Mikal Bridges,NYK,@CHA,REB,4.5,123,-162,0.4484304932735426,0.6183206106870229,0.4203703109456728,0.5796296890543273,35.56,3.998442349433899,3.2268709847213906,0.43824054534028944,0.5617594546597106
Mike Conley,MIN,@OKC,AST,2.5,-140,105,0.5833333333333334,0.4878048780487805,0.5445920303605313,0.4554079696394686,20.0,2.64812171459198,1.4181267529724415,0.5415934227269225,0.45840657727307754
Mike Conley,MIN,@OKC,PTS,4.5,-140,105,0.5833333333333334,0.4878048780487805,0.5445920303605313,0.4554079696394686,20.0,4.656859636306763,3.881681479434395,0.5161169622041255,0.4838830377958745
Mike Conley,MIN,@OKC,REB,1.5,-130,100,0.5652173913043478,0.5,0.5306122448979592,0.4693877551020409,20.0,2.12006539106369,1.8497255400473815,0.6312705125613405,0.3687294874386595
Miles Bridges,CHA,NYK,AST,3.5,126,-167,0.4424778761061947,0.6254681647940075,0.4143260606436796,0.5856739393563204,35.0,3.817976601421833,2.3284678921995527,0.5543108763706179,0.44568912362938207
Miles Bridges,CHA,NYK,PTS,19.5,105,-140,0.4878048780487805,0.5833333333333334,0.4554079696394686,0.5445920303605313,35.0,20.83419680595398,7.033186396316159,0.5752279646145826,0.4247720353854174
Miles Bridges,CHA,NYK,REB,6.5,-121,-109,0.5475113122171946,0.5215311004784688,0.5121511604358217,0.48784883956417835,35.0,6.121200993657112,3.226579818595203,0.4532717218500646,0.5467282781499354
Miles McBride,NYK,@CHA,AST,2.5,-110,-120,0.5238095238095238,0.5454545454545454,0.48987854251012153,0.5101214574898786,28.240000000000002,2.5708477848768236,1.8812774899662348,0.5150203771526098,0.48497962284739016
Miles McBride,NYK,@CHA,PTS,11.5,115,-155,0.46511627906976744,0.6078431372549019,0.43348916277093075,0.5665108372290693,28.240000000000002,10.744312267303467,5.539614836706127,0.44574652430283423,0.5542534756971658
Miles McBride,NYK,@CHA,REB,2.5,-110,-125,0.5238095238095238,0.5555555555555556,0.48529411764705876,0.5147058823529411,28.240000000000002,3.162737233042717,2.5782998361427825,0.6014277058785904,0.3985722941214096
Mitchell Robinson,NYK,@CHA,AST,0.5,115,-155,0.46511627906976744,0.6078431372549019,0.43348916277093075,0.5665108372290693,17.84,0.7477304276823997,1.1768913882590701,0.5833595469326455,0.41664045306735453
Mitchell Robinson,NYK,@CHA,PTS,4.5,105,-135,0.4878048780487805,0.574468085106383,0.4592085979482169,0.5407914020517831,17.84,5.108314075469971,3.560056176394023,0.5678378104818385,0.43216218951816154
Mitchell Robinson,NYK,@CHA,REB,6.5,-125,-110,0.5555555555555556,0.5238095238095238,0.5147058823529411,0.48529411764705876,17.84,5.998323702812195,2.1351438433860994,0.40711936271689597,0.592880637283104
Moses Moody,GSW,HOU,AST,1.5,-110,-120,0.5238095238095238,0.5454545454545454,0.48987854251012153,0.5101214574898786,31.4,2.301235280930996,2.071131846575557,0.6505695745678979,0.3494304254321021
Moses Moody,GSW,HOU,PTS,11.5,-118,-115,0.5412844036697247,0.5348837209302325,0.5029738302934179,0.4970261697065821,31.4,16.471102726459502,6.295731932524767,0.7851189614743644,0.21488103852563556
Moses Moody,GSW,HOU,REB,3.5,116,-155,0.46296296296296297,0.6078431372549019,0.43234994913530017,0.5676500508646999,31.4,4.049158665537834,2.8702569400735567,0.5758654342166384,0.4241345657833616
Moussa Diabate,CHA,NYK,AST,0.5,-185,135,0.6491228070175439,0.425531914893617,0.6040291767974991,0.3959708232025009,27.2,4.506311750411987,1.9057494478759698,0.9822331598460937,0.017766840153906283
Moussa Diabate,CHA,NYK,PTS,7.5,-105,-125,0.5121951219512195,0.5555555555555556,0.4796954314720812,0.5203045685279188,27.2,23.85811357498169,6.298533137206286,0.9952996922432773,0.004700307756722699
Moussa Diabate,CHA,NYK,REB,7.5,-115,-115,0.5348837209302325,0.5348837209302325,0.5,0.5,27.2,8.014897966384888,2.7374073873977167,0.5745996719959373,0.4254003280040627
Myles Turner,MIL,@MIA,AST,1.5,-130,-105,0.5652173913043478,0.5121951219512195,0.5246062992125985,0.4753937007874017,31.24,1.6790719382464885,2.0501605546965838,0.5348014859083596,0.46519851409164037
Myles Turner,MIL,@MIA,PTS,12.5,-122,-108,0.5495495495495496,0.5192307692307693,0.5141838223374939,0.48581617766250607,31.24,12.03843699812889,6.086734113478849,0.4697767850166775,0.5302232149833225
Myles Turner,MIL,@MIA,REB,6.5,-132,100,0.5689655172413793,0.5,0.532258064516129,0.4677419354838709,31.24,6.472221994400024,2.9362266163598463,0.49622588544912505,0.503774114550875
Naz Reid,MIN,@OKC,AST,1.5,-125,-105,0.5555555555555556,0.5121951219512195,0.5203045685279188,0.4796954314720812,25.04,1.9752590435743331,1.6665515536370061,0.612245010659998,0.38775498934000197
Naz Reid,MIN,@OKC,PTS,11.5,-110,-120,0.5238095238095238,0.5454545454545454,0.48987854251012153,0.5101214574898786,25.04,12.999080657958984,5.183930587389804,0.6137775628073528,0.38622243719264715
Naz Reid,MIN,@OKC,REB,5.5,106,-139,0.4854368932038835,0.5815899581589958,0.45494346518445195,0.545056534815548,25.04,5.891298321485519,2.4553903850379037,0.5633085469207932,0.43669145307920676
Norman Powell,MIA,MIL,AST,1.5,-179,133,0.6415770609318996,0.4291845493562232,0.5991782435674573,0.40082175643254275,30.2,2.929232680797577,2.0115413574348087,0.761307949435212,0.23869205056478804
Norman Powell,MIA,MIL,PTS,19.5,100,-130,0.5,0.5652173913043478,0.4693877551020409,0.5306122448979592,30.2,25.527293741703033,6.691656831544979,0.8161307820080427,0.18386921799195732
Norman Powell,MIA,MIL,REB,3.5,128,-172,0.43859649122807015,0.6323529411764706,0.40953986991086483,0.5904601300891351,30.2,3.4443041771650313,2.752966793635613,0.4919294693365259,0.5080705306634741
Oso Ighodaro,PHX,@SAC,AST,1.5,105,-140,0.4878048780487805,0.5833333333333334,0.4554079696394686,0.5445920303605313,12.84,1.1016914141178131,0.911754908582781,0.3311067050814058,0.6688932949185942
Oso Ighodaro,PHX,@SAC,PTS,5.5,-105,-125,0.5121951219512195,0.5555555555555556,0.4796954314720812,0.5203045685279188,12.84,3.079891728758812,2.6136217060166906,0.17723347190521577,0.8227665280947842
Oso Ighodaro,PHX,@SAC,REB,4.5,128,-172,0.43859649122807015,0.6323529411764706,0.40953986991086483,0.5904601300891351,12.84,2.442753294110298,1.402485946976848,0.07120744341061935,0.9287925565893806
Pascal Siakam,IND,@TOR,AST,3.5,-140,105,0.5833333333333334,0.4878048780487805,0.5445920303605313,0.4554079696394686,36.2,4.495526519417763,2.418142212251773,0.6597169074920509,0.3402830925079491
Pascal Siakam,IND,@TOR,PTS,22.5,-123,-103,0.5515695067264574,0.5073891625615764,0.520860277858901,0.4791397221410989,36.2,25.131985485553745,7.39808036655993,0.638992094605518,0.361007905394482
Pascal Siakam,IND,@TOR,REB,6.5,115,-155,0.46511627906976744,0.6078431372549019,0.43348916277093075,0.5665108372290693,36.2,6.295237475633622,3.33064817509694,0.47548915547320947,0.5245108445267905
Payton Pritchard,BOS,DET,AST,4.5,-106,-125,0.5145631067961165,0.5555555555555556,0.4808467741935484,0.5191532258064516,32.8,6.375103402137756,2.2898968254817103,0.7935666646809958,0.2064333353190042
Payton Pritchard,BOS,DET,PTS,16.5,-125,-105,0.5555555555555556,0.5121951219512195,0.5203045685279188,0.4796954314720812,32.8,20.83664093017578,6.7135655394324765,0.7408447715651634,0.2591552284348366
Payton Pritchard,BOS,DET,REB,4.5,134,-180,0.42735042735042733,0.6428571428571429,0.3993154592127781,0.600684540787222,32.8,4.5918182015419005,3.0025025858619654,0.5121979759276982,0.4878020240723018
Pelle Larsson,MIA,MIL,AST,3.5,126,-170,0.4424778761061947,0.6296296296296297,0.4127178232956283,0.5872821767043718,27.2,3.400105381011963,1.8502289189808472,0.47847140217715567,0.5215285978228443
Pelle Larsson,MIA,MIL,PTS,8.5,-105,-125,0.5121951219512195,0.5555555555555556,0.4796954314720812,0.5203045685279188,27.2,9.98657021522522,5.33645568206957,0.6097121318763294,0.39028786812367056
Pelle Larsson,MIA,MIL,REB,2.5,-115,-115,0.5348837209302325,0.5348837209302325,0.5,0.5,27.2,3.5437664508819577,2.5022361807515425,0.661709606184276,0.338290393815724
Precious Achiuwa,SAC,PHX,AST,0.5,-200,145,0.6666666666666666,0.40816326530612246,0.6202531645569621,0.37974683544303806,19.8,1.208925012499094,1.316709710685305,0.704851765813691,0.295148234186309
Precious Achiuwa,SAC,PHX,PTS,7.5,-110,-125,0.5238095238095238,0.5555555555555556,0.48529411764705876,0.5147058823529411,19.8,6.2724712014198305,3.9497553722238083,0.37798164462546346,0.6220183553745365
Precious Achiuwa,SAC,PHX,REB,5.5,-158,118,0.6124031007751938,0.45871559633027525,0.571741584224155,0.4282584157758449,19.8,4.781060743331909,2.046376231078033,0.3626729805823169,0.6373270194176831
Quinten Post,GSW,HOU,AST,1.5,135,-185,0.425531914893617,0.6491228070175439,0.3959708232025009,0.6040291767974991,14.4,1.1208741188049316,0.9945383198512222,0.35152448751498344,0.6484755124850166
Quinten Post,GSW,HOU,PTS,7.5,-110,-120,0.5238095238095238,0.5454545454545454,0.48987854251012153,0.5101214574898786,14.4,6.332286930084229,3.27510124375905,0.36071713248211823,0.6392828675178818
Quinten Post,GSW,HOU,REB,4.5,110,-145,0.47619047619047616,0.5918367346938775,0.4458598726114649,0.554140127388535,14.4,3.081840991973877,1.574455655348558,0.18386602029486943,0.8161339797051306
Reed Sheppard,HOU,@GSW,AST,3.5,-140,105,0.5833333333333334,0.4878048780487805,0.5445920303605313,0.4554079696394686,29.200000000000003,4.0737295866012575,1.9927256266621352,0.6132929429609106,0.38670705703908936
Reed Sheppard,HOU,@GSW,PTS,14.5,-115,-115,0.5348837209302325,0.5348837209302325,0.5,0.5,29.200000000000003,13.57495517730713,5.821656461695941,0.43687493935672617,0.5631250606432738
Reed Sheppard,HOU,@GSW,REB,3.5,128,-167,0.43859649122807015,0.6254681647940075,0.4121896998888477,0.5878103001111522,29.200000000000003,2.6408866554498673,2.6485863385078683,0.37283019458800637,0.6271698054119936
Royce O'Neale,PHX,@SAC,AST,2.5,-135,100,0.574468085106383,0.5,0.5346534653465347,0.4653465346534653,31.32,2.063040759265423,2.0615601233554894,0.4160708314015654,0.5839291685984346
Royce O'Neale,PHX,@SAC,PTS,11.5,100,-135,0.5,0.574468085106383,0.4653465346534653,0.5346534653465347,31.32,10.034857048988343,6.034586080098498,0.4040836692560711,0.5959163307439289
Royce O'Neale,PHX,@SAC,REB,4.5,-148,112,0.5967741935483871,0.4716981132075472,0.5585303332383936,0.44146966676160637,31.32,4.2880620038509365,2.8697143480827885,0.47056354091566877,0.5294364590843312
Rudy Gobert,MIN,@OKC,AST,1.5,125,-165,0.4444444444444444,0.6226415094339622,0.4165029469548134,0.5834970530451867,33.56,1.8276887351274491,2.200939520157814,0.5591781436952039,0.4408218563047961
Rudy Gobert,MIN,@OKC,PTS,9.5,102,-135,0.49504950495049505,0.574468085106383,0.4628717746700807,0.5371282253299192,33.56,9.810237634181977,6.421814419925134,0.5192653938147094,0.4807346061852906
Rudy Gobert,MIN,@OKC,REB,9.5,-125,-106,0.5555555555555556,0.5145631067961165,0.5191532258064516,0.4808467741935484,33.56,10.09526592373848,3.2667902314545674,0.5722939289787692,0.4277060710212308
Russell Westbrook,SAC,PHX,AST,6.5,-128,-105,0.5614035087719298,0.5121951219512195,0.5229174970107613,0.47708250298923877,29.4,7.476250845193863,2.19503649580243,0.6717511612119936,0.32824883878800637
Russell Westbrook,SAC,PHX,PTS,12.5,-125,-106,0.5555555555555556,0.5145631067961165,0.5191532258064516,0.4808467741935484,29.4,13.685883039236067,5.857914156536341,0.5802140800988856,0.41978591990111436
Russell Westbrook,SAC,PHX,REB,6.5,-128,-104,0.5614035087719298,0.5098039215686274,0.5240847784200385,0.47591522157996147,29.4,6.554842928051948,2.8003605295908156,0.5078124812974908,0.4921875187025092
Ryan Kalkbrenner,CHA,NYK,PTS,7.5,-104,-128,0.5098039215686274,0.5614035087719298,0.47591522157996147,0.5240847784200385,25.0,7.021687179803848,4.841500439185963,0.4606507829322215,0.5393492170677785
Ryan Kalkbrenner,CHA,NYK,REB,6.5,-102,-130,0.504950495049505,0.5652173913043478,0.4718423169750604,0.5281576830249397,25.0,7.231022417545319,2.5518867416392284,0.6127384288081115,0.38726157119188853
Ryan Rollins,MIL,@MIA,AST,6.5,-114,-114,0.5327102803738317,0.5327102803738317,0.5,0.5,32.92,5.2669443076848985,2.2499634879248007,0.2918344003628024,0.7081655996371976
Ryan Rollins,MIL,@MIA,PTS,17.5,-122,-108,0.5495495495495496,0.5192307692307693,0.5141838223374939,0.48581617766250607,32.92,18.044511404037475,6.597825593210077,0.5328869380371357,0.4671130619628643
Ryan Rollins,MIL,@MIA,REB,3.5,-135,100,0.574468085106383,0.5,0.5346534653465347,0.4653465346534653,32.92,4.367982047200203,3.00722656490233,0.613568526798546,0.386431473201454
Saddiq Bey,NOP,MEM,AST,2.5,118,-165,0.45871559633027525,0.6226415094339622,0.42420361773651355,0.5757963822634864,26.2,3.0662776082754135,1.7782358924938644,0.6249278482184644,0.37507215178153563
Saddiq Bey,NOP,MEM,PTS,13.5,-124,-103,0.5535714285714286,0.5073891625615764,0.5217643644805572,0.47823563551944287,26.2,12.391655725240707,5.306788894894278,0.4172810936816942,0.5827189063183058
Saddiq Bey,NOP,MEM,REB,5.5,-105,-127,0.5121951219512195,0.5594713656387665,0.47794265089231996,0.5220573491076799,26.2,6.1004017949104306,2.547114776186378,0.5931744007117778,0.40682559928822215
Sam Hauser,BOS,DET,AST,0.5,-235,175,0.7014925373134329,0.36363636363636365,0.6585987261146496,0.3414012738853503,17.4,1.6839267924427985,1.2055409922382734,0.8369675531030567,0.1630324468969433
Sam Hauser,BOS,DET,PTS,6.5,-110,-120,0.5238095238095238,0.5454545454545454,0.48987854251012153,0.5101214574898786,17.4,7.314321023225784,3.7145336552857984,0.5867628588576019,0.41323714114239807
Sam Hauser,BOS,DET,REB,3.5,110,-145,0.47619047619047616,0.5918367346938775,0.4458598726114649,0.554140127388535,17.4,2.6646869659423826,1.6892007503862656,0.3104758712380067,0.6895241287619933
Sandro Mamukelashvili,TOR,IND,AST,1.5,-175,135,0.6363636363636364,0.425531914893617,0.599271402550091,0.4007285974499089,20.0,1.4762577414512634,1.3408724271006762,0.49293646758476806,0.5070635324152319
Sandro Mamukelashvili,TOR,IND,PTS,10.5,-105,-130,0.5121951219512195,0.5652173913043478,0.4753937007874017,0.5246062992125985,20.0,9.490156173706055,4.252395159093179,0.40614358251053684,0.5938564174894632
Sandro Mamukelashvili,TOR,IND,REB,5.5,110,-146,0.47619047619047616,0.5934959349593496,0.4451682953311618,0.5548317046688382,20.0,5.08820116519928,2.089260408481896,0.42187359141717595,0.578126408582824
Scottie Barnes,TOR,IND,AST,4.5,-155,115,0.6078431372549019,0.46511627906976744,0.5665108372290693,0.43348916277093075,33.0,4.458350881934166,2.22602903751902,0.4925362048369917,0.5074637951630083
Scottie Barnes,TOR,IND,PTS,19.5,-120,-110,0.5454545454545454,0.5238095238095238,0.5101214574898786,0.48987854251012153,33.0,17.711926460266113,6.59538065843882,0.3931532217586349,0.6068467782413651
Scottie Barnes,TOR,IND,REB,7.5,-140,105,0.5833333333333334,0.4878048780487805,0.5445920303605313,0.4554079696394686,33.0,7.157669216394424,3.0992302458514946,0.45602358916149444,0.5439764108385056
Shaedon Sharpe,POR,SAS,AST,2.5,108,-142,0.4807692307692308,0.5867768595041323,0.45034985856781296,0.5496501414321869,31.4,3.185966195166111,2.0919950886343397,0.6285065448640119,0.3714934551359881
Shaedon Sharpe,POR,SAS,PTS,21.5,-118,-110,0.5412844036697247,0.5238095238095238,0.5082034454470877,0.49179655455291227,31.4,23.279366815090178,6.669195171606599,0.6051898974129327,0.3948101025870673
Shaedon Sharpe,POR,SAS,REB,4.5,-101,-130,0.5024875621890548,0.5652173913043478,0.47062398703403574,0.5293760129659644,31.4,5.5511970788240435,2.9148529554655824,0.640813721725621,0.359186278274379
Shai Gilgeous-Alexander,OKC,MIN,AST,6.5,-132,100,0.5689655172413793,0.5,0.532258064516129,0.4677419354838709,30.6,7.215463069081307,2.2281432753557646,0.6259337599341905,0.37406624006580946
Shai Gilgeous-Alexander,OKC,MIN,PTS,31.5,-102,-130,0.504950495049505,0.5652173913043478,0.4718423169750604,0.5281576830249397,30.6,30.76934566497803,7.132210118684884,0.4592020077015484,0.5407979922984516
Shai Gilgeous-Alexander,OKC,MIN,REB,4.5,105,-140,0.4878048780487805,0.5833333333333334,0.4554079696394686,0.5445920303605313,30.6,4.558443027734756,2.8172348831446943,0.5082753918455511,0.49172460815444885
Sion James,CHA,NYK,AST,1.5,125,-165,0.4444444444444444,0.6226415094339622,0.4165029469548134,0.5834970530451867,27.4,1.4271516881883144,1.8005613228212871,0.4838637293129957,0.5161362706870043
Sion James,CHA,NYK,PTS,4.5,-120,-110,0.5454545454545454,0.5238095238095238,0.5101214574898786,0.48987854251012153,27.4,6.583756989240646,5.24438317955901,0.6544383735261603,0.3455616264738397
Sion James,CHA,NYK,REB,2.5,105,-140,0.4878048780487805,0.5833333333333334,0.4554079696394686,0.5445920303605313,27.4,3.3899330407381054,2.5139140960744717,0.6383316689524562,0.3616683310475438
Stephen Curry,GSW,HOU,AST,3.5,-159,118,0.6138996138996139,0.45871559633027525,0.5723390905188072,0.42766090948119284,33.2,5.82191618680954,2.2873579301889486,0.8449729145852036,0.15502708541479637
Stephen Curry,GSW,HOU,PTS,26.5,-110,-118,0.5238095238095238,0.5412844036697247,0.49179655455291227,0.5082034454470877,33.2,32.199653363227846,7.4483218114957035,0.7779316641478411,0.2220683358521589
Stephen Curry,GSW,HOU,REB,3.5,-135,-105,0.574468085106383,0.5121951219512195,0.5286532951289399,0.4713467048710602,33.2,4.410540062189103,3.0320554337499783,0.6180275710032905,0.38197242899670947
T.J. McConnell,IND,@TOR,AST,3.5,-140,106,0.5833333333333334,0.4854368932038835,0.5457986373959123,0.45420136260408783,18.16,3.821596531867981,1.4779335161390272,0.5861291329164608,0.41387086708353915
T.J. McConnell,IND,@TOR,PTS,9.5,-107,-119,0.5169082125603864,0.54337899543379,0.487517163899638,0.512482836100362,18.16,9.64490219116211,4.075521589248972,0.5141811133771166,0.4858188866228834
T.J. McConnell,IND,@TOR,REB,2.5,-115,-115,0.5348837209302325,0.5348837209302325,0.5,0.5,18.16,3.1273978769779207,1.7834314884813331,0.6375030697684723,0.36249693023152774
Tobias Harris,DET,@BOS,AST,1.5,-120,-110,0.5454545454545454,0.5238095238095238,0.5101214574898786,0.48987854251012153,27.56,2.4227900582551953,1.8351843978982112,0.6924589215864236,0.30754107841357636
Tobias Harris,DET,@BOS,PTS,11.5,100,-132,0.5,0.5689655172413793,0.4677419354838709,0.532258064516129,27.56,12.156252794265747,5.497931422182857,0.5475063442769065,0.4524936557230935
Tobias Harris,DET,@BOS,REB,4.5,-105,-125,0.5121951219512195,0.5555555555555556,0.4796954314720812,0.5203045685279188,27.56,4.311599876284599,2.5597557177035197,0.4706640087174576,0.5293359912825424
Toumani Camara,POR,SAS,AST,2.5,-114,-114,0.5327102803738317,0.5327102803738317,0.5,0.5,34.2,2.385776786506176,2.2499254734611256,0.47975537274723745,0.5202446272527625
Toumani Camara,POR,SAS,PTS,13.5,104,-138,0.49019607843137253,0.5798319327731093,0.4581151832460733,0.5418848167539267,34.2,11.732679069042208,6.58318183179891,0.3941726339572821,0.6058273660427179
Toumani Camara,POR,SAS,REB,5.5,115,-155,0.46511627906976744,0.6078431372549019,0.43348916277093075,0.5665108372290693,34.2,5.069757547974587,3.1325380777027108,0.4453785454243244,0.5546214545756756
Tyler Herro,MIA,MIL,AST,3.5,-162,122,0.6183206106870229,0.45045045045045046,0.5785341998584389,0.421465800141561,27.5,3.6593706905841827,1.878796368306101,0.5338001194150153,0.46619988058498474
Tyler Herro,MIA,MIL,PTS,19.5,-115,-118,0.5348837209302325,0.5412844036697247,0.4970261697065821,0.5029738302934179,27.5,18.774321526288986,5.907661837785097,0.451118153089874,0.548881846910126
Tyler Herro,MIA,MIL,REB,4.5,128,-172,0.43859649122807015,0.6323529411764706,0.40953986991086483,0.5904601300891351,27.5,4.654502756893635,2.5689159236364585,0.5239791977744341,0.47602080222556586
Will Richard,GSW,HOU,AST,1.5,175,-235,0.36363636363636365,0.7014925373134329,0.3414012738853503,0.6585987261146496,16.0,1.009669542312622,1.0767620640738838,0.324419761315347,0.675580238684653
Will Richard,GSW,HOU,PTS,5.5,-135,100,0.574468085106383,0.5,0.5346534653465347,0.4653465346534653,16.0,7.714211463928223,3.62376041445915,0.7294087825694869,0.27059121743051306
Will Richard,GSW,HOU,REB,2.5,105,-140,0.4878048780487805,0.5833333333333334,0.4554079696394686,0.5445920303605313,16.0,2.855327606201172,1.6200857524361325,0.5868021081743564,0.4131978918256436
Yves Missi,NOP,MEM,AST,1.5,115,-155,0.46511627906976744,0.6078431372549019,0.43348916277093075,0.5665108372290693,19.2,1.4147064685821533,1.2900296403421392,0.4736421402025912,0.5263578597974088
Yves Missi,NOP,MEM,PTS,6.5,-106,-125,0.5145631067961165,0.5555555555555556,0.4808467741935484,0.5191532258064516,19.2,7.225514602661132,3.9373864309033655,0.5730964273806156,0.4269035726193844
Yves Missi,NOP,MEM,REB,6.5,-113,-118,0.5305164319248826,0.5412844036697247,0.4949766918501849,0.5050233081498151,19.2,5.735757064819336,2.13186049486859,0.3599896822192954,0.6400103177807046
Zach Edey,MEM,@NOP,AST,1.5,100,-135,0.5,0.574468085106383,0.4653465346534653,0.5346534653465347,25.700000000000003,1.8825687386095526,1.7043348669534621,0.5888034407892324,0.4111965592107676
Zach Edey,MEM,@NOP,PTS,11.5,-105,-125,0.5121951219512195,0.5555555555555556,0.4796954314720812,0.5203045685279188,25.700000000000003,11.643000954389574,5.18854706483022,0.5109938108898746,0.4890061891101254
Zach Edey,MEM,@NOP,REB,8.5,-102,-130,0.504950495049505,0.5652173913043478,0.4718423169750604,0.5281576830249397,25.700000000000003,7.745155254006387,2.6314356908344,0.387111053969056,0.612888946030944
Zach LaVine,SAC,PHX,AST,2.5,-130,-102,0.5652173913043478,0.504950495049505,0.5281576830249397,0.4718423169750604,30.6,2.766320340335369,2.0317429414217627,0.5521438867430236,0.4478561132569764
Zach LaVine,SAC,PHX,PTS,19.5,-120,-110,0.5454545454545454,0.5238095238095238,0.5101214574898786,0.48987854251012153,30.6,17.056246304512026,6.20589768065022,0.3468720149778832,0.6531279850221168
Zach LaVine,SAC,PHX,REB,3.5,100,-135,0.5,0.574468085106383,0.4653465346534653,0.5346534653465347,30.6,3.6935151234269146,2.7932691490637227,0.5276162622068059,0.4723837377931941
Zion Williamson,NOP,MEM,AST,4.5,102,-136,0.49504950495049505,0.576271186440678,0.46209273182957394,0.5379072681704261,29.2,4.881192219257355,2.0299138977232527,0.5744783367726005,0.4255216632273995
Zion Williamson,NOP,MEM,PTS,22.5,-104,-128,0.5098039215686274,0.5614035087719298,0.47591522157996147,0.5240847784200385,29.2,23.995181369781495,6.480052711865173,0.5912400435921626,0.40875995640783735
Zion Williamson,NOP,MEM,REB,5.5,-150,112,0.6,0.4716981132075472,0.5598591549295775,0.44014084507042256,29.2,6.069228100776672,2.762752162227953,0.5816188444953293,0.4183811555046707
